{"type":"FeatureCollection","features":[{"type":"Feature","id":1,"geometry":{"type":"MultiPolygon","coordinates":[[[[-73.243769701390192,5.2922386548930502],[-73.243212701494528,5.2930573338264333],[-73.24399488099354,5.2927914419840656],[-73.244679234214857,5.2925709794611118],[-73.244120074797735,5.2921530272808859],[-73.243828939378332,5.2920574131680951],[-73.243769701390192,5.2922386548930502]]],[[[-73.248456466362015,5.2927550475173781],[-73.247949627849167,5.2929103613897635],[-73.247766035905371,5.2929666205484436],[-73.247586347727278,5.2930216833847252],[-73.247587280264099,5.2930223658113915],[-73.247990568138022,5.2933174900303923],[-73.248715617427806,5.2938480766523908],[-73.249442835983587,5.2947881176197331],[-73.250722580268274,5.2938595435356541],[-73.250070203393179,5.2935571725738724],[-73.248960897086462,5.2926904213233312],[-73.248563219370766,5.292635962663562],[-73.248456466362015,5.2927550475173781]]],[[[-73.234254529100468,5.2935548778981181],[-73.234344483857157,5.2940815714587446],[-73.234486500125641,5.2949130900261787],[-73.234387860767981,5.2954715121779063],[-73.23427567662975,5.2961066122980975],[-73.234180921639876,5.2963751508527057],[-73.234111899438702,5.296570761658943],[-73.234101236486666,5.2966009807392584],[-73.23391609011442,5.2971256895672916],[-73.232914517558243,5.2984272120507541],[-73.232947164594776,5.2993168116013933],[-73.232917047704859,5.3000272826974566],[-73.234234108291631,5.3002225588588621],[-73.234740777148417,5.2990252695773066],[-73.235710296044061,5.2977653960095639],[-73.235862423765255,5.2972884586437026],[-73.236128818851157,5.2965334797604804],[-73.236707859119335,5.295695105743385],[-73.236779515342263,5.2955913567213049],[-73.236821083575094,5.2955311712251723],[-73.23691570010196,5.2953941784996221],[-73.237312511415269,5.2950277304550575],[-73.237386502531393,5.2949594009101784],[-73.237434529287654,5.2949150489970753],[-73.238050129335221,5.2943465514781787],[-73.236886534222236,5.2940178542393852],[-73.236712802567482,5.2939508351832476],[-73.236487529882623,5.2938639334768816],[-73.236374893572602,5.2938204826007311],[-73.235473803867237,5.2934728750406244],[-73.235388188701506,5.2934398477520963],[-73.23536116775098,5.2934294240267574],[-73.235197341300676,5.2933662255576923],[-73.234572226296095,5.2932977374621464],[-73.234353708756416,5.2932737963601681],[-73.234254529100468,5.2935548778981181]]],[[[-73.256464102187834,5.2919065505623584],[-73.2560613064894,5.2924811322912566],[-73.255998641425307,5.2925705228663942],[-73.25585049771891,5.2927818470072845],[-73.254657295265503,5.2937093439383185],[-73.255165533437548,5.2939449004054451],[-73.25612485438306,5.2946206285601196],[-73.256906985606065,5.2956316286603231],[-73.257332352393107,5.296567558734294],[-73.257621812476941,5.2981466439730864],[-73.258480252582004,5.2992634660455185],[-73.258684895575726,5.2997137354049153],[-73.258813443167156,5.2999965742857569],[-73.259079888404443,5.300976872202332],[-73.259314367936767,5.300963524122543],[-73.259923307982334,5.3004168013592459],[-73.260535595056979,5.2998670716385163],[-73.259395812726126,5.2989707906702357],[-73.258688567494517,5.2980565989458173],[-73.258319233450493,5.2972439633177153],[-73.2580320374839,5.2959907217835127],[-73.258127013465611,5.2944655353568528],[-73.257627799218497,5.2937448477792612],[-73.257316103991187,5.2930590300016815],[-73.25703829235627,5.291846735789651],[-73.256685054935787,5.2915285729935295],[-73.256464102187834,5.2919065505623584]]],[[[-73.266874380906856,5.2978657937044105],[-73.268100539565836,5.2987725882492249],[-73.268384047927327,5.2991360536923358],[-73.268421925823759,5.2991846141559433],[-73.26882938676242,5.2997069893708257],[-73.269057672059546,5.3001953840066349],[-73.269061549762341,5.3002036799775141],[-73.26920443737022,5.3005093741189455],[-73.269556642557973,5.3020100790040887],[-73.269459966101707,5.3025575542227452],[-73.269778305124646,5.3023926187244177],[-73.270005238251088,5.3022433897207604],[-73.270160534980647,5.3021180008451001],[-73.270280061175853,5.3019686297485205],[-73.270560894269778,5.3016639790094517],[-73.270632694076085,5.3015085680652998],[-73.27059112138312,5.3013589892259985],[-73.270430297420262,5.301143470294968],[-73.270150241340474,5.3008560253853148],[-73.27001318376135,5.3007182816234595],[-73.269822489716063,5.3005386042732381],[-73.269733528979046,5.3004534600831894],[-73.269621066030496,5.3003458219200343],[-73.269572195800137,5.3002990482625201],[-73.269529555344633,5.3002454783462039],[-73.269405399439606,5.3000895008298858],[-73.269371007565866,5.3000345000922042],[-73.269166880347157,5.2997947992906385],[-73.26896423611052,5.2994042273232944],[-73.268915286910882,5.299309883944038],[-73.26889831310659,5.2992771693059888],[-73.268775552050016,5.2987822157267175],[-73.268641764405814,5.2981410638591324],[-73.268597918858788,5.2980681639147527],[-73.268350708718145,5.2976571368674437],[-73.268183727996572,5.297383240244419],[-73.268158855099216,5.2973424420790156],[-73.267662677566051,5.2971510664589676],[-73.266874380906856,5.2978657937044105]]]]},"properties":{"OBJECTID":1,"gridcode":1,"Shape_Length":7562.1830870243602,"Shape_Area":429056.26412366814,"Categoria":"Muy Baja"}},{"type":"Feature","id":2,"geometry":{"type":"MultiPolygon","coordinates":[[[[-73.233720645091623,5.2851169183112114],[-73.233627221718848,5.2851206621888398],[-73.233598921844518,5.2851382957273669],[-73.233755839478377,5.2851155077326366],[-73.233720645091623,5.2851169183112114]]],[[[-73.224493290632822,5.2956601077278362],[-73.222853466813987,5.2972568756043774],[-73.2225832917715,5.2975199578443473],[-73.222554094362721,5.2977124453842102],[-73.223757599003548,5.2982860145685891],[-73.224295253169373,5.2988710207839107],[-73.2246077151637,5.299211001242643],[-73.224528867844995,5.2982690188445174],[-73.224412762756359,5.29688192612611],[-73.224624274692005,5.295487460390544],[-73.224620854206037,5.2953942156963567],[-73.224493290632822,5.2956601077278362]]],[[[-73.219879912536129,5.3074738614337109],[-73.219742320257325,5.3075121560789293],[-73.219840917771307,5.3076115567638267],[-73.219879912536129,5.3074738614337109]]],[[[-73.219879912536129,5.3074738614337109],[-73.220437055776145,5.30737912856205],[-73.220775503612614,5.3073215809049268],[-73.220888319557503,5.3073023983065397],[-73.220989611329301,5.3072851751951795],[-73.221818389852316,5.3063607628174658],[-73.222079940425488,5.3059511410782596],[-73.222920597961661,5.3050460767742731],[-73.222924488539221,5.3050418881101615],[-73.223130007117035,5.3048206230581281],[-73.223150706793007,5.3047983373936418],[-73.223234711636309,5.304707896153702],[-73.223405208123523,5.3045243361921122],[-73.22451507175812,5.3040175955011533],[-73.224844522231493,5.3039569355556555],[-73.225695653052952,5.3038002204903654],[-73.226389453544499,5.303843672600685],[-73.227409619687833,5.3042138920362429],[-73.228245936287507,5.304905721212986],[-73.228270567404152,5.3049484087713621],[-73.228531873121355,5.3054012707404867],[-73.228597199598781,5.3055144862344115],[-73.22867356596312,5.3056468346065273],[-73.228786285100469,5.3058421848530894],[-73.228980829598285,5.3069037621124409],[-73.22894027681609,5.3075543896097077],[-73.229950432057777,5.3079469649109079],[-73.230532489957653,5.3083569874808356],[-73.230755940232342,5.3082670200205033],[-73.23064890901486,5.3080069878592546],[-73.230419982300518,5.3074508103397138],[-73.230287244015074,5.3071017251075379],[-73.230163119109164,5.3067752917886732],[-73.2299794931251,5.3059738196516824],[-73.229861658102649,5.3055277294534795],[-73.229756271746552,5.3049526660512223],[-73.229737087251138,5.3048479817003926],[-73.229765784739286,5.3043875517436678],[-73.229780432767271,5.304152534004305],[-73.230021872929981,5.3034840584897198],[-73.230149771422631,5.3031299449299683],[-73.230372927617381,5.3028588990647174],[-73.230839958915382,5.3022916408210978],[-73.230923294427328,5.3022433264197275],[-73.231774202001972,5.3017500049928206],[-73.232842690986629,5.3015532552594911],[-73.232857374270992,5.3015548611008052],[-73.234443788833687,5.3017283577237224],[-73.235459583608758,5.3020041738690313],[-73.235748688407114,5.3004756966743907],[-73.2360872646871,5.2996662449261178],[-73.237104557995025,5.2985406505866681],[-73.237127743137606,5.2984180678479138],[-73.237235684484531,5.2978473672596147],[-73.237636838306898,5.2968882857574249],[-73.238586663470201,5.2958225584897702],[-73.238649366464372,5.295752203959128],[-73.238850465054227,5.2956356099562774],[-73.239573199342786,5.2952165782095681],[-73.240205099130421,5.2951002089330004],[-73.240604945549123,5.2950265737178501],[-73.241416609498245,5.2950773811294436],[-73.241445486734463,5.2950902196764016],[-73.242636286028613,5.2956196363829164],[-73.243363202036321,5.2948087562423076],[-73.24344888756049,5.2947131731679589],[-73.244311953187562,5.2942127705004154],[-73.245343698792141,5.2940227570674043],[-73.246037497279474,5.2940661839632632],[-73.247057673476917,5.2944363696487242],[-73.247894009489869,5.2951281753526471],[-73.248434391711854,5.2960646291307834],[-73.248709536937085,5.2975657489516488],[-73.249323877373271,5.2970913026435706],[-73.24978556231828,5.2965762823728264],[-73.249824713992055,5.2965326077035728],[-73.249898678121866,5.2964500988416097],[-73.250100050721286,5.2962254624079064],[-73.25088110444382,5.2955298926891956],[-73.251751844876793,5.2950250258741285],[-73.252609384208853,5.2948670855505693],[-73.252783593726278,5.2948349997355475],[-73.253477396368936,5.2948784187616544],[-73.254497582208089,5.2952485940795082],[-73.255333930603967,5.2959403928092801],[-73.255874326474668,5.2968768440032123],[-73.256063902697903,5.2979110561358365],[-73.256008367262879,5.2988028107105976],[-73.256958098047335,5.299658230408097],[-73.257319061989264,5.3002837409449981],[-73.257442832496253,5.3004982212953742],[-73.257632411477317,5.3015324340584407],[-73.25758358236051,5.3023165040990206],[-73.257582528902844,5.3023190229026245],[-73.257549752777535,5.302397390177271],[-73.257084175425248,5.303510576033843],[-73.256103910965592,5.3043835518004272],[-73.254536457323184,5.3049824750805277],[-73.254380784850937,5.3052487670603945],[-73.253980566275487,5.3059333758474523],[-73.254644365082939,5.3060595086944478],[-73.256191999963036,5.3055874886516214],[-73.256474561178536,5.3051449070711545],[-73.256477669683818,5.3051416564182725],[-73.256527335367423,5.3050897195844877],[-73.256585466085156,5.3050289306010772],[-73.256640430094919,5.304971453116698],[-73.256693262446731,5.3049162047518079],[-73.256753524778716,5.3048531866136379],[-73.256801058768673,5.3048034788704328],[-73.256866619418872,5.3047349200752567],[-73.256908855050881,5.3046907529569864],[-73.257986815689449,5.3035634920578199],[-73.257997563416495,5.3035522527491841],[-73.25856700107974,5.3029567689874],[-73.258676720916654,5.3028872554530118],[-73.258788964429598,5.3028161429891547],[-73.258854337362536,5.3027747256063886],[-73.259014890402213,5.3026730062796688],[-73.259031953754061,5.3026621956871693],[-73.259127853355523,5.3026014378809059],[-73.25920957009123,5.3025496656953255],[-73.259240816286848,5.302529869452707],[-73.259270707409016,5.3025109317231056],[-73.259875879328476,5.3023254809889524],[-73.260210260429318,5.3022230118916021],[-73.26303055770174,5.2995118523316611],[-73.26369305054331,5.2991277192410635],[-73.264724808199304,5.2989376742458258],[-73.265114429288062,5.2989620504155095],[-73.265227171695557,5.2989691039619524],[-73.265418621408699,5.2989810816572191],[-73.266438825881053,5.2993512417856703],[-73.267275197524711,5.3000430304668562],[-73.267815615490093,5.3009794781897872],[-73.268005212454355,5.3020136934715003],[-73.267956396147085,5.3027977686050294],[-73.267603801840366,5.3036408535640378],[-73.267789910376024,5.303532364626987],[-73.26799299887773,5.3033651662694341],[-73.268219955386584,5.3031920126013876],[-73.268500650884278,5.3029950116105704],[-73.268757383946053,5.3028697567339291],[-73.268978284420257,5.302768368065756],[-73.269199175901221,5.3026729589899118],[-73.26945589367449,5.3025596641972133],[-73.269459966101707,5.3025575542227452],[-73.269556642557973,5.3020100790040887],[-73.26920443737022,5.3005093741189455],[-73.269061549762341,5.3002036799775141],[-73.269057672059546,5.3001953840066349],[-73.26882938676242,5.2997069893708257],[-73.268421925823759,5.2991846141559433],[-73.268384047927327,5.2991360536923358],[-73.268100539565836,5.2987725882492249],[-73.266874380906856,5.2978657937044105],[-73.267662677566051,5.2971510664589676],[-73.268158855099216,5.2973424420790156],[-73.268138013658358,5.2973082565708074],[-73.267882616989127,5.2970399177580738],[-73.267645070963212,5.2967903334072863],[-73.267440217092314,5.2965844507119177],[-73.267253439594469,5.2963967370198652],[-73.267219327409961,5.2963624539641678],[-73.266897650705928,5.2960114557641438],[-73.266827239185687,5.2959346248831176],[-73.266726528270027,5.2958723198409672],[-73.265629983778865,5.2970314500444253],[-73.265236026792309,5.2976580258511552],[-73.264323173540603,5.2984371760646134],[-73.263327361391703,5.2988005716822215],[-73.262611307154714,5.2988562218552344],[-73.26156413900722,5.2986617107943408],[-73.260718928512688,5.2981700738153465],[-73.260630172599264,5.2981184467115847],[-73.260494013828591,5.2979525036710164],[-73.259942419947919,5.2972802495787867],[-73.259680981506946,5.2965603964714623],[-73.259639888954609,5.2964472508155316],[-73.259584140296454,5.2962937504933318],[-73.259528625464014,5.295575993883789],[-73.259671165962928,5.2948049625465226],[-73.2598976536066,5.2941920600490642],[-73.258999581785957,5.2931778117258306],[-73.258587157482239,5.2921884187654484],[-73.258532152430263,5.2914772522703757],[-73.258559978904756,5.2911419000626871],[-73.257659703738994,5.2903599939811645],[-73.257131877976235,5.2891590424083557],[-73.257068155267859,5.2883351529866784],[-73.257194206305272,5.2876533092651599],[-73.256886365313449,5.287656026404548],[-73.255234308471358,5.2876706096923103],[-73.255578920640403,5.2884973358679659],[-73.255633424323108,5.2892020603180354],[-73.255650911660737,5.2894281693532808],[-73.255658798228893,5.2895301417298164],[-73.25544558796895,5.2906834345266986],[-73.254903618582858,5.2916196203862862],[-73.254067417432225,5.2923090030381559],[-73.253856713219662,5.2923858916314988],[-73.253179458416611,5.292633029668675],[-73.253083272974948,5.2926681287540456],[-73.252367229811213,5.292723769109025],[-73.252219709476549,5.2926963651128096],[-73.251939064820007,5.2926442312864888],[-73.251320078535187,5.2925292451297485],[-73.251213875574877,5.2924674670952347],[-73.25058746427149,5.2921030844541788],[-73.250386135327375,5.2919859714773603],[-73.250129508580798,5.2916731979907157],[-73.249859398575367,5.2913439909323836],[-73.24980056810189,5.2912410380082937],[-73.249788613126981,5.2912201168810835],[-73.249324256550508,5.2904074950763968],[-73.248444296339258,5.2911585476716851],[-73.247996184500721,5.2913220656125315],[-73.247979826891438,5.291328034565999],[-73.247448496781459,5.2915219186030038],[-73.246732456614396,5.2915775527132061],[-73.245685312053695,5.2913830204200005],[-73.245065279800485,5.2910223409062507],[-73.244751377960796,5.2908397404509468],[-73.244063656478303,5.2900015352190159],[-73.2437054045689,5.289015036435786],[-73.243650260050472,5.2883018386975928],[-73.243700756106065,5.2880155323665052],[-73.243189401869358,5.2879866270812421],[-73.242508668140474,5.2877638910907789],[-73.241630540417049,5.2873154873199226],[-73.241597327554587,5.2872985279047979],[-73.241573059349122,5.2872800666218556],[-73.24139971502477,5.2871482044261642],[-73.241001713758067,5.2868454458607319],[-73.240768026723003,5.286667682267792],[-73.240190229395523,5.2863656980186002],[-73.239344306394557,5.2859235787102836],[-73.239258395058869,5.2858771251293213],[-73.239153714872018,5.2858205226990043],[-73.238661669700235,5.2855544681642179],[-73.238540888549295,5.2854891600586482],[-73.238405465439811,5.2854159347976113],[-73.238272367575675,5.2853439683495038],[-73.237785950361257,5.2852017819367472],[-73.237375259660411,5.2851734703794566],[-73.237020227101752,5.2851489944306103],[-73.236787622850471,5.285132958619287],[-73.235632120825684,5.285153885843207],[-73.235610136190715,5.2851517988267558],[-73.234892210897698,5.2850836457205927],[-73.235448940927142,5.2851942337514428],[-73.235609921160048,5.2852277629679989],[-73.236010141970667,5.2853111214049049],[-73.236692025276355,5.2854465712384524],[-73.237474704665217,5.2857673998399539],[-73.238125458116244,5.2860268267546004],[-73.238651638698713,5.2861996368146222],[-73.239017191513014,5.2863196926551836],[-73.239614856678074,5.2865646803635258],[-73.2402455984802,5.2867207090904111],[-73.241329523271489,5.2871944647168956],[-73.242146233152823,5.2878591501199077],[-73.242693889529178,5.2887899126460765],[-73.2428840710147,5.2897813436145587],[-73.242868400999512,5.2904572526717519],[-73.242494526765654,5.2915421385292882],[-73.241809722346929,5.2923875998446244],[-73.240881177645377,5.2929365666906358],[-73.239881433581246,5.2931292542428405],[-73.239872395170266,5.293129043656478],[-73.239226543866152,5.2931139955957756],[-73.238745196873353,5.2929888813211301],[-73.237540759949255,5.292675815947673],[-73.237211402870287,5.2925408091169892],[-73.237055256535001,5.2924768030670757],[-73.23659554753938,5.2922883631722675],[-73.235482876933389,5.2919229291656169],[-73.234581143164363,5.2916106732576322],[-73.233541347746396,5.2920581199523751],[-73.233222460195606,5.2921195769635672],[-73.232780221458711,5.2922048062928964],[-73.232045231215849,5.2921876734773301],[-73.23161027499971,5.2921953313891583],[-73.231795924937018,5.2924123465447668],[-73.231892854127281,5.2925256516824364],[-73.232382052796936,5.2930974986045722],[-73.232757095075527,5.2937349199261172],[-73.232947258609585,5.294726349020328],[-73.232931577693734,5.2954022540873158],[-73.232557680562607,5.2964871270042808],[-73.232307101862276,5.2967964775623191],[-73.231904027892583,5.2972940892321176],[-73.231114564128987,5.297809698680596],[-73.231276484932849,5.2982883421975604],[-73.231287924979696,5.2983221593586691],[-73.231347843582398,5.2984992807212148],[-73.231468863776044,5.2991302375237135],[-73.231453179560901,5.2998061418875766],[-73.231430763584143,5.2998711811688421],[-73.231395990959967,5.2999720728468711],[-73.231391846338312,5.2999840983329438],[-73.23131401178631,5.30020993263836],[-73.231079274939091,5.300891012016308],[-73.230489218443083,5.3016194515126651],[-73.230394444666501,5.3017364518417178],[-73.230304806917943,5.3017894432330728],[-73.229465878860495,5.3022853933722986],[-73.228476798339955,5.3024759999521986],[-73.227697877607412,5.3024578318382423],[-73.227329965260608,5.3023070145778339],[-73.226992079236723,5.3021685056951311],[-73.226879450606944,5.3021223360375478],[-73.226654193414888,5.3020299966775637],[-73.226504607722887,5.3019686771743197],[-73.226091803430563,5.301535529227106],[-73.225979379990903,5.3014175652623674],[-73.225642109924394,5.3010636733286773],[-73.225024786813975,5.3004159251605047],[-73.225033836341467,5.3009330661317611],[-73.22502480183482,5.3013221986701451],[-73.22501781887982,5.3016229644307735],[-73.224963595668228,5.3017476054890649],[-73.224460969200877,5.3029029721927374],[-73.224411859118462,5.3030158591511158],[-73.224389445854285,5.3030673794102317],[-73.22428297097774,5.3031693352521101],[-73.224207786179861,5.3032413289989053],[-73.22416990103855,5.3032776061778542],[-73.224090101316818,5.303354018926826],[-73.224056831060551,5.3033858770693207],[-73.223972416411698,5.3034667088176972],[-73.223604550760058,5.3038189602923449],[-73.223030935656027,5.3043682266074237],[-73.222473847289805,5.3049016659499033],[-73.222026256798586,5.3053302544672141],[-73.221106652479861,5.3062841638980993],[-73.220973325885666,5.3064224636944788],[-73.219935329157536,5.3074163758873629],[-73.219879912536129,5.3074738614337109]],[[-73.237312511415269,5.2950277304550575],[-73.23691570010196,5.2953941784996221],[-73.236821083575094,5.2955311712251723],[-73.236779515342263,5.2955913567213049],[-73.236707859119335,5.295695105743385],[-73.236128818851157,5.2965334797604804],[-73.235862423765255,5.2972884586437026],[-73.235710296044061,5.2977653960095639],[-73.234740777148417,5.2990252695773066],[-73.234234108291631,5.3002225588588621],[-73.232917047704859,5.3000272826974566],[-73.232947164594776,5.2993168116013933],[-73.232914517558243,5.2984272120507541],[-73.23391609011442,5.2971256895672916],[-73.234101236486666,5.2966009807392584],[-73.234111899438702,5.296570761658943],[-73.234180921639876,5.2963751508527057],[-73.23427567662975,5.2961066122980975],[-73.234387860767981,5.2954715121779063],[-73.234486500125641,5.2949130900261787],[-73.234344483857157,5.2940815714587446],[-73.234254529100468,5.2935548778981181],[-73.234353708756416,5.2932737963601681],[-73.234572226296095,5.2932977374621464],[-73.235197341300676,5.2933662255576923],[-73.23536116775098,5.2934294240267574],[-73.235388188701506,5.2934398477520963],[-73.235473803867237,5.2934728750406244],[-73.236374893572602,5.2938204826007311],[-73.236487529882623,5.2938639334768816],[-73.236712802567482,5.2939508351832476],[-73.236886534222236,5.2940178542393852],[-73.238050129335221,5.2943465514781787],[-73.237434529287654,5.2949150489970753],[-73.237386502531393,5.2949594009101784],[-73.237312511415269,5.2950277304550575]],[[-73.248715617427806,5.2938480766523908],[-73.247990568138022,5.2933174900303923],[-73.247587280264099,5.2930223658113915],[-73.247586347727278,5.2930216833847252],[-73.247766035905371,5.2929666205484436],[-73.247949627849167,5.2929103613897635],[-73.248456466362015,5.2927550475173781],[-73.248563219370766,5.292635962663562],[-73.248960897086462,5.2926904213233312],[-73.250070203393179,5.2935571725738724],[-73.250722580268274,5.2938595435356541],[-73.249442835983587,5.2947881176197331],[-73.248715617427806,5.2938480766523908]],[[-73.24399488099354,5.2927914419840656],[-73.243212701494528,5.2930573338264333],[-73.243769701390192,5.2922386548930502],[-73.243828939378332,5.2920574131680951],[-73.244120074797735,5.2921530272808859],[-73.244679234214857,5.2925709794611118],[-73.24399488099354,5.2927914419840656]],[[-73.25612485438306,5.2946206285601196],[-73.255165533437548,5.2939449004054451],[-73.254657295265503,5.2937093439383185],[-73.25585049771891,5.2927818470072845],[-73.255998641425307,5.2925705228663942],[-73.2560613064894,5.2924811322912566],[-73.256464102187834,5.2919065505623584],[-73.256685054935787,5.2915285729935295],[-73.25703829235627,5.291846735789651],[-73.257316103991187,5.2930590300016815],[-73.257627799218497,5.2937448477792612],[-73.258127013465611,5.2944655353568528],[-73.2580320374839,5.2959907217835127],[-73.258319233450493,5.2972439633177153],[-73.258688567494517,5.2980565989458173],[-73.259395812726126,5.2989707906702357],[-73.260535595056979,5.2998670716385163],[-73.259923307982334,5.3004168013592459],[-73.259314367936767,5.300963524122543],[-73.259079888404443,5.300976872202332],[-73.258813443167156,5.2999965742857569],[-73.258684895575726,5.2997137354049153],[-73.258480252582004,5.2992634660455185],[-73.257621812476941,5.2981466439730864],[-73.257332352393107,5.296567558734294],[-73.256906985606065,5.2956316286603231],[-73.25612485438306,5.2946206285601196]]],[[[-73.249642418556704,5.3098194992523018],[-73.250482253027457,5.3095813845697526],[-73.250596231335038,5.3092651399001278],[-73.250032716155019,5.3093337762693693],[-73.249642418556704,5.3098194992523018]]],[[[-73.249642418556704,5.3098194992523018],[-73.249504827069615,5.3098578009731074],[-73.24960342773683,5.309957198598851],[-73.249642418556704,5.3098194992523018]]],[[[-73.238407262198379,5.3093547193006048],[-73.238525911241581,5.3108895115997612],[-73.238988288221009,5.3098587457002635],[-73.23909604075034,5.3094172511786413],[-73.238481557503675,5.3088835305445459],[-73.238407262198379,5.3093547193006048]]],[[[-73.210287167177768,5.3078753800108531],[-73.210061151943691,5.3080468010355411],[-73.209835136596652,5.3082182219343377],[-73.209380618021044,5.3085629500202014],[-73.208557302645517,5.3090735821080868],[-73.207801625269411,5.3095422621390567],[-73.207650348936781,5.3096360852775444],[-73.207623581962665,5.3096526864224156],[-73.207033108032405,5.3104254817478074],[-73.20654641358604,5.3110624510713267],[-73.206359793034537,5.3112869534859168],[-73.206816692127731,5.3117663988946111],[-73.207973016427758,5.3107725997010178],[-73.208264814682224,5.3105420844362152],[-73.208407366319477,5.3104294711247171],[-73.209083128973489,5.3098956291907307],[-73.20962441714083,5.3091001731756782],[-73.21000629524741,5.308399621115095],[-73.21012932507432,5.3081739234436256],[-73.210287141137059,5.3078844102018694],[-73.210295514764212,5.3078690487883602],[-73.210287167177768,5.3078753800108531]]],[[[-73.224371337288247,5.3129622045051663],[-73.224324763730252,5.3130180771621598],[-73.224254704117698,5.3130482938902546],[-73.223464392111822,5.3133891548018095],[-73.223151609756158,5.3135240571399978],[-73.222918233611466,5.3148152513575626],[-73.223406744365747,5.314430003171366],[-73.224659467093815,5.3137658964242309],[-73.224704130448544,5.3136149414963878],[-73.224805070823393,5.3132737788751436],[-73.2247602537294,5.3128201427629547],[-73.224600959245706,5.312686734881515],[-73.224371337288247,5.3129622045051663]]],[[[-73.211342596225833,5.3162612518087382],[-73.21218018730886,5.3161683487452329],[-73.212841088996157,5.3160950426802884],[-73.213366459988876,5.3161073128935747],[-73.213382412733878,5.3160952522563898],[-73.213759889983407,5.3158098705837489],[-73.213822211288715,5.3157627541555774],[-73.214458145495342,5.3153868447835739],[-73.214663319402803,5.3153473127785729],[-73.215340267414021,5.3152168808640283],[-73.215665036834636,5.3151543051558665],[-73.215835180395871,5.3142939136515697],[-73.215879494386868,5.3140698234275021],[-73.215972369935102,5.3138422005900567],[-73.216240238301879,5.3131856973918978],[-73.216765683210994,5.3124957331945346],[-73.216894911585044,5.3118103722427907],[-73.216958812350597,5.3114714742982203],[-73.217106913287793,5.3106860176614425],[-73.217223763326402,5.3102344208814483],[-73.217053120421099,5.3101783698412071],[-73.21699770328658,5.3102358549511868],[-73.216430675930837,5.3105710369309085],[-73.216021986369455,5.3108470024454792],[-73.215080911037404,5.312573420751078],[-73.214033319263095,5.3138665877413587],[-73.213602523556588,5.3145210769567326],[-73.213085389601545,5.3150912767351608],[-73.212746024826473,5.3154654645028891],[-73.212555127610997,5.315675949766776],[-73.21218108702115,5.3158565036379084],[-73.211342596225833,5.3162612518087382]]],[[[-73.229651969320372,5.3208392798941615],[-73.231289944261647,5.3194299994627645],[-73.231638000700343,5.3192026941188768],[-73.231622712868784,5.3183294691436673],[-73.230939620183065,5.3188789485120465],[-73.230502532354791,5.3195430270884518],[-73.229732301115391,5.3204330101139048],[-73.229651969320372,5.3208392798941615]]],[[[-73.229651969320372,5.3208392798941615],[-73.229514373671165,5.3208775776381767],[-73.229612974696622,5.3209769745061131],[-73.229651969320372,5.3208392798941615]]],[[[-73.220368488979034,5.3193915076772864],[-73.2203021421643,5.3195060894257757],[-73.219836116773138,5.3203109190231492],[-73.219835413818103,5.3203121330296748],[-73.219836109664101,5.320313391645449],[-73.219889033406091,5.320409117778393],[-73.22034732419111,5.3212380530072831],[-73.220395844366678,5.3209757199835357],[-73.220398056694236,5.3209637586278538],[-73.220437632374725,5.3207497852809365],[-73.220487252738792,5.320481503056774],[-73.220512360802999,5.3204277223059702],[-73.220572892512422,5.3202980650669955],[-73.220994467727621,5.3193950603326039],[-73.221147596119891,5.3190670617082345],[-73.221253032329869,5.3186969851944585],[-73.221088493134133,5.3185540633053243],[-73.220368488979034,5.3193915076772864]]],[[[-73.195921968004811,5.3256015788198265],[-73.197682092611785,5.3239709433401794],[-73.19733579332717,5.3237419163102242],[-73.196707015119358,5.3232301139975222],[-73.196608110684068,5.3230540593732556],[-73.196102293018427,5.3221536785310404],[-73.195925473168103,5.3220214922944038],[-73.195649972725334,5.3218155346623979],[-73.194836163433251,5.3211078412033874],[-73.194241462777171,5.3198699602665371],[-73.193535314437227,5.3201099200825537],[-73.192523958863262,5.3203047416318441],[-73.191933585335647,5.3209597213650444],[-73.192516745849872,5.3212454217505751],[-73.192946500074825,5.3212378917800853],[-73.19343889779185,5.3212494092954534],[-73.194521182771012,5.3216242711463533],[-73.195364586442039,5.322310774902272],[-73.195467429646285,5.3224855878137101],[-73.195912173611532,5.3232415628415417],[-73.195962546147427,5.3235042737118627],[-73.196124538011219,5.3243491193010417],[-73.195921968004811,5.3256015788198265]]],[[[-73.195921968004811,5.3256015788198265],[-73.195809206196145,5.325601248382946],[-73.195808546827763,5.3258272987977771],[-73.195921308677583,5.3258276292487619],[-73.195921968004811,5.3256015788198265]]],[[[-73.195808546827763,5.3258272987977771],[-73.195670950400853,5.3258655878929613],[-73.195769541258471,5.3259649885956062],[-73.195808546827763,5.3258272987977771]]],[[[-73.21332461083567,5.3283957850493167],[-73.21342656145913,5.3282020871171651],[-73.213280186542804,5.328138798325436],[-73.21332461083567,5.3283957850493167]]],[[[-73.199513890872254,5.3312634133831223],[-73.199651488665808,5.3312251237608619],[-73.199552896419561,5.3311257232009419],[-73.199513890872254,5.3312634133831223]]],[[[-73.199513890872254,5.3312634133831223],[-73.198600129149895,5.3320769490919186],[-73.198854487245256,5.3322190279746904],[-73.199405619363532,5.3318355519880951],[-73.199513890872254,5.3312634133831223]]]]},"properties":{"OBJECTID":2,"gridcode":2,"Shape_Length":37930.156458894438,"Shape_Area":2535187.3256954774,"Categoria":"Baja"}},{"type":"Feature","id":3,"geometry":{"type":"MultiPolygon","coordinates":[[[[-73.250129508580798,5.2916731979907157],[-73.250386135327375,5.2919859714773603],[-73.25058746427149,5.2921030844541788],[-73.251213875574877,5.2924674670952347],[-73.251320078535187,5.2925292451297485],[-73.251939064820007,5.2926442312864888],[-73.252219709476549,5.2926963651128096],[-73.252367229811213,5.292723769109025],[-73.253083272974948,5.2926681287540456],[-73.253179458416611,5.292633029668675],[-73.253856713219662,5.2923858916314988],[-73.254067417432225,5.2923090030381559],[-73.254903618582858,5.2916196203862862],[-73.25544558796895,5.2906834345266986],[-73.255658798228893,5.2895301417298164],[-73.255650911660737,5.2894281693532808],[-73.255633424323108,5.2892020603180354],[-73.255578920640403,5.2884973358679659],[-73.255234308471358,5.2876706096923103],[-73.254643682759706,5.2876758222814138],[-73.253970061205735,5.287698786738332],[-73.253995851065653,5.2878962959204978],[-73.254376090636455,5.2886024233252069],[-73.254384247937821,5.2887464243826328],[-73.254451751834111,5.2899380773169051],[-73.254185678355483,5.2905149086221934],[-73.253609325369297,5.2911578628394063],[-73.253057850709865,5.2914562434906349],[-73.252024833050399,5.2915150397075621],[-73.251488211578021,5.2912663249459948],[-73.250846795765241,5.2906885871588791],[-73.250652594014767,5.2903279399037029],[-73.250546830194679,5.2900952214647585],[-73.250118019313177,5.2893955233804952],[-73.249957847196939,5.2881687964408686],[-73.249922904464029,5.2879011770485818],[-73.24924601400761,5.2879524616103222],[-73.249081561172048,5.287964921253054],[-73.248966951073555,5.2882822875441562],[-73.248764379776205,5.2891440172068087],[-73.247997939703922,5.2899990132891128],[-73.247423084879159,5.2903100367151703],[-73.246420239077494,5.2903671072337257],[-73.246390071724491,5.2903688239887758],[-73.245853454952041,5.2901201054098692],[-73.245212047126273,5.2895423638927666],[-73.244914385924801,5.2889895720741995],[-73.244863835237325,5.2880969640606557],[-73.244868906532886,5.2880701487857609],[-73.244412100338124,5.2880557417790826],[-73.243700756106065,5.2880155323665052],[-73.243650260050472,5.2883018386975928],[-73.2437054045689,5.289015036435786],[-73.244063656478303,5.2900015352190159],[-73.244751377960796,5.2908397404509468],[-73.245065279800485,5.2910223409062507],[-73.245685312053695,5.2913830204200005],[-73.246732456614396,5.2915775527132061],[-73.247448496781459,5.2915219186030038],[-73.247979826891438,5.291328034565999],[-73.247996184500721,5.2913220656125315],[-73.248444296339258,5.2911585476716851],[-73.249324256550508,5.2904074950763968],[-73.249788613126981,5.2912201168810835],[-73.24980056810189,5.2912410380082937],[-73.249859398575367,5.2913439909323836],[-73.250129508580798,5.2916731979907157]]],[[[-73.260494013828591,5.2979525036710164],[-73.260630172599264,5.2981184467115847],[-73.260718928512688,5.2981700738153465],[-73.26156413900722,5.2986617107943408],[-73.262611307154714,5.2988562218552344],[-73.263327361391703,5.2988005716822215],[-73.264323173540603,5.2984371760646134],[-73.265236026792309,5.2976580258511552],[-73.265629983778865,5.2970314500444253],[-73.266726528270027,5.2958723198409672],[-73.26649169673432,5.2957270406704398],[-73.266298540345289,5.2956075423542366],[-73.266244345400196,5.2955740138297154],[-73.26569726638354,5.2952362981973193],[-73.265620620346184,5.2953218032964724],[-73.264844514421796,5.2960129991803422],[-73.264221235825573,5.2969893056688946],[-73.263365259708806,5.2975850775814157],[-73.262268890872633,5.2976474906791138],[-73.261732257040862,5.297398781749366],[-73.261090823771312,5.296821049462876],[-73.260793144591048,5.2962682595881256],[-73.260735120352862,5.2952440881398477],[-73.261171158649645,5.2942046021100504],[-73.261704670675982,5.2935184979983312],[-73.26084082713858,5.2933144722933108],[-73.260087673935246,5.2926361146691523],[-73.25978999659003,5.2920833251932953],[-73.259764853504848,5.2916395351902796],[-73.259597304172189,5.2915300548682067],[-73.259755144492473,5.2914681658234173],[-73.25973133020652,5.2910478314367646],[-73.259897906318784,5.2906866979324532],[-73.260020488203793,5.2904620821575099],[-73.259297550060765,5.2901811674977521],[-73.258630333181642,5.2895802074399096],[-73.258332657932499,5.2890274181198658],[-73.258273992639587,5.2879919250222542],[-73.258435235286129,5.2876423538442472],[-73.257194206305272,5.2876533092651599],[-73.257068155267859,5.2883351529866784],[-73.257131877976235,5.2891590424083557],[-73.257659703738994,5.2903599939811645],[-73.258559978904756,5.2911419000626871],[-73.258532152430263,5.2914772522703757],[-73.258587157482239,5.2921884187654484],[-73.258999581785957,5.2931778117258306],[-73.2598976536066,5.2941920600490642],[-73.259671165962928,5.2948049625465226],[-73.259528625464014,5.295575993883789],[-73.259584140296454,5.2962937504933318],[-73.259639888954609,5.2964472508155316],[-73.259680981506946,5.2965603964714623],[-73.259942419947919,5.2972802495787867],[-73.260494013828591,5.2979525036710164]]],[[[-73.237182523525078,5.3111579267416378],[-73.237405699567361,5.3119845486164152],[-73.237493685820397,5.312773764470931],[-73.237506290910048,5.312886829220103],[-73.23750747780123,5.312897475361809],[-73.23869026087992,5.3130368089725941],[-73.239433219823042,5.3120058935386485],[-73.239736015336078,5.3110081133931732],[-73.240110325745363,5.3103401134218862],[-73.240222772737226,5.3097320066355573],[-73.240500477354843,5.3088121888599833],[-73.239710364585449,5.3083129972405239],[-73.238546796630132,5.3072405938314215],[-73.238373608629033,5.3071877903668208],[-73.238033006669355,5.3075817920510406],[-73.237296692218919,5.3081085789365421],[-73.237261702057978,5.3090431534213334],[-73.237236313858233,5.3097212534265728],[-73.237231493505263,5.3098500005731415],[-73.237227851058208,5.309947286754193],[-73.237182523525078,5.3111579267416378]],[[-73.23909604075034,5.3094172511786413],[-73.238988288221009,5.3098587457002635],[-73.238525911241581,5.3108895115997612],[-73.238407262198379,5.3093547193006048],[-73.238481557503675,5.3088835305445459],[-73.23909604075034,5.3094172511786413]]],[[[-73.205818712763332,5.3117786135922218],[-73.205521980169721,5.3121164937690484],[-73.205506675521733,5.312133920678396],[-73.205538819860024,5.3121676512652574],[-73.205726725863812,5.3123648299118269],[-73.205959353484161,5.3128490315197752],[-73.205933703926561,5.3139521982710711],[-73.205544488413793,5.3147041478790955],[-73.205449010467859,5.3153940589306323],[-73.205448275909703,5.3153993667375738],[-73.205455272617868,5.315394077149068],[-73.205529643332412,5.3153378520558636],[-73.205642652189212,5.3152524160506758],[-73.205753134611285,5.3151688900084313],[-73.206100594157633,5.3149062060760857],[-73.206309807768818,5.3142662941151331],[-73.206376779695134,5.3140614497367089],[-73.206554990792256,5.3137171544227257],[-73.206775319112339,5.3135061956274487],[-73.206806282332238,5.3134765491055385],[-73.206888393483709,5.3133979296703924],[-73.206923971875369,5.3133638642118974],[-73.207001467816127,5.3132896636788889],[-73.207277040251924,5.3130258093070752],[-73.207340690579954,5.3129648654976824],[-73.207394729626458,5.3129131242642025],[-73.207453764756792,5.3128565993684083],[-73.207512418958871,5.3128004391840014],[-73.207566838894692,5.312748333204695],[-73.207630108249177,5.3126877540664594],[-73.207679912993655,5.3126400670065417],[-73.207747797497248,5.312575068911662],[-73.207792987053764,5.3125318007739191],[-73.20786548670327,5.3124623837195433],[-73.208311256727058,5.3120355666362125],[-73.208471329076431,5.3119173448271626],[-73.208496060351521,5.3118990794767758],[-73.208923337447658,5.3115835124285651],[-73.208953378349662,5.3115613255838587],[-73.209598351512113,5.3110849768492541],[-73.210501346402609,5.3100286418784979],[-73.210795926999822,5.3094244616217949],[-73.210859472773606,5.3093063103515963],[-73.211162948694792,5.3087420536763332],[-73.211413617197621,5.308275981305588],[-73.211527118909828,5.3080649452102273],[-73.211754152592135,5.307642816089075],[-73.212850112583808,5.3065934281783651],[-73.213287680675123,5.3063822018236504],[-73.213748068403234,5.3060341271461988],[-73.213964262351112,5.3055907037448717],[-73.214125278164644,5.3052796125945392],[-73.214446667998587,5.3049718758225621],[-73.214128974415274,5.3051122628418232],[-73.214080638014792,5.3051336224045782],[-73.214016070766505,5.305162154271553],[-73.213652841105656,5.3053226630105579],[-73.213308937407575,5.305583501129588],[-73.212660320310079,5.3060754516564961],[-73.21209528498035,5.3065040072844285],[-73.211643256207921,5.3068468512208655],[-73.210965212201558,5.3073611161819487],[-73.210933638195371,5.3073850635562696],[-73.210852204768216,5.3074468268987554],[-73.210785181580022,5.3074976607466926],[-73.210295514764212,5.3078690487883602],[-73.210287141137059,5.3078844102018694],[-73.21012932507432,5.3081739234436256],[-73.21000629524741,5.308399621115095],[-73.20962441714083,5.3091001731756782],[-73.209083128973489,5.3098956291907307],[-73.208407366319477,5.3104294711247171],[-73.208264814682224,5.3105420844362152],[-73.207973016427758,5.3107725997010178],[-73.206816692127731,5.3117663988946111],[-73.206359793034537,5.3112869534859168],[-73.206274302117322,5.3113897980008895],[-73.205818712763332,5.3117786135922218]]],[[[-73.203992511300058,5.3167208445975636],[-73.204091677545861,5.3166220211702226],[-73.203954307564786,5.3165829285740447],[-73.203992511300058,5.3167208445975636]]],[[[-73.203510974732339,5.3168160965633229],[-73.203270240749433,5.3170227636699074],[-73.202624147209036,5.3173094887952868],[-73.202094715172706,5.3176917935102308],[-73.202842329163374,5.3176337724723588],[-73.203882589450743,5.3167763617398123],[-73.203615697890669,5.3166949690077816],[-73.203510974732339,5.3168160965633229]]],[[[-73.199652958579634,5.317939207407413],[-73.200332922843472,5.3184882610107564],[-73.200955504014942,5.3180937938007844],[-73.201487054339481,5.3178711058983481],[-73.199553033631815,5.3178133854941168],[-73.199652958579634,5.317939207407413]]],[[[-73.203473413846382,5.326866953628814],[-73.203579329674838,5.3268374789931059],[-73.203611010621543,5.3268286627014625],[-73.203579447724792,5.3267968413694966],[-73.203512417988449,5.326729262784788],[-73.203473413846382,5.326866953628814]]],[[[-73.219879912536129,5.3074738614337109],[-73.219935329157536,5.3074163758873629],[-73.220973325885666,5.3064224636944788],[-73.221106652479861,5.3062841638980993],[-73.222026256798586,5.3053302544672141],[-73.222473847289805,5.3049016659499033],[-73.223030935656027,5.3043682266074237],[-73.223604550760058,5.3038189602923449],[-73.223972416411698,5.3034667088176972],[-73.224056831060551,5.3033858770693207],[-73.224090101316818,5.303354018926826],[-73.22416990103855,5.3032776061778542],[-73.224207786179861,5.3032413289989053],[-73.22428297097774,5.3031693352521101],[-73.224389445854285,5.3030673794102317],[-73.224411859118462,5.3030158591511158],[-73.224460969200877,5.3029029721927374],[-73.224963595668228,5.3017476054890649],[-73.22501781887982,5.3016229644307735],[-73.22502480183482,5.3013221986701451],[-73.225033836341467,5.3009330661317611],[-73.225024786813975,5.3004159251605047],[-73.225642109924394,5.3010636733286773],[-73.225979379990903,5.3014175652623674],[-73.226091803430563,5.301535529227106],[-73.226504607722887,5.3019686771743197],[-73.226654193414888,5.3020299966775637],[-73.226879450606944,5.3021223360375478],[-73.226992079236723,5.3021685056951311],[-73.227329965260608,5.3023070145778339],[-73.227697877607412,5.3024578318382423],[-73.228476798339955,5.3024759999521986],[-73.229465878860495,5.3022853933722986],[-73.230304806917943,5.3017894432330728],[-73.230394444666501,5.3017364518417178],[-73.230489218443083,5.3016194515126651],[-73.231079274939091,5.300891012016308],[-73.23131401178631,5.30020993263836],[-73.231391846338312,5.2999840983329438],[-73.231395990959967,5.2999720728468711],[-73.231430763584143,5.2998711811688421],[-73.231453179560901,5.2998061418875766],[-73.231468863776044,5.2991302375237135],[-73.231347843582398,5.2984992807212148],[-73.231287924979696,5.2983221593586691],[-73.231276484932849,5.2982883421975604],[-73.231114564128987,5.297809698680596],[-73.231904027892583,5.2972940892321176],[-73.232307101862276,5.2967964775623191],[-73.232557680562607,5.2964871270042808],[-73.232931577693734,5.2954022540873158],[-73.232947258609585,5.294726349020328],[-73.232757095075527,5.2937349199261172],[-73.232382052796936,5.2930974986045722],[-73.231892854127281,5.2925256516824364],[-73.231795924937018,5.2924123465447668],[-73.23161027499971,5.2921953313891583],[-73.232045231215849,5.2921876734773301],[-73.232780221458711,5.2922048062928964],[-73.233222460195606,5.2921195769635672],[-73.233541347746396,5.2920581199523751],[-73.234581143164363,5.2916106732576322],[-73.235482876933389,5.2919229291656169],[-73.23659554753938,5.2922883631722675],[-73.237055256535001,5.2924768030670757],[-73.237211402870287,5.2925408091169892],[-73.237540759949255,5.292675815947673],[-73.238745196873353,5.2929888813211301],[-73.239226543866152,5.2931139955957756],[-73.239872395170266,5.293129043656478],[-73.239881433581246,5.2931292542428405],[-73.240881177645377,5.2929365666906358],[-73.241809722346929,5.2923875998446244],[-73.242494526765654,5.2915421385292882],[-73.242868400999512,5.2904572526717519],[-73.2428840710147,5.2897813436145587],[-73.242693889529178,5.2887899126460765],[-73.242146233152823,5.2878591501199077],[-73.241329523271489,5.2871944647168956],[-73.2402455984802,5.2867207090904111],[-73.239614856678074,5.2865646803635258],[-73.239017191513014,5.2863196926551836],[-73.238651638698713,5.2861996368146222],[-73.238125458116244,5.2860268267546004],[-73.237474704665217,5.2857673998399539],[-73.236692025276355,5.2854465712384524],[-73.236010141970667,5.2853111214049049],[-73.235609921160048,5.2852277629679989],[-73.235448940927142,5.2851942337514428],[-73.234892210897698,5.2850836457205927],[-73.234790861225122,5.2850740244654082],[-73.234488542012542,5.2850861408128145],[-73.233755839478377,5.2851155077326366],[-73.233598921844518,5.2851382957273669],[-73.233508793595846,5.2851944542607345],[-73.233287327448167,5.2853324507321258],[-73.233234646062044,5.2853652768860844],[-73.233014772613615,5.2855022796066127],[-73.232984129114243,5.2855213740122737],[-73.232826740561549,5.2856355312548091],[-73.232535401587469,5.2858468485532848],[-73.232053222970094,5.2861965876028787],[-73.232449372395919,5.2864025850532474],[-73.232581445608446,5.2864712629655086],[-73.233013142806229,5.2864092815972441],[-73.233125946628391,5.2863930856186521],[-73.233639370446269,5.2863193697383908],[-73.234676606471481,5.2862115571203212],[-73.235555914165587,5.2864401167582722],[-73.236057285501644,5.286523394524238],[-73.236335054185034,5.2865695317210122],[-73.237133235873628,5.2868967175781316],[-73.237783990087081,5.2871561451887619],[-73.238197517568437,5.2872919576445012],[-73.238675724600867,5.2874490120565154],[-73.238873394932895,5.2875300388911635],[-73.239273390458763,5.2876940004023716],[-73.239978017348378,5.2878683073656116],[-73.240790099079391,5.2882905765904518],[-73.241425766758638,5.2889575433852842],[-73.241658427460209,5.289441740035322],[-73.241633009437493,5.2905380064755549],[-73.241379327644992,5.2910282151872261],[-73.240569825206052,5.2918034262429456],[-73.239988597139714,5.2919116015455838],[-73.239579676735531,5.2919877074249122],[-73.237750694328355,5.291512307291784],[-73.237301606104239,5.2912787874983733],[-73.236720912363424,5.2910880715897655],[-73.236665527151374,5.2910698815208335],[-73.236608258187985,5.2910510727691067],[-73.235672150261877,5.2907436275545541],[-73.235217473314847,5.2905071967589778],[-73.234354972049033,5.2903839977698208],[-73.234133982340254,5.2903524315852115],[-73.233586694346755,5.2907220265947252],[-73.233422947282321,5.2908326081955881],[-73.233125150557669,5.2909763838311088],[-73.233112946588662,5.2909760993616644],[-73.231647180690203,5.290941931231135],[-73.231498615824833,5.2909384678775035],[-73.230837650203952,5.2913376754198973],[-73.23011757656036,5.2915114566203609],[-73.229953699356429,5.2916814594432982],[-73.229631798868283,5.2920153918642105],[-73.230224135336755,5.2928025328198789],[-73.230976886486971,5.2933652167883807],[-73.231488965863178,5.2939025260345236],[-73.231721618162496,5.2943867243814839],[-73.231714982578225,5.2946726848111032],[-73.231696179667779,5.2954829843378857],[-73.231647669015317,5.2955767202322415],[-73.231633935893569,5.295603256384589],[-73.231442488084497,5.2959731856173669],[-73.231294201873425,5.2961151840641687],[-73.230728864233214,5.2966565486274764],[-73.230679064152497,5.2967042368560824],[-73.230664120664784,5.296718546638604],[-73.230390220925088,5.2967846478482992],[-73.230260029704141,5.2968160673129843],[-73.229775425119925,5.2969330182011989],[-73.229662541444071,5.2977695561551137],[-73.230108258384789,5.2985110586821085],[-73.230111454696285,5.2985163761168579],[-73.230243217227724,5.2987906073685123],[-73.230217773380062,5.2998868661838108],[-73.229964077878336,5.3003770657995561],[-73.229815790061451,5.3005190634301798],[-73.229298681166014,5.3010142362430948],[-73.229250511647422,5.3010374911535108],[-73.228815629611631,5.3012474398810765],[-73.227721970760314,5.3012219309383495],[-73.227189221470979,5.3009448979074376],[-73.226096761224923,5.2997986007444098],[-73.226035097039357,5.299733897578224],[-73.225872392587561,5.2993952646051179],[-73.225806773219645,5.2992586924753038],[-73.225606974839138,5.2964446384568395],[-73.225948408395141,5.2954539892630024],[-73.225889587112178,5.2952211627145536],[-73.225884359778604,5.2952004718669459],[-73.225834349062666,5.2950025192759549],[-73.22571203305435,5.2935776553019753],[-73.225681656896541,5.2935271202360328],[-73.225513005820517,5.2935851559302858],[-73.225056784243165,5.2936582870003699],[-73.225037170029324,5.2936614310302801],[-73.224974097876256,5.2936715412087132],[-73.224955034047525,5.2938115971275801],[-73.224948659652895,5.2938584284238122],[-73.22484975131492,5.2945850572546682],[-73.224669290655129,5.2952932553794856],[-73.224645332715895,5.2953431929340669],[-73.224620854206037,5.2953942156963567],[-73.224624274692005,5.295487460390544],[-73.224412762756359,5.29688192612611],[-73.224528867844995,5.2982690188445174],[-73.2246077151637,5.299211001242643],[-73.224295253169373,5.2988710207839107],[-73.223757599003548,5.2982860145685891],[-73.222554094362721,5.2977124453842102],[-73.2225832917715,5.2975199578443473],[-73.221477047903761,5.2985971555573688],[-73.221414330307084,5.2986582261962418],[-73.221363973498669,5.2987072601163545],[-73.221359077678784,5.2987120273208239],[-73.221349766178704,5.2987210942032519],[-73.221289225617213,5.2987800447633546],[-73.221250848818229,5.298834922540812],[-73.221101399980242,5.2990486301600637],[-73.221250443228712,5.298976678172977],[-73.221360463208768,5.2989235649860431],[-73.221701610319016,5.298931525364825],[-73.222454114027954,5.2989490837402267],[-73.222943145096721,5.2992033870691602],[-73.223166038701393,5.2994372677608057],[-73.223578794794861,5.2998703693008329],[-73.223813636787071,5.3003591390008369],[-73.223785500562556,5.3015707732872945],[-73.223364128131536,5.3023849348456249],[-73.222945712904306,5.3027855909628796],[-73.222139412862731,5.3035576658494019],[-73.222121918407879,5.3035744176738682],[-73.222026342587071,5.3036659363212637],[-73.222004233311552,5.3036871070554215],[-73.221913272272531,5.303774206758848],[-73.221886548173103,5.3037997963998569],[-73.221800201919166,5.3038824771621043],[-73.221768862992647,5.3039124857070572],[-73.221687131526963,5.3039907475310635],[-73.221651177769999,5.3040251749771876],[-73.221574061095907,5.3040990178657248],[-73.221533492505372,5.304137864210162],[-73.221460990625999,5.3042072881660864],[-73.221415807198653,5.304250553405895],[-73.221347920117267,5.304315558432199],[-73.221179614281823,5.304476718957714],[-73.219595624053767,5.3061197901395252],[-73.219312438774352,5.3063360766255689],[-73.219239462603625,5.3063918130826702],[-73.219199430498975,5.3064223880906018],[-73.219092030897514,5.3065044158122614],[-73.219086422195005,5.3065086995241399],[-73.218649735487489,5.306842223679709],[-73.217720393925802,5.3075520156145943],[-73.21751274080826,5.3079779188935543],[-73.217503502455486,5.3079957684517618],[-73.217458824217999,5.3080820919131559],[-73.21730297169195,5.3083832165145015],[-73.217276795704493,5.3084082805030253],[-73.217263917071008,5.3084206120296278],[-73.217050651681575,5.3086248173969128],[-73.216711435355535,5.308949622480168],[-73.21642045501207,5.3092282403215894],[-73.215769306650529,5.30954256921755],[-73.215020415515298,5.3101087635818889],[-73.214741197078666,5.3106814440367609],[-73.214567707759201,5.3110166320372691],[-73.214400964025984,5.3113586225255993],[-73.214225062310305,5.3116984685263402],[-73.213040377928465,5.3131608624423592],[-73.212536801706847,5.3139259268578938],[-73.211521875474446,5.3148977054395816],[-73.210779294866143,5.315188799008097],[-73.210377891881848,5.3155116678399628],[-73.210225813822376,5.3156339917690945],[-73.210176797420885,5.3156734180709986],[-73.210151718569662,5.3157366147293024],[-73.210102877889085,5.3158596891997192],[-73.210038129937573,5.3160228485566465],[-73.210013274025982,5.3160854833138558],[-73.209875867739797,5.3164317349636274],[-73.209678561590323,5.3168129286099965],[-73.206755787073703,5.3196113851750315],[-73.206028943843791,5.3201481825079737],[-73.205853579834169,5.3202917279865645],[-73.205622634104131,5.3204807700707271],[-73.205347451400414,5.3207060222915734],[-73.205175396184529,5.3208468588003051],[-73.204457828377315,5.3214342254434444],[-73.204384314280091,5.3214483881230539],[-73.203933011927916,5.3215353324605363],[-73.203594535150813,5.3216005404682525],[-73.203030407164434,5.3217092200138456],[-73.202713562869363,5.321770259970684],[-73.201419989631773,5.3229042007834249],[-73.201107893421906,5.3229541909228182],[-73.200997012941656,5.3229719512073084],[-73.20018150886429,5.3231025739204076],[-73.199869028505873,5.3230952684828425],[-73.198566596965833,5.3230648174087252],[-73.198077566852533,5.3228104902420599],[-73.198065693902137,5.3227980311857825],[-73.197990405298341,5.3227190259617441],[-73.197953275010889,5.3226800627300319],[-73.19766637444188,5.3223789990693984],[-73.197409840125786,5.3221098004378673],[-73.19711944845703,5.3213654721926247],[-73.196636127260447,5.3210196691419771],[-73.196318881479925,5.3207926881501564],[-73.1962674472678,5.3207558883018216],[-73.196260210812142,5.320750710804405],[-73.196192151334543,5.3206792909786067],[-73.196084141820805,5.3205659485975003],[-73.196042603896558,5.3205223597651523],[-73.195976132346047,5.3204526062105044],[-73.195611590519604,5.3200700649735539],[-73.195321201429152,5.3193257368926794],[-73.194982302665807,5.3187618731062409],[-73.194767395476376,5.3183145339438775],[-73.193285388887929,5.3189743222749239],[-73.192776914078109,5.3190143759854527],[-73.191824027861315,5.3190894358127867],[-73.191753257881402,5.3191969442525515],[-73.191386084471645,5.3197547255702355],[-73.189965463457753,5.3212833920817779],[-73.190520124215965,5.3220205568122898],[-73.191743104993392,5.3221573760105407],[-73.192371632107793,5.3224842564606245],[-73.192942890644915,5.3224742463233632],[-73.193519345840485,5.32248773014497],[-73.193781235975223,5.3226239324270637],[-73.19400837264601,5.3227420602127422],[-73.194407253585979,5.3231606378570335],[-73.194456093310166,5.3232118892385225],[-73.194515262920291,5.3232739805726199],[-73.194643996809873,5.3234090711377906],[-73.194876615587219,5.3238932752349095],[-73.194851097185705,5.3249895120547377],[-73.194592828043611,5.3254884463994845],[-73.19362285130947,5.3264171020136812],[-73.191800304948515,5.3265492228947853],[-73.193103564215832,5.327989123038547],[-73.193813719878946,5.3285200213728618],[-73.194329061953155,5.3288170217686917],[-73.196527287424786,5.326818089202269],[-73.197825273818225,5.3254718660002087],[-73.198171558742047,5.3251665946898123],[-73.199222117620081,5.3242404591905146],[-73.1993713315062,5.324192407342772],[-73.200384537641398,5.3238661199051247],[-73.202016840091105,5.3230292918269848],[-73.202790851829135,5.3227258962775883],[-73.203895728138036,5.3224593300896892],[-73.204564434251665,5.3221165027483952],[-73.204833607204876,5.3220543162551976],[-73.205172122035094,5.3219761096469931],[-73.205256477808931,5.3219566210160361],[-73.20624384604217,5.3222133240424752],[-73.20656313658894,5.321839830052391],[-73.206638688351987,5.3217514523478107],[-73.206948671624474,5.3213888447357496],[-73.207109520598792,5.3212006889324606],[-73.207373308711112,5.3203938528893531],[-73.207533381917642,5.3200846103503476],[-73.208449527270943,5.3192074330347356],[-73.208901816571313,5.319030138444738],[-73.209804939050613,5.3186761186042188],[-73.209926734104684,5.3186283753576342],[-73.210119535531177,5.3184593603366936],[-73.210596108896624,5.3180415822543061],[-73.210709157456762,5.3179424804306095],[-73.21121484904144,5.3174991749508242],[-73.212966375359471,5.3172592614922047],[-73.213016946152067,5.3172523345313021],[-73.213079111022395,5.3172684957078244],[-73.213822671270194,5.3174618006539642],[-73.214265177826093,5.3170028153961448],[-73.214801504304617,5.316489286295413],[-73.215787991793235,5.3163713559528594],[-73.216078059328893,5.3163366793034932],[-73.21685411203373,5.3156874926409934],[-73.216971117013713,5.3146362800860532],[-73.216983102576634,5.3145285971993665],[-73.21704292349115,5.314297405091545],[-73.217072147457912,5.3141844620341985],[-73.217113473795095,5.3140247463300421],[-73.217600667348606,5.3134233414956951],[-73.217713830807995,5.3132836491949416],[-73.217715086406884,5.3132820992460328],[-73.217891666486324,5.3130641233918467],[-73.218004450248145,5.3122709967660597],[-73.218199223964632,5.3111459587826779],[-73.218235093200306,5.3110230491742607],[-73.218398505061415,5.3104631006689056],[-73.218399880740591,5.3104583867476096],[-73.218499461190191,5.3101171626733024],[-73.219038172702327,5.3093254640122813],[-73.220172275923346,5.308655055261787],[-73.220287395548269,5.308587003727709],[-73.221575138387152,5.3084330408295557],[-73.221701517627409,5.3084179307370425],[-73.222189559142308,5.3077619509089402],[-73.222757552965732,5.3070876808580953],[-73.223014909232532,5.3067417664359766],[-73.223032451477962,5.3067181877538019],[-73.223209226800122,5.3064805823675432],[-73.224113553714062,5.3056146456993432],[-73.224163354667738,5.3055669587496785],[-73.224231239109301,5.3055019559168963],[-73.224412831367289,5.3053280718943103],[-73.225310737765113,5.3050388574177578],[-73.225405227351942,5.3050410617987342],[-73.225630733977866,5.3050463226644409],[-73.226383246751467,5.3050638775153782],[-73.226872284447467,5.3053181798412652],[-73.227379204085949,5.3058500781766451],[-73.227432454178185,5.3059059521316252],[-73.22748721971594,5.3059634161927551],[-73.22750794378446,5.3059851614183069],[-73.227742790076292,5.3064739313443869],[-73.227733632284966,5.3068683484414718],[-73.227714818062708,5.307678645681948],[-73.227461115693742,5.3081688424267313],[-73.226795706292648,5.3088060063687141],[-73.22634984317267,5.3090212482649219],[-73.225843584791363,5.3095463948808002],[-73.225402344584566,5.3101394695413147],[-73.225068813665587,5.3105877700133579],[-73.223472887881314,5.3121159242258749],[-73.223468035099117,5.3121176652234192],[-73.222677888834937,5.3124011395640256],[-73.222009207181671,5.3126410359332663],[-73.221949080707503,5.3131812858142826],[-73.221818186441212,5.3143573919578531],[-73.221605665098949,5.3147679952279168],[-73.221438922912824,5.3151099885451414],[-73.220926176545419,5.3157832857295713],[-73.22079349284428,5.3168462753232557],[-73.220524879091073,5.3173652507847864],[-73.220432519806621,5.3174719672484967],[-73.219944630667257,5.3180356973244569],[-73.219311329508145,5.3187674406530823],[-73.219063149216922,5.3192764554711891],[-73.218923092754792,5.3195637090311303],[-73.218144229033115,5.320463635027501],[-73.218092295463137,5.3205236407042573],[-73.218143945224071,5.3205622502254553],[-73.218607146566185,5.3209085047742226],[-73.219233012742677,5.3215652241191531],[-73.219441040285744,5.3224697928432594],[-73.219302022463907,5.3230070571799724],[-73.219272798234002,5.3231200003100296],[-73.219264122931634,5.3231535278110442],[-73.219212976780696,5.323351192566899],[-73.2191011637033,5.3238052390018984],[-73.218963251554641,5.3243382253646194],[-73.219010424622837,5.3270369058762581],[-73.219280343763785,5.3271943251689375],[-73.219459156339184,5.3250716346743623],[-73.220469355523079,5.3239044264236064],[-73.22079198228559,5.3232427281232395],[-73.221140601838286,5.3226702352257336],[-73.221296632232608,5.3221929689173395],[-73.221324189072575,5.3221086778355877],[-73.221410395853866,5.3218449876046217],[-73.22142876765372,5.321788791698026],[-73.221432501953899,5.3217699072905811],[-73.221477177800153,5.3215439807510752],[-73.221499515701183,5.3214310174753301],[-73.221625901720401,5.3207918790085325],[-73.221932876403031,5.3201987929340895],[-73.222210784531342,5.3196288039181656],[-73.222384274406906,5.3192936115522373],[-73.222395319775799,5.3191730462821445],[-73.222426376022398,5.3188340523820719],[-73.222498353895503,5.3180483751414425],[-73.222618265995607,5.3171290727228921],[-73.22266458819756,5.3170395745313108],[-73.222671451738947,5.3170263136180687],[-73.222897207502186,5.3165901348596041],[-73.223569826166624,5.3159460902612308],[-73.223619250294675,5.3158987656602008],[-73.223682899221004,5.3158378205073475],[-73.223736938582405,5.3157860766922846],[-73.224213931910043,5.3153293449278882],[-73.224586973499186,5.3151492636491291],[-73.224651505984284,5.3151181113405848],[-73.225049870986325,5.3149138598230667],[-73.225602728071962,5.3148381188282192],[-73.226010254370493,5.3147822876950368],[-73.225994310531235,5.3138710965889739],[-73.225960327204064,5.3119290239833967],[-73.226128403381395,5.3112794059322121],[-73.226271377783249,5.3104146990515417],[-73.226470735915811,5.3100295112063991],[-73.226615396987896,5.3097500052808693],[-73.227389355024741,5.3090089039615425],[-73.227872413756145,5.3087757036939554],[-73.228966085911509,5.3088012168177476],[-73.229455127783666,5.3090555184076065],[-73.230127728357147,5.309761255192563],[-73.230204580810778,5.3098418937286516],[-73.230276239304132,5.3101534584620218],[-73.230406305143035,5.3107189729001032],[-73.230412627377319,5.3107464613923998],[-73.230184588005827,5.3116278738828981],[-73.230155906953257,5.311848538256533],[-73.230053108181721,5.3126394416143405],[-73.229956307395085,5.3133841939732669],[-73.230294122922544,5.3135496693137387],[-73.230569516115153,5.3136928741577165],[-73.23120518628248,5.3143598576744369],[-73.231442229749263,5.3148531944297934],[-73.231420061511614,5.315808155027927],[-73.23141743783448,5.3159211758784997],[-73.231410970412583,5.3161997733231869],[-73.231349456049955,5.3163007962547306],[-73.231305509350435,5.316372968382904],[-73.231030690260894,5.31682429356675],[-73.231009572776784,5.3168589739838659],[-73.23096198541522,5.3169371248217754],[-73.230633522623535,5.3174765454021813],[-73.229826934989674,5.3184085451676806],[-73.22943242964331,5.3189387981757026],[-73.228697177440836,5.3196428223788041],[-73.228697059821314,5.3196433000349819],[-73.228669247088703,5.3197562482999539],[-73.228528042193361,5.3203296841116208],[-73.228300129223328,5.3207700381708225],[-73.226822083658476,5.3221852920004427],[-73.226496790670055,5.3224967639395864],[-73.225854819665003,5.3230259658974584],[-73.225804679198546,5.3230672985770946],[-73.225718183357415,5.3231386003376402],[-73.225691647921266,5.3231604744843946],[-73.225581547003273,5.323251234730578],[-73.225578616612168,5.3232536503592565],[-73.225197486661813,5.323567829395226],[-73.224965795625195,5.3242765425213134],[-73.224818949189498,5.3244923447722714],[-73.224508297439598,5.3249488708702337],[-73.224444193939647,5.3250564039504527],[-73.224175139625856,5.325507739652573],[-73.224117037437225,5.3256052053102199],[-73.223488881756126,5.3265283197559121],[-73.223376472546846,5.3271903912151908],[-73.224385409336847,5.3273580103380436],[-73.224532351111719,5.3264693914119974],[-73.224749697932012,5.3260494696887459],[-73.224816538919725,5.3259617010987679],[-73.225511450576235,5.3250492134048359],[-73.22557363790601,5.3249896686885831],[-73.225799787878898,5.3247731286411124],[-73.225853829691275,5.3247213832171667],[-73.225912862806808,5.3246648585658694],[-73.225971519548125,5.3246086942763462],[-73.22602593769578,5.3245565884562263],[-73.226089209362726,5.3244960052983012],[-73.226330829549084,5.3242646517133947],[-73.226813902209045,5.3240314582161243],[-73.227523769062799,5.3240480236948819],[-73.227831605350701,5.3240552071208818],[-73.227907600437959,5.3240569804590647],[-73.227944310036989,5.3240760695219391],[-73.228110986634007,5.3241627416399675],[-73.228282100415498,5.3242517210394062],[-73.228345321856594,5.3242845962588783],[-73.228578998777635,5.3241647862685886],[-73.228579338729389,5.324164089013558],[-73.228852456606049,5.323603912226635],[-73.22885461614743,5.3235997398130106],[-73.228913029876423,5.3234868795939292],[-73.229071301171189,5.3231810858693329],[-73.230272146316508,5.3220312490308608],[-73.230770915713833,5.3215138820263608],[-73.231819971147985,5.320509377297916],[-73.232869586006672,5.3198889033911909],[-73.232981767441984,5.3193019206465095],[-73.232758758444007,5.3184192158476771],[-73.232619117160354,5.3176911621908927],[-73.232655023599079,5.3161445038913024],[-73.232993834579986,5.3154898661016121],[-73.233122777818011,5.3144566932806612],[-73.233127856447808,5.3144159999965463],[-73.232997176391777,5.3138987605353547],[-73.232980724547062,5.3137781155949764],[-73.232888933467862,5.3131049919194053],[-73.232793969875772,5.3129863814892984],[-73.232233692925846,5.3122865893317028],[-73.231406014390956,5.3105640190804442],[-73.231437233632562,5.3092191195951752],[-73.232270797005043,5.3081900802436239],[-73.231555835391447,5.3071263089011671],[-73.231503497255147,5.3069921795589172],[-73.231488870625796,5.306954695218904],[-73.231415189817923,5.3067658699613673],[-73.231376926471725,5.3066678106647647],[-73.23137103611478,5.3066527151652858],[-73.231314373816161,5.306507503960411],[-73.231106013111415,5.3056400092676794],[-73.230975375166352,5.3051229223061105],[-73.230987115296571,5.3046171051711699],[-73.230989738515348,5.3045040842938294],[-73.230997753748156,5.304158747442175],[-73.231251451112939,5.3036685477026273],[-73.231916850270835,5.3030313754892298],[-73.232535093441001,5.3027329044056533],[-73.234636628497583,5.3029542690671549],[-73.23505240980748,5.3032723835938631],[-73.235511045195608,5.3036232852251963],[-73.235738465174094,5.3033873704568961],[-73.235955025478745,5.3031627207009233],[-73.236236396863589,5.3028932808070479],[-73.236601615156843,5.3025435488549615],[-73.236674098011804,5.3020336950336056],[-73.236753653894226,5.3014740864887351],[-73.236874028015279,5.3007786378230293],[-73.237124601672988,5.3002944611151754],[-73.237195340998113,5.3002267208393272],[-73.237789992138289,5.2996572792976862],[-73.238227551956783,5.2994460307548232],[-73.238277273435003,5.298950965748304],[-73.238356922014304,5.2981579192618238],[-73.238571128955897,5.2977440050310305],[-73.238724849463424,5.2974469688192478],[-73.239715867264721,5.2964979520255717],[-73.240198913270362,5.2962647372417617],[-73.240427309928847,5.2962700594408298],[-73.241292571302182,5.296290221380886],[-73.241441874882668,5.296367855783104],[-73.241781613302777,5.2965445117113665],[-73.242417289607829,5.2972114804837167],[-73.242649950445099,5.2976956779170141],[-73.242643319757974,5.2979816400998203],[-73.242624530725465,5.2987919445943339],[-73.242395782667771,5.2992339599339608],[-73.242413009514024,5.3002166044522729],[-73.242620714648965,5.3010386699576211],[-73.242815783932969,5.3022616480444622],[-73.242662288832008,5.3032940616492894],[-73.242583860808182,5.3038215685186634],[-73.241783474950566,5.3048096901638591],[-73.242272212284107,5.3050490836078419],[-73.242694049285944,5.3052684285119716],[-73.243291722178839,5.3058955203636273],[-73.243331747614832,5.3059375159006033],[-73.24339974155076,5.3060088565664323],[-73.243837235319987,5.3064678837740695],[-73.24420671505726,5.3065816042728891],[-73.244196714188277,5.3060111216578445],[-73.244174916478755,5.3047677388004022],[-73.244164946556808,5.3041990494181794],[-73.243513825828188,5.3034170818354776],[-73.243142024147588,5.3029113438524984],[-73.242878459401453,5.3015373367438752],[-73.242963507746566,5.297869520139832],[-73.242968894390202,5.2976372025050553],[-73.243311017017703,5.296976103945287],[-73.243533316076054,5.2965200960267884],[-73.243536059110951,5.2965147954796743],[-73.243584167657431,5.2964218321413856],[-73.24359446596209,5.2964019320380196],[-73.243680707414555,5.2962352818295431],[-73.244213032184149,5.2957255115798896],[-73.244454633412374,5.2954941464381049],[-73.244827657631689,5.2953140455590519],[-73.244937676238806,5.2952609270924516],[-73.246031337202282,5.295286402338709],[-73.246520381725006,5.2955406893126327],[-73.247156062331712,5.2962076545783106],[-73.247395312983414,5.2967055571440271],[-73.247361586973909,5.2981606115833202],[-73.246909411184603,5.2989032832010485],[-73.246891899591063,5.299123983961139],[-73.2468650004799,5.2994629958091766],[-73.246794831278535,5.3003473389798108],[-73.247582456629246,5.29975178232998],[-73.24815267696502,5.2994764738354059],[-73.248681373947889,5.2992053588429728],[-73.249441669699877,5.2985692566930656],[-73.249843085044915,5.2982334110866276],[-73.250297327488411,5.2978978697265315],[-73.250887609476308,5.2971043746985158],[-73.251137762570508,5.2969067221629524],[-73.251177253639511,5.296875519206524],[-73.251250774536629,5.2968174283490654],[-73.251902238695138,5.2963026878033821],[-73.252377583316644,5.2960731793417821],[-73.253471250335508,5.2960986420104126],[-73.253960300367538,5.2963529243156131],[-73.25459599201713,5.2970198848347509],[-73.254828663829599,5.2975040808069993],[-73.254800645988468,5.2987134258387858],[-73.254122612498463,5.2996039027348099],[-73.255079140170864,5.2997405034898106],[-73.255528794180734,5.2999743024100781],[-73.256143765199027,5.3006195184777063],[-73.256164490472358,5.3006412630195232],[-73.256397164131172,5.3011254591977037],[-73.256371766354633,5.3022217343013187],[-73.25611808466995,5.3027119511457563],[-73.255419101104806,5.3033813355224586],[-73.254676540895787,5.3036724934800894],[-73.253607815769016,5.3041035090499653],[-73.253313210306189,5.3047078554777363],[-73.252717686968566,5.3055831563202522],[-73.2526919125375,5.3056210395178161],[-73.252640933083399,5.3056959689766989],[-73.252578681590052,5.3057874660081223],[-73.252564179166725,5.3058087816140107],[-73.252465450574007,5.3059538924567677],[-73.252457607339466,5.3059654204030684],[-73.25043022012342,5.3079069066696603],[-73.250341665673503,5.3079917085206434],[-73.249526908221142,5.3083356707288827],[-73.249363375392221,5.3084047083942068],[-73.248088086457756,5.3095534934994157],[-73.247400546491107,5.3098854358251977],[-73.246991874912496,5.3104347728570334],[-73.246536981036144,5.310996364812695],[-73.245994097067268,5.3118212456169767],[-73.245844065698037,5.3130236145317333],[-73.245835475543004,5.3130924567044664],[-73.245397429151552,5.3139388822376841],[-73.245887442768137,5.3139302516113256],[-73.246140865072647,5.3135896044465598],[-73.246224774957142,5.3134768136705723],[-73.24657459690988,5.3130065859932758],[-73.247215634001279,5.3124623650521423],[-73.248221561351002,5.3116083594776295],[-73.248277295155546,5.3116016934876118],[-73.249469773942096,5.3114590668778368],[-73.250262309051124,5.3108598114374663],[-73.251502049581987,5.3105605916598622],[-73.251614157234982,5.3099934983310417],[-73.251730441292025,5.30954397194082],[-73.251863071863312,5.3084809555807659],[-73.252100079132958,5.3080229746526513],[-73.252884580023093,5.3072717122806647],[-73.253787017062777,5.30706313671892],[-73.254732090646968,5.3073087619821075],[-73.255622272972644,5.3070061528535044],[-73.256925423755916,5.3065863377685369],[-73.257695365792586,5.3055513296749748],[-73.259811642210906,5.3035246581895708],[-73.260886872094844,5.3033523125892765],[-73.262380068487573,5.3018032005030378],[-73.26383576870623,5.3004091040697796],[-73.264318813655066,5.3001758684829543],[-73.265412495244377,5.3002013125681717],[-73.265901555933425,5.3004555880672681],[-73.266537267604562,5.3011225418217078],[-73.266769950254144,5.301606736801534],[-73.266739884787526,5.3029054066781747],[-73.264482388712281,5.3052825257216858],[-73.263945268849938,5.3061837180352391],[-73.263223455387902,5.306874976415016],[-73.26269465792312,5.3071302948133861],[-73.262222431967174,5.3077651032865703],[-73.261458678075655,5.30870805400831],[-73.261342845130415,5.308945673879637],[-73.261476150703743,5.3088290684068484],[-73.261568263764303,5.3087768996342817],[-73.261655278568142,5.3087276293766275],[-73.261840396816794,5.3086202206467599],[-73.261983778428601,5.3084828456069175],[-73.262151083805392,5.3083036493939586],[-73.262342350718882,5.3080467229779327],[-73.262635321962478,5.307592564445363],[-73.262850479366065,5.3073177307287809],[-73.263232780268538,5.3069952689165705],[-73.263728675437946,5.3064935236572488],[-73.263872103814492,5.3063202719630453],[-73.264188791979109,5.305973805446814],[-73.264312762623803,5.3058615430758449],[-73.265013180713623,5.3052272809143428],[-73.265500180033229,5.3048279529237945],[-73.265544780766945,5.3047913813172256],[-73.265549212077332,5.3047889970003501],[-73.265932892189198,5.304582553342251],[-73.26600563025562,5.3045236936136071],[-73.266058327829484,5.3044810513594607],[-73.266213603874675,5.3043735922675079],[-73.266356927929834,5.3042780905615157],[-73.266458374154567,5.3042722449682227],[-73.266541940058445,5.3042424441335427],[-73.266649402747689,5.3041947449915625],[-73.266870301423239,5.3040933581220351],[-73.26702555498531,5.3040038485987644],[-73.267216662718781,5.3038725197011169],[-73.267348021294069,5.3038009183777195],[-73.26750329014466,5.3036994451733221],[-73.267603801840366,5.3036408535640378],[-73.267956396147085,5.3027977686050294],[-73.268005212454355,5.3020136934715003],[-73.267815615490093,5.3009794781897872],[-73.267275197524711,5.3000430304668562],[-73.266438825881053,5.2993512417856703],[-73.265418621408699,5.2989810816572191],[-73.265227171695557,5.2989691039619524],[-73.265114429288062,5.2989620504155095],[-73.264724808199304,5.2989376742458258],[-73.26369305054331,5.2991277192410635],[-73.26303055770174,5.2995118523316611],[-73.260210260429318,5.3022230118916021],[-73.259875879328476,5.3023254809889524],[-73.259270707409016,5.3025109317231056],[-73.259240816286848,5.302529869452707],[-73.25920957009123,5.3025496656953255],[-73.259127853355523,5.3026014378809059],[-73.259031953754061,5.3026621956871693],[-73.259014890402213,5.3026730062796688],[-73.258854337362536,5.3027747256063886],[-73.258788964429598,5.3028161429891547],[-73.258676720916654,5.3028872554530118],[-73.25856700107974,5.3029567689874],[-73.257997563416495,5.3035522527491841],[-73.257986815689449,5.3035634920578199],[-73.256908855050881,5.3046907529569864],[-73.256866619418872,5.3047349200752567],[-73.256801058768673,5.3048034788704328],[-73.256753524778716,5.3048531866136379],[-73.256693262446731,5.3049162047518079],[-73.256640430094919,5.304971453116698],[-73.256585466085156,5.3050289306010772],[-73.256527335367423,5.3050897195844877],[-73.256477669683818,5.3051416564182725],[-73.256474561178536,5.3051449070711545],[-73.256191999963036,5.3055874886516214],[-73.254644365082939,5.3060595086944478],[-73.253980566275487,5.3059333758474523],[-73.254380784850937,5.3052487670603945],[-73.254536457323184,5.3049824750805277],[-73.256103910965592,5.3043835518004272],[-73.257084175425248,5.303510576033843],[-73.257549752777535,5.302397390177271],[-73.257582528902844,5.3023190229026245],[-73.25758358236051,5.3023165040990206],[-73.257632411477317,5.3015324340584407],[-73.257442832496253,5.3004982212953742],[-73.257319061989264,5.3002837409449981],[-73.256958098047335,5.299658230408097],[-73.256008367262879,5.2988028107105976],[-73.256063902697903,5.2979110561358365],[-73.255874326474668,5.2968768440032123],[-73.255333930603967,5.2959403928092801],[-73.254497582208089,5.2952485940795082],[-73.253477396368936,5.2948784187616544],[-73.252783593726278,5.2948349997355475],[-73.252609384208853,5.2948670855505693],[-73.251751844876793,5.2950250258741285],[-73.25088110444382,5.2955298926891956],[-73.250100050721286,5.2962254624079064],[-73.249898678121866,5.2964500988416097],[-73.249824713992055,5.2965326077035728],[-73.24978556231828,5.2965762823728264],[-73.249323877373271,5.2970913026435706],[-73.248709536937085,5.2975657489516488],[-73.248434391711854,5.2960646291307834],[-73.247894009489869,5.2951281753526471],[-73.247057673476917,5.2944363696487242],[-73.246037497279474,5.2940661839632632],[-73.245343698792141,5.2940227570674043],[-73.244311953187562,5.2942127705004154],[-73.24344888756049,5.2947131731679589],[-73.243363202036321,5.2948087562423076],[-73.242636286028613,5.2956196363829164],[-73.241445486734463,5.2950902196764016],[-73.241416609498245,5.2950773811294436],[-73.240604945549123,5.2950265737178501],[-73.240205099130421,5.2951002089330004],[-73.239573199342786,5.2952165782095681],[-73.238850465054227,5.2956356099562774],[-73.238649366464372,5.295752203959128],[-73.238586663470201,5.2958225584897702],[-73.237636838306898,5.2968882857574249],[-73.237235684484531,5.2978473672596147],[-73.237127743137606,5.2984180678479138],[-73.237104557995025,5.2985406505866681],[-73.2360872646871,5.2996662449261178],[-73.235748688407114,5.3004756966743907],[-73.235459583608758,5.3020041738690313],[-73.234443788833687,5.3017283577237224],[-73.232857374270992,5.3015548611008052],[-73.232842690986629,5.3015532552594911],[-73.231774202001972,5.3017500049928206],[-73.230923294427328,5.3022433264197275],[-73.230839958915382,5.3022916408210978],[-73.230372927617381,5.3028588990647174],[-73.230149771422631,5.3031299449299683],[-73.230021872929981,5.3034840584897198],[-73.229780432767271,5.304152534004305],[-73.229765784739286,5.3043875517436678],[-73.229737087251138,5.3048479817003926],[-73.229756271746552,5.3049526660512223],[-73.229861658102649,5.3055277294534795],[-73.2299794931251,5.3059738196516824],[-73.230163119109164,5.3067752917886732],[-73.230287244015074,5.3071017251075379],[-73.230419982300518,5.3074508103397138],[-73.23064890901486,5.3080069878592546],[-73.230755940232342,5.3082670200205033],[-73.230532489957653,5.3083569874808356],[-73.229950432057777,5.3079469649109079],[-73.22894027681609,5.3075543896097077],[-73.228980829598285,5.3069037621124409],[-73.228786285100469,5.3058421848530894],[-73.22867356596312,5.3056468346065273],[-73.228597199598781,5.3055144862344115],[-73.228531873121355,5.3054012707404867],[-73.228270567404152,5.3049484087713621],[-73.228245936287507,5.304905721212986],[-73.227409619687833,5.3042138920362429],[-73.226389453544499,5.303843672600685],[-73.225695653052952,5.3038002204903654],[-73.224844522231493,5.3039569355556555],[-73.22451507175812,5.3040175955011533],[-73.223405208123523,5.3045243361921122],[-73.223234711636309,5.304707896153702],[-73.223150706793007,5.3047983373936418],[-73.223130007117035,5.3048206230581281],[-73.222924488539221,5.3050418881101615],[-73.222920597961661,5.3050460767742731],[-73.222079940425488,5.3059511410782596],[-73.221818389852316,5.3063607628174658],[-73.220989611329301,5.3072851751951795],[-73.220888319557503,5.3073023983065397],[-73.220775503612614,5.3073215809049268],[-73.220437055776145,5.30737912856205],[-73.219879912536129,5.3074738614337109],[-73.219840917771307,5.3076115567638267],[-73.219742320257325,5.3075121560789293],[-73.219879912536129,5.3074738614337109]],[[-73.21218108702115,5.3158565036379084],[-73.212555127610997,5.315675949766776],[-73.212746024826473,5.3154654645028891],[-73.213085389601545,5.3150912767351608],[-73.213602523556588,5.3145210769567326],[-73.214033319263095,5.3138665877413587],[-73.215080911037404,5.312573420751078],[-73.216021986369455,5.3108470024454792],[-73.216430675930837,5.3105710369309085],[-73.21699770328658,5.3102358549511868],[-73.217053120421099,5.3101783698412071],[-73.217223763326402,5.3102344208814483],[-73.217106913287793,5.3106860176614425],[-73.216958812350597,5.3114714742982203],[-73.216894911585044,5.3118103722427907],[-73.216765683210994,5.3124957331945346],[-73.216240238301879,5.3131856973918978],[-73.215972369935102,5.3138422005900567],[-73.215879494386868,5.3140698234275021],[-73.215835180395871,5.3142939136515697],[-73.215665036834636,5.3151543051558665],[-73.215340267414021,5.3152168808640283],[-73.214663319402803,5.3153473127785729],[-73.214458145495342,5.3153868447835739],[-73.213822211288715,5.3157627541555774],[-73.213759889983407,5.3158098705837489],[-73.213382412733878,5.3160952522563898],[-73.213366459988876,5.3161073128935747],[-73.212841088996157,5.3160950426802884],[-73.21218018730886,5.3161683487452329],[-73.211342596225833,5.3162612518087382],[-73.21218108702115,5.3158565036379084]],[[-73.195921968004811,5.3256015788198265],[-73.196124538011219,5.3243491193010417],[-73.195962546147427,5.3235042737118627],[-73.195912173611532,5.3232415628415417],[-73.195467429646285,5.3224855878137101],[-73.195364586442039,5.322310774902272],[-73.194521182771012,5.3216242711463533],[-73.19343889779185,5.3212494092954534],[-73.192946500074825,5.3212378917800853],[-73.192516745849872,5.3212454217505751],[-73.191933585335647,5.3209597213650444],[-73.192523958863262,5.3203047416318441],[-73.193535314437227,5.3201099200825537],[-73.194241462777171,5.3198699602665371],[-73.194836163433251,5.3211078412033874],[-73.195649972725334,5.3218155346623979],[-73.195925473168103,5.3220214922944038],[-73.196102293018427,5.3221536785310404],[-73.196608110684068,5.3230540593732556],[-73.196707015119358,5.3232301139975222],[-73.19733579332717,5.3237419163102242],[-73.197682092611785,5.3239709433401794],[-73.195921968004811,5.3256015788198265],[-73.195921308677583,5.3258276292487619],[-73.195808546827763,5.3258272987977771],[-73.195769541258471,5.3259649885956062],[-73.195670950400853,5.3258655878929613],[-73.195808546827763,5.3258272987977771],[-73.195809206196145,5.325601248382946],[-73.195921968004811,5.3256015788198265]],[[-73.223151609756158,5.3135240571399978],[-73.223464392111822,5.3133891548018095],[-73.224254704117698,5.3130482938902546],[-73.224324763730252,5.3130180771621598],[-73.224371337288247,5.3129622045051663],[-73.224600959245706,5.312686734881515],[-73.2247602537294,5.3128201427629547],[-73.224805070823393,5.3132737788751436],[-73.224704130448544,5.3136149414963878],[-73.224659467093815,5.3137658964242309],[-73.223406744365747,5.314430003171366],[-73.222918233611466,5.3148152513575626],[-73.223151609756158,5.3135240571399978]],[[-73.219889033406091,5.320409117778393],[-73.219836109664101,5.320313391645449],[-73.219835413818103,5.3203121330296748],[-73.219836116773138,5.3203109190231492],[-73.2203021421643,5.3195060894257757],[-73.220368488979034,5.3193915076772864],[-73.221088493134133,5.3185540633053243],[-73.221253032329869,5.3186969851944585],[-73.221147596119891,5.3190670617082345],[-73.220994467727621,5.3193950603326039],[-73.220572892512422,5.3202980650669955],[-73.220512360802999,5.3204277223059702],[-73.220487252738792,5.320481503056774],[-73.220437632374725,5.3207497852809365],[-73.220398056694236,5.3209637586278538],[-73.220395844366678,5.3209757199835357],[-73.22034732419111,5.3212380530072831],[-73.219889033406091,5.320409117778393]],[[-73.229651969320372,5.3208392798941615],[-73.229732301115391,5.3204330101139048],[-73.230502532354791,5.3195430270884518],[-73.230939620183065,5.3188789485120465],[-73.231622712868784,5.3183294691436673],[-73.231638000700343,5.3192026941188768],[-73.231289944261647,5.3194299994627645],[-73.229651969320372,5.3208392798941615],[-73.229612974696622,5.3209769745061131],[-73.229514373671165,5.3208775776381767],[-73.229651969320372,5.3208392798941615]],[[-73.249642418556704,5.3098194992523018],[-73.250032716155019,5.3093337762693693],[-73.250596231335038,5.3092651399001278],[-73.250482253027457,5.3095813845697526],[-73.249642418556704,5.3098194992523018],[-73.24960342773683,5.309957198598851],[-73.249504827069615,5.3098578009731074],[-73.249642418556704,5.3098194992523018]]],[[[-73.212118589116898,5.3285610787076561],[-73.212357916073216,5.3290732161514756],[-73.212303843826291,5.330347168060503],[-73.212590312165645,5.3303366205142373],[-73.212861917626242,5.3303266200827055],[-73.214397775421872,5.3292193540478747],[-73.214411579593559,5.3292094019839498],[-73.214454608981612,5.3291783801094246],[-73.214574657790976,5.3281969141025032],[-73.214605664607433,5.3280796920913058],[-73.214693015872157,5.3277494581349387],[-73.2147717813871,5.3269499007457259],[-73.21480475315461,5.3266151990393151],[-73.21492326000778,5.3261671767310661],[-73.214922965718984,5.3261591478435033],[-73.214898105726249,5.3254809117123125],[-73.214881532290207,5.3250287542932977],[-73.214877995531793,5.3249322645539969],[-73.214635818109898,5.324885192566728],[-73.214530046947871,5.324864633812485],[-73.214475646983374,5.3249231438277986],[-73.214132743079347,5.3250308684818979],[-73.213970447447778,5.3252054230853503],[-73.213819442812778,5.3255908105706871],[-73.213648146611021,5.3260279843947309],[-73.213164773784129,5.3266560225714032],[-73.213086758589625,5.3267573862024538],[-73.212522886117085,5.3271694283407918],[-73.212373626358698,5.3272784976669243],[-73.212160424351964,5.327434291676739],[-73.212147630372968,5.3274402983655316],[-73.211368210401716,5.3278062300809585],[-73.211768500123625,5.3281801478490349],[-73.212118589116898,5.3285610787076561]],[[-73.21342656145913,5.3282020871171651],[-73.21332461083567,5.3283957850493167],[-73.213280186542804,5.328138798325436],[-73.21342656145913,5.3282020871171651]]],[[[-73.205224163187452,5.3262515444759444],[-73.205104936099573,5.3263656955848369],[-73.20556147346953,5.3265893471137549],[-73.205836862040599,5.3267325638481973],[-73.206172174981532,5.3270844194950735],[-73.206610898761014,5.3275447870840802],[-73.206793955367843,5.3285409900773182],[-73.206359303553356,5.3298018366918747],[-73.20590587362031,5.331313899852268],[-73.208278892371112,5.3291007258992371],[-73.208631029314986,5.3286274638079476],[-73.208711004862707,5.3285199787687283],[-73.209116893021132,5.3279870466789534],[-73.208825726209582,5.3278444119681856],[-73.208627674839221,5.3277232384362838],[-73.208237586945344,5.3274845711547227],[-73.207585035228561,5.3271648984556057],[-73.206914297370091,5.326706316193496],[-73.206511729457077,5.3266487900171224],[-73.205941068453157,5.3265672432152407],[-73.205279582990173,5.3261940621667172],[-73.205224163187452,5.3262515444759444]]],[[[-73.20479441495003,5.3334131824127713],[-73.204510749940383,5.3335806225377249],[-73.204500610357769,5.3339196729636331],[-73.205075409499187,5.3332930686434663],[-73.204920943115283,5.3332006730681689],[-73.20479441495003,5.3334131824127713]]],[[[-73.203473413846382,5.326866953628814],[-73.203353607772598,5.3269045883851982],[-73.203240741291651,5.3269400431749343],[-73.203178131328912,5.3269597108541316],[-73.203046929292682,5.3270288090331048],[-73.202066200201003,5.3275453131121502],[-73.201720989418121,5.3277073803406498],[-73.201499417676132,5.3278240692742358],[-73.200982319049857,5.3280241622964857],[-73.200852832233124,5.3280742675493808],[-73.200416991217111,5.3285430038033601],[-73.200256087514063,5.3287160514437648],[-73.199490474931935,5.3295394449857181],[-73.199398970516199,5.3296239296076626],[-73.198551446242476,5.3304064336273038],[-73.197953016982595,5.3310500254021438],[-73.197396894734894,5.3315634778346341],[-73.1969730983283,5.331762432939203],[-73.196393155442721,5.3321599276070915],[-73.196523701399755,5.3326653251674569],[-73.196628857250204,5.333800204610184],[-73.196678231658964,5.3339090666333799],[-73.197531966451834,5.3334594655377963],[-73.197849261667344,5.3333105077985312],[-73.198147781718077,5.3333232439703346],[-73.198598782947883,5.3333424853844393],[-73.198912296676014,5.3333558608699487],[-73.199344263738922,5.333586589449312],[-73.19967081651572,5.33323539501193],[-73.199840033781527,5.3330534083373422],[-73.199985247429879,5.3328972364795879],[-73.200066271554192,5.3328100979974478],[-73.200455706718728,5.3323912741104058],[-73.200727162791281,5.3315405301612788],[-73.200972890184559,5.3312635372107806],[-73.201967148631596,5.3301427681159153],[-73.201987994958984,5.3300774332386247],[-73.201991248330685,5.3300672367815256],[-73.202024024595076,5.3299645120068355],[-73.202060054211785,5.3298515907680093],[-73.202105049849948,5.3297105688227138],[-73.202674054543209,5.327927227987816],[-73.202708583994635,5.327819007280814],[-73.202723004355249,5.3277738115943842],[-73.202787490632772,5.3276958811282844],[-73.202872265617486,5.3275934320865703],[-73.202900651685908,5.3275591280214263],[-73.202965567874159,5.3274806779236394],[-73.203013812685782,5.3274223748761376],[-73.203058870094637,5.3273679237346476],[-73.203353295365744,5.3270121152105743],[-73.203473413846382,5.326866953628814]],[[-73.199513890872254,5.3312634133831223],[-73.199552896419561,5.3311257232009419],[-73.199651488665808,5.3312251237608619],[-73.199513890872254,5.3312634133831223],[-73.199405619363532,5.3318355519880951],[-73.198854487245256,5.3322190279746904],[-73.198600129149895,5.3320769490919186],[-73.199513890872254,5.3312634133831223]]],[[[-73.210056011437985,5.3328232293495086],[-73.209064252677564,5.3337062355608165],[-73.208924235828917,5.3342461303742805],[-73.209196528562472,5.3340785008037264],[-73.209235485247675,5.3340545181663428],[-73.209309495356337,5.3340089558158494],[-73.209595679444291,5.333832774039343],[-73.209848248530037,5.3337174743642048],[-73.20994955594918,5.3336044899525294],[-73.210129514922045,5.3334037881980434],[-73.210274936015509,5.3329128166300075],[-73.210109393544428,5.3327636922704169],[-73.210056011437985,5.3328232293495086]]],[[[-73.20341816813891,5.3352808361893906],[-73.203362705221707,5.3353704706639089],[-73.203328931241927,5.3353911931824314],[-73.20332502405914,5.3353935904912424],[-73.202956027669785,5.3356199933628172],[-73.203431694526117,5.3357259996653985],[-73.203604568888537,5.3353275013915873],[-73.203530027365602,5.3352811631843648],[-73.203449096186475,5.3352308528776282],[-73.20341816813891,5.3352808361893906]]],[[[-73.21693269723859,5.3324215785399378],[-73.215965615889459,5.3329821725332893],[-73.215864921853253,5.3330405422954064],[-73.215852633221274,5.3330574113804738],[-73.215203960690118,5.3339478673705196],[-73.214512645462378,5.334563385777372],[-73.214010766685263,5.334792503367038],[-73.21329970232209,5.3357685991320647],[-73.212743426499202,5.3364441498444197],[-73.212805277457406,5.3365547660643777],[-73.212910695286084,5.3365267951013839],[-73.213238794213012,5.3364397390675506],[-73.21364799983337,5.3363311623090617],[-73.214715729630981,5.3362569232814119],[-73.214941306740272,5.3362412387072204],[-73.21538743474828,5.3362102187834877],[-73.215843116020906,5.33570200444177],[-73.21607255192275,5.3352047535870586],[-73.216366946978738,5.3346654657167605],[-73.218030754563273,5.3331840725978434],[-73.217513924362578,5.3324378655748044],[-73.217387662102396,5.3321600074094473],[-73.217215496639298,5.3321061731100103],[-73.21693269723859,5.3324215785399378]]]]},"properties":{"OBJECTID":3,"gridcode":3,"Shape_Length":90045.483813065191,"Shape_Area":5857134.2319651209,"Categoria":"Moderada"}},{"type":"Feature","id":4,"geometry":{"type":"MultiPolygon","coordinates":[[[[-73.245212047126273,5.2895423638927666],[-73.245853454952041,5.2901201054098692],[-73.246390071724491,5.2903688239887758],[-73.246420239077494,5.2903671072337257],[-73.247423084879159,5.2903100367151703],[-73.247997939703922,5.2899990132891128],[-73.248764379776205,5.2891440172068087],[-73.248966951073555,5.2882822875441562],[-73.249081561172048,5.287964921253054],[-73.248697566839198,5.2879940141124768],[-73.24868637657498,5.2879945698935575],[-73.248682099377561,5.2879947825039482],[-73.247932278775679,5.2880320540272612],[-73.247739092353939,5.2888349799438013],[-73.247141423405381,5.2892917167919515],[-73.246636048217951,5.2893103628581217],[-73.246159963785388,5.2890834919380456],[-73.245927831037534,5.2886407313300321],[-73.245913223456398,5.2882429452616169],[-73.245940106537262,5.2881039315748524],[-73.244868906532886,5.2880701487857609],[-73.244863835237325,5.2880969640606557],[-73.244914385924801,5.2889895720741995],[-73.245212047126273,5.2895423638927666]]],[[[-73.258630333181642,5.2895802074399096],[-73.259297550060765,5.2901811674977521],[-73.260020488203793,5.2904620821575099],[-73.259897906318784,5.2906866979324532],[-73.25973133020652,5.2910478314367646],[-73.259755144492473,5.2914681658234173],[-73.260259337398438,5.2912704718548609],[-73.260940419127138,5.2909714502280103],[-73.261011712571786,5.2908211159058105],[-73.261365112890104,5.2905788103538409],[-73.262418612246748,5.2899882456284182],[-73.26340379968741,5.2888933829159352],[-73.263852754767925,5.288099115884088],[-73.264103728791554,5.2877356949721719],[-73.264253512936222,5.2874198431783785],[-73.263741952129337,5.2875079026676666],[-73.263122603425359,5.2875510377502364],[-73.262665430701105,5.2875828782105012],[-73.262539201249155,5.2875916695831942],[-73.262462130692441,5.2876913872331608],[-73.260706494333419,5.2892163157655183],[-73.26057689713997,5.2893288820230637],[-73.260054339517282,5.2893481739332771],[-73.259578246775561,5.2891213116989757],[-73.259346102823102,5.2886785529576414],[-73.259329933208974,5.288238470291021],[-73.259525340238014,5.2878264216052218],[-73.259702258042509,5.28766302554798],[-73.259539144116161,5.287656181987284],[-73.259074964437985,5.287636707168363],[-73.258797023563744,5.2876391596196122],[-73.258435235286129,5.2876423538442472],[-73.258273992639587,5.2879919250222542],[-73.258332657932499,5.2890274181198658],[-73.258630333181642,5.2895802074399096]]],[[[-73.250846795765241,5.2906885871588791],[-73.251488211578021,5.2912663249459948],[-73.252024833050399,5.2915150397075621],[-73.253057850709865,5.2914562434906349],[-73.253609325369297,5.2911578628394063],[-73.254185678355483,5.2905149086221934],[-73.254451751834111,5.2899380773169051],[-73.254384247937821,5.2887464243826328],[-73.254376090636455,5.2886024233252069],[-73.253995851065653,5.2878962959204978],[-73.253970061205735,5.287698786738332],[-73.252916233890659,5.287734711314795],[-73.253001721108234,5.2883751414334537],[-73.253175617272746,5.2886299900651199],[-73.253190626755924,5.288651986782221],[-73.253360813863736,5.2889013995147396],[-73.253390303675971,5.2897042085787804],[-73.253151534431737,5.2902076784949088],[-73.252709833790746,5.2904403712204102],[-73.252270801793728,5.2904565733507249],[-73.251794713139731,5.2902297057982546],[-73.251669400107048,5.2899906957719409],[-73.251469522277574,5.2895630454861733],[-73.251137911039393,5.2890770565548175],[-73.25097036012059,5.2878218151274901],[-73.249922904464029,5.2879011770485818],[-73.249957847196939,5.2881687964408686],[-73.250118019313177,5.2893955233804952],[-73.250546830194679,5.2900952214647585],[-73.250652594014767,5.2903279399037029],[-73.250846795765241,5.2906885871588791]]],[[[-73.261090823771312,5.296821049462876],[-73.261732257040862,5.297398781749366],[-73.262268890872633,5.2976474906791138],[-73.263365259708806,5.2975850775814157],[-73.264221235825573,5.2969893056688946],[-73.264844514421796,5.2960129991803422],[-73.265620620346184,5.2953218032964724],[-73.26569726638354,5.2952362981973193],[-73.265605408562692,5.2951795936633559],[-73.265534706561425,5.2951069221467826],[-73.265112458672988,5.2946729129246197],[-73.2649635730982,5.294540677650363],[-73.26493510096185,5.2945153896262411],[-73.264907889112578,5.2945405216299051],[-73.264901223134288,5.2945466781161112],[-73.263852911418951,5.2955148626567272],[-73.263519942433163,5.296216981281356],[-73.263003646845377,5.2965709705650355],[-73.262514848504694,5.2965890155004729],[-73.262038749568532,5.2963621530904161],[-73.261806602548234,5.2959193939046498],[-73.261792995439365,5.2955490583846814],[-73.261790574177965,5.2954831607038289],[-73.261810496361619,5.2954360772610185],[-73.262200579598868,5.2945141649528207],[-73.262986399168483,5.2937884114738543],[-73.26303442433111,5.2937440571291461],[-73.263099451614579,5.2936840002064933],[-73.263204678871446,5.2935868159482435],[-73.263099816416357,5.2935532949388522],[-73.262988995076057,5.2935178690526703],[-73.262758192736356,5.293444089173434],[-73.26201819098668,5.2931282499687562],[-73.261390403044615,5.2927900662086405],[-73.260807519151598,5.2924294551553208],[-73.260269595965042,5.292001423726818],[-73.25992216717421,5.2917423272466451],[-73.259764853504848,5.2916395351902796],[-73.25978999659003,5.2920833251932953],[-73.260087673935246,5.2926361146691523],[-73.26084082713858,5.2933144722933108],[-73.261704670675982,5.2935184979983312],[-73.261171158649645,5.2942046021100504],[-73.260735120352862,5.2952440881398477],[-73.260793144591048,5.2962682595881256],[-73.261090823771312,5.296821049462876]]],[[[-73.227189221470979,5.3009448979074376],[-73.227721970760314,5.3012219309383495],[-73.228815629611631,5.3012474398810765],[-73.229250511647422,5.3010374911535108],[-73.229298681166014,5.3010142362430948],[-73.229815790061451,5.3005190634301798],[-73.229964077878336,5.3003770657995561],[-73.230217773380062,5.2998868661838108],[-73.230243217227724,5.2987906073685123],[-73.230111454696285,5.2985163761168579],[-73.230108258384789,5.2985110586821085],[-73.229662541444071,5.2977695561551137],[-73.229775425119925,5.2969330182011989],[-73.230260029704141,5.2968160673129843],[-73.230390220925088,5.2967846478482992],[-73.230664120664784,5.296718546638604],[-73.230679064152497,5.2967042368560824],[-73.230728864233214,5.2966565486274764],[-73.231294201873425,5.2961151840641687],[-73.231442488084497,5.2959731856173669],[-73.231633935893569,5.295603256384589],[-73.231647669015317,5.2955767202322415],[-73.231696179667779,5.2954829843378857],[-73.231714982578225,5.2946726848111032],[-73.231721618162496,5.2943867243814839],[-73.231488965863178,5.2939025260345236],[-73.230976886486971,5.2933652167883807],[-73.230224135336755,5.2928025328198789],[-73.229631798868283,5.2920153918642105],[-73.229953699356429,5.2916814594432982],[-73.23011757656036,5.2915114566203609],[-73.230837650203952,5.2913376754198973],[-73.231498615824833,5.2909384678775035],[-73.231647180690203,5.290941931231135],[-73.233112946588662,5.2909760993616644],[-73.233125150557669,5.2909763838311088],[-73.233422947282321,5.2908326081955881],[-73.233586694346755,5.2907220265947252],[-73.234133982340254,5.2903524315852115],[-73.234354972049033,5.2903839977698208],[-73.235217473314847,5.2905071967589778],[-73.235672150261877,5.2907436275545541],[-73.236608258187985,5.2910510727691067],[-73.236665527151374,5.2910698815208335],[-73.236720912363424,5.2910880715897655],[-73.237301606104239,5.2912787874983733],[-73.237750694328355,5.291512307291784],[-73.239579676735531,5.2919877074249122],[-73.239988597139714,5.2919116015455838],[-73.240569825206052,5.2918034262429456],[-73.241379327644992,5.2910282151872261],[-73.241633009437493,5.2905380064755549],[-73.241658427460209,5.289441740035322],[-73.241425766758638,5.2889575433852842],[-73.240790099079391,5.2882905765904518],[-73.239978017348378,5.2878683073656116],[-73.239273390458763,5.2876940004023716],[-73.238873394932895,5.2875300388911635],[-73.238675724600867,5.2874490120565154],[-73.238197517568437,5.2872919576445012],[-73.237783990087081,5.2871561451887619],[-73.237133235873628,5.2868967175781316],[-73.236335054185034,5.2865695317210122],[-73.236057285501644,5.286523394524238],[-73.235555914165587,5.2864401167582722],[-73.234676606471481,5.2862115571203212],[-73.233639370446269,5.2863193697383908],[-73.233125946628391,5.2863930856186521],[-73.233013142806229,5.2864092815972441],[-73.232581445608446,5.2864712629655086],[-73.232449372395919,5.2864025850532474],[-73.232053222970094,5.2861965876028787],[-73.231715222579382,5.2864417491874089],[-73.231649938993428,5.2864966060336158],[-73.23143822239598,5.2866745036255374],[-73.231303604677564,5.2867876203524684],[-73.231013754980722,5.2870311711516988],[-73.230940283067582,5.2870929078114992],[-73.230892556046555,5.287164055876544],[-73.230877229710231,5.2871869032975791],[-73.231064104736973,5.2870966820842025],[-73.231508548272231,5.2871070422691666],[-73.231954043222146,5.2873386985779955],[-73.23216935461636,5.2877868147279834],[-73.232459308920781,5.2878984071397408],[-73.233056293559116,5.2874952472489154],[-73.234381560730426,5.2872398270836616],[-73.235214761630758,5.287456404345785],[-73.235993902638043,5.2875858201346349],[-73.236792085126623,5.2879130067961038],[-73.237442840000412,5.2881724350640447],[-73.238334575487599,5.2884653028458066],[-73.23893224194488,5.2887102917937323],[-73.239636869666185,5.2888845994910785],[-73.240405416984316,5.2892842318835394],[-73.240629472926202,5.2897505296206404],[-73.240619143439361,5.2901960418458964],[-73.24038804482629,5.2906426105213988],[-73.239781835868982,5.2909352891897106],[-73.23809184760978,5.2904960177939007],[-73.237642759782389,5.2902624984425941],[-73.236013305719382,5.2897273401698772],[-73.235558629173724,5.2894909098220486],[-73.234758287399004,5.289376592297093],[-73.234301361582368,5.2892578228853173],[-73.23389553399349,5.2892649658787141],[-73.233067898373918,5.2898238901625314],[-73.232680648232474,5.2900108484421482],[-73.231898608803434,5.2898075687389339],[-73.23117935936348,5.2898202279776552],[-73.230488944522278,5.2903422691315329],[-73.229437766081702,5.2905107202438844],[-73.228935493013168,5.2912738923594267],[-73.228805854626813,5.2914708691930894],[-73.228784040877656,5.2914995160335216],[-73.228429690455627,5.2919648650500646],[-73.228437608385576,5.2924171042600676],[-73.229204531003361,5.2931599415142534],[-73.229480828090828,5.2937349827463631],[-73.230125287114447,5.2940506675065455],[-73.230468607338565,5.2942291936597998],[-73.230692655187028,5.2946954930301011],[-73.230682317379944,5.2951410026190056],[-73.230451209848326,5.2955875645225685],[-73.229844993855579,5.2958802302447072],[-73.229076184971419,5.2956803837537851],[-73.228637265865103,5.2968541868015313],[-73.228640475704736,5.2970374912046072],[-73.228656310147983,5.2979417626629948],[-73.22866217161004,5.2982765040020139],[-73.228806790184592,5.2984686845623985],[-73.228835937780758,5.2985074181718907],[-73.229006415842321,5.298733962685497],[-73.229031459419289,5.2987672425261412],[-73.22909565810555,5.2988525546867482],[-73.229214246317511,5.2990993708319234],[-73.229209597152604,5.2992996856761527],[-73.229206974009756,5.2994127064632179],[-73.229203906334462,5.2995448799568567],[-73.229141661492548,5.2996651515630946],[-73.22903857554823,5.2998643375809928],[-73.228972795232934,5.299991440344292],[-73.228507601267665,5.3002160199868724],[-73.227972380740553,5.300203538769332],[-73.227787473667888,5.3000395471541468],[-73.227337571437957,5.2996405343961683],[-73.227329511641202,5.2996333862552856],[-73.227225095974489,5.2995407811849411],[-73.227201655074069,5.2995199917112501],[-73.227112620548652,5.2994410279650799],[-73.227073798555523,5.2994065971560289],[-73.227000145160375,5.2993412747365687],[-73.226874326894517,5.2992296878016418],[-73.226773264324322,5.2981624262023281],[-73.226741146513149,5.2978232497167141],[-73.226638210465666,5.2967362072201523],[-73.227124695678313,5.295324689894688],[-73.226961930441192,5.2950057491334617],[-73.226838951139399,5.2947497935395162],[-73.226866672939138,5.2935554713218016],[-73.226741245656939,5.2933096947164477],[-73.226625073450137,5.2930679089224455],[-73.22616397109033,5.2933611473991116],[-73.225681656896541,5.2935271202360328],[-73.22571203305435,5.2935776553019753],[-73.225834349062666,5.2950025192759549],[-73.225884359778604,5.2952004718669459],[-73.225889587112178,5.2952211627145536],[-73.225948408395141,5.2954539892630024],[-73.225606974839138,5.2964446384568395],[-73.225806773219645,5.2992586924753038],[-73.225872392587561,5.2993952646051179],[-73.226035097039357,5.299733897578224],[-73.226096761224923,5.2997986007444098],[-73.227189221470979,5.3009448979074376]]],[[[-73.239673156810881,5.3022490256540395],[-73.239775093617894,5.3020553198809361],[-73.239628719220136,5.3019920384592423],[-73.239673156810881,5.3022490256540395]]],[[[-73.23385770272354,5.309096381914018],[-73.233895910382458,5.3092342999104742],[-73.233995075319015,5.3091354662098311],[-73.23385770272354,5.309096381914018]]],[[[-73.255390123091416,5.3109660635991318],[-73.255946163250385,5.3104525605624557],[-73.25643424092199,5.3100018195252847],[-73.256498460721289,5.3099425122745894],[-73.25639609582224,5.3097842476762045],[-73.256175354779742,5.3099632838637358],[-73.255836290966272,5.3102382875425889],[-73.255474047762789,5.3105320907055269],[-73.255390123091416,5.3109660635991318]]],[[[-73.243142884026113,5.3109605620076312],[-73.243364651182802,5.310506424070951],[-73.243100619596504,5.3103660662694931],[-73.243142884026113,5.3109605620076312]]],[[[-73.255390123091416,5.3109660635991318],[-73.255277360296503,5.3109657449263006],[-73.255277042360291,5.311078773845856],[-73.255389805175739,5.3110790925255067],[-73.255390123091416,5.3109660635991318]]],[[[-73.255277042360291,5.311078773845856],[-73.255139450499442,5.3111170785689561],[-73.255238052509142,5.3112164722047739],[-73.255277042360291,5.311078773845856]]],[[[-73.242485701412051,5.3121238672096149],[-73.24236810168118,5.3127721523680762],[-73.242906373299164,5.3123745063785766],[-73.243033102733762,5.3117344443240588],[-73.242871573589483,5.3116087343213882],[-73.242485701412051,5.3121238672096149]]],[[[-73.236282802699009,5.3146630815280274],[-73.236037576991706,5.315374573379108],[-73.235904918470467,5.3164375749225501],[-73.235558884053276,5.3171061747256143],[-73.235806585685751,5.3180866000194813],[-73.235853917046995,5.3184336808596226],[-73.235915043654344,5.3188819223542252],[-73.23636685553673,5.3185403176219745],[-73.236933565221591,5.3183181405512929],[-73.236981955776173,5.3182933285447831],[-73.237184725504875,5.3181893593434886],[-73.237158398357948,5.3180851566937806],[-73.237129820635872,5.3179720462708264],[-73.237072665203911,5.3177458254302392],[-73.237044087493999,5.3176327150125564],[-73.237026988596639,5.3175650376645907],[-73.237062829015429,5.3160207674158739],[-73.236936715162656,5.3150088831276934],[-73.236944178331029,5.314687406627792],[-73.237175293659448,5.3142408468196862],[-73.237645057905553,5.314014060008712],[-73.238197725503113,5.3140269436590142],[-73.238643240526017,5.3142586022245659],[-73.238881980830627,5.3147554595315283],[-73.239424947458929,5.3138018467988131],[-73.239879852399596,5.313240259512777],[-73.2399910053377,5.3130122594117104],[-73.240442723709847,5.3123483677597152],[-73.240810801090703,5.3112223267794096],[-73.241127290427741,5.3107571807033951],[-73.24123972404368,5.3100770643324333],[-73.241478588561776,5.3092584603484969],[-73.241732029904867,5.3087687399601675],[-73.241357605177612,5.3082711989912399],[-73.241183682956546,5.3079092428542847],[-73.241139762570256,5.3078178384241026],[-73.240275039872273,5.3074731154022468],[-73.240057942947985,5.3072453304638625],[-73.240055396352304,5.307242658494201],[-73.238867193271119,5.3059959549821585],[-73.238548211692688,5.3056612675789889],[-73.238378098904576,5.3056053996389441],[-73.23821378658775,5.3058810635489007],[-73.238209281409695,5.3058886218021799],[-73.23781788043685,5.3063320498205035],[-73.237805254223247,5.3063463543575482],[-73.237718363598617,5.3064447947771605],[-73.237692128597857,5.3064745170121261],[-73.237618846722896,5.3065575397052447],[-73.237579002923781,5.3066026796299672],[-73.237519329809473,5.3066702846049214],[-73.237465877201146,5.3067308422110342],[-73.237419812858363,5.3067830294761738],[-73.237404825408177,5.3068000090711474],[-73.237352847696314,5.3068251026272524],[-73.237207130118406,5.3068954514375442],[-73.237127014351174,5.3069341293063053],[-73.236974382540737,5.3070078160411773],[-73.236963451722673,5.3070130931581989],[-73.236901114144771,5.3070666748503319],[-73.236838543201642,5.3071204571105373],[-73.236788076271424,5.3071638354675637],[-73.236707479321083,5.3072331117637406],[-73.236675038364567,5.3072609960521149],[-73.236576415395419,5.3073457663729293],[-73.236562000424044,5.3073581566037671],[-73.236445351424535,5.3074584209379809],[-73.23616542472304,5.3076990285148176],[-73.236182100298478,5.3086509102586534],[-73.236165052983836,5.3093855480074295],[-73.236203834348757,5.3115995952749762],[-73.236386803610444,5.312323797606151],[-73.236495959232471,5.3127983864176187],[-73.236265730446476,5.3136882984060962],[-73.236282802699009,5.3146630815280274]],[[-73.238546796630132,5.3072405938314215],[-73.239710364585449,5.3083129972405239],[-73.240500477354843,5.3088121888599833],[-73.240222772737226,5.3097320066355573],[-73.240110325745363,5.3103401134218862],[-73.239736015336078,5.3110081133931732],[-73.239433219823042,5.3120058935386485],[-73.23869026087992,5.3130368089725941],[-73.23750747780123,5.312897475361809],[-73.237506290910048,5.312886829220103],[-73.237493685820397,5.312773764470931],[-73.237405699567361,5.3119845486164152],[-73.237182523525078,5.3111579267416378],[-73.237227851058208,5.309947286754193],[-73.237231493505263,5.3098500005731415],[-73.237236313858233,5.3097212534265728],[-73.237261702057978,5.3090431534213334],[-73.237296692218919,5.3081085789365421],[-73.238033006669355,5.3075817920510406],[-73.238373608629033,5.3071877903668208],[-73.238546796630132,5.3072405938314215]]],[[[-73.228056780432524,5.3265991303417426],[-73.228194377454543,5.3265608333844403],[-73.228095776139654,5.3264614360857481],[-73.228056780432524,5.3265991303417426]]],[[[-73.228056780432524,5.3265991303417426],[-73.227919183402818,5.3266374272625283],[-73.228017784698636,5.3267368245888784],[-73.228056780432524,5.3265991303417426]]],[[[-73.227490692789473,5.3273886972367404],[-73.227704791919606,5.3273402787792223],[-73.227872363295916,5.3268983923365729],[-73.22755069988888,5.327129065464538],[-73.227490692789473,5.3273886972367404]]],[[[-73.227490692789473,5.3273886972367404],[-73.227353095574642,5.3274269939597403],[-73.227451696833185,5.32752639138603],[-73.227490692789473,5.3273886972367404]]],[[[-73.189591653796896,5.3285651204230779],[-73.189431855580878,5.3285741953227355],[-73.189431833012563,5.3285889993829345],[-73.189473409570141,5.3287206349494003],[-73.189590881349133,5.3288288790083627],[-73.189616426057142,5.3288524171054101],[-73.189705878023787,5.3288884322553782],[-73.189751413396948,5.3289178625693712],[-73.189789341404946,5.3289423789876986],[-73.189890641040193,5.3290322374478478],[-73.190021841334882,5.3290802738356575],[-73.190170978607725,5.3291044053441068],[-73.190280610831834,5.3291091451429828],[-73.189642967061147,5.3285622063469456],[-73.189591653796896,5.3285651204230779]]],[[[-73.195216349131897,5.3355458093944099],[-73.19509655380034,5.3355791436160818],[-73.195078750344237,5.3355840975991899],[-73.195090071805609,5.3355955120195508],[-73.195177342098447,5.3356834988606359],[-73.195216349131897,5.3355458093944099]]],[[[-73.195216349131897,5.3355458093944099],[-73.195322207018222,5.3355366869418637],[-73.19566058593746,5.3355075265340579],[-73.195837839520962,5.3354922513120719],[-73.196424799437054,5.3352928028702538],[-73.196964875432244,5.3349281678434917],[-73.197354192279548,5.3347755747144925],[-73.197531604162151,5.3347060378294664],[-73.197868303756096,5.3344787124669519],[-73.198114552116223,5.3343598583548095],[-73.19855902077046,5.3343702539113922],[-73.19900452349097,5.3346019409618171],[-73.199228548249508,5.3350682502880886],[-73.199216327978064,5.3355933590435933],[-73.198620335547758,5.3363289765527639],[-73.197862035269409,5.3366261929500745],[-73.197703179489849,5.3367334439652367],[-73.197507914386264,5.3368652765026257],[-73.197071367246608,5.3370759781583841],[-73.196960680952458,5.3371372021657679],[-73.197514834324025,5.3374086843487865],[-73.198400150518921,5.3381785484584618],[-73.198467416265984,5.3376398957385653],[-73.198566581256557,5.3368457951816239],[-73.199106008961692,5.3361799954411122],[-73.199330275010226,5.3358393134801885],[-73.20009224236199,5.3349590047589572],[-73.200308046845066,5.3340828355959875],[-73.201041523638352,5.3332354318302082],[-73.201483270880914,5.3330222165054009],[-73.201645268526974,5.3320427813579307],[-73.201760291711864,5.3319326571700829],[-73.201809717447389,5.3318853365223591],[-73.201873371103872,5.3318243939137497],[-73.20192741251698,5.3317726541392902],[-73.201986450456772,5.3317161306228922],[-73.202045107544294,5.3316599717187696],[-73.202608409465242,5.3311206596307716],[-73.202829253480701,5.3306677551117581],[-73.203069850210071,5.3303142177080449],[-73.203181676873513,5.3298601769094169],[-73.20368264233278,5.3282554339593027],[-73.204100347698912,5.3277069873051524],[-73.204562118790889,5.3274840972992452],[-73.2050065842121,5.3274944861297158],[-73.2054520868287,5.3277261676977625],[-73.205737947581824,5.3283211635401413],[-73.205345419346429,5.3294597995273723],[-73.204954238786939,5.3307642563530857],[-73.204920764780169,5.330875880586138],[-73.204886508874637,5.3309901121115182],[-73.204862172630882,5.3310712649738043],[-73.204807198157596,5.3311520476813437],[-73.204763808207446,5.3312158073887659],[-73.204693950304602,5.3313184605955817],[-73.204610278540159,5.3314414126103662],[-73.204580702382529,5.3314848734674714],[-73.204533513658888,5.3315542151920035],[-73.20452990786697,5.3315595137413458],[-73.204466978544218,5.33181502141879],[-73.204419944496934,5.3320059903395958],[-73.204418081385271,5.3320135549920655],[-73.204390811112276,5.3321189319495552],[-73.204299427906719,5.3324720516910027],[-73.203519586818842,5.3329812732813169],[-73.203346706597216,5.3338553566942766],[-73.202816527234887,5.3345097554720153],[-73.202148787097002,5.3348320511757423],[-73.201818084170185,5.3358434661377157],[-73.201019099078849,5.3367484714117248],[-73.200650761000148,5.3373080081015472],[-73.201143156364097,5.337426993427818],[-73.201727863966937,5.3371272444707269],[-73.201858002660558,5.3371021751556365],[-73.201947374205602,5.3370849590169449],[-73.201970831223292,5.3370804403584895],[-73.202533048350134,5.3369721369756409],[-73.203387148071059,5.3367554006518265],[-73.204127495786096,5.3366127816536011],[-73.204227942012295,5.3364601934000273],[-73.204258640486458,5.3364135592043604],[-73.20433290106007,5.3363007495731933],[-73.204415554835251,5.3361751897077907],[-73.20474029600085,5.3351820112950339],[-73.205991518906472,5.3338265753179819],[-73.206158254916417,5.3326543521068741],[-73.20783314787603,5.3308622659409082],[-73.209123650540192,5.329842842363071],[-73.209164392007423,5.329759286147647],[-73.209281456224616,5.3295192002703544],[-73.209549176502506,5.3291257933564404],[-73.209578753907095,5.3290823301987267],[-73.209733936839655,5.328854293117403],[-73.210196990263142,5.3286307804838033],[-73.210339949893481,5.3286341207960044],[-73.210452706480922,5.3286367553779899],[-73.210641457962694,5.3286411655511543],[-73.211086964743004,5.3288728440187016],[-73.211391009497049,5.3295056853417204],[-73.210799749928071,5.330954665081074],[-73.210784254443055,5.3309666120175017],[-73.21073168292989,5.3310071443665397],[-73.210671237459451,5.3310537474790722],[-73.210147490534126,5.3314575527192725],[-73.210106152105396,5.3314894243110746],[-73.210001442313825,5.3315701546749628],[-73.209993134947382,5.3315765595822358],[-73.209855394045093,5.331682756577635],[-73.209767100544269,5.331750830029411],[-73.209709345727774,5.3317953584273203],[-73.209654083299057,5.3318379652053887],[-73.209563297361939,5.3319079602239832],[-73.209541066024912,5.3319251003496246],[-73.209417248947517,5.3320205619676884],[-73.209315031389252,5.3320993705428172],[-73.209271200484622,5.3321331636583498],[-73.209264340311918,5.3321384527706392],[-73.20920199054315,5.3321946071664561],[-73.209145123663461,5.3322458234618555],[-73.209088930562118,5.3322964329126261],[-73.209020031142614,5.3323584860907154],[-73.208975870545117,5.332398258625151],[-73.208894938577714,5.3324711486783674],[-73.208862810492178,5.3325000843039634],[-73.208769845968831,5.3325838112248256],[-73.208749750403229,5.3326019099491813],[-73.208644753315909,5.3326964737300555],[-73.208636690278411,5.3327037355607168],[-73.208071389114664,5.3332128631133777],[-73.208037116121801,5.3332437303679345],[-73.207950462563105,5.333937746367809],[-73.207908140813132,5.3342767036491141],[-73.207877332184893,5.334523451132374],[-73.207841934170759,5.3345654675201652],[-73.207799809331291,5.334615468436378],[-73.207728779191484,5.3346997790426549],[-73.207514840059332,5.3349537180200324],[-73.207502469076758,5.33496840197376],[-73.207419850228561,5.3350664678276587],[-73.207220854488426,5.3353026690042666],[-73.207228673546894,5.3357505108287731],[-73.207223381844017,5.3359776735433426],[-73.20772488695755,5.3360405822793773],[-73.208637775525162,5.3361550938624944],[-73.209858410984353,5.3348890816620473],[-73.210405858854202,5.3346248366553688],[-73.211127822376028,5.3338760285231501],[-73.211228360919392,5.3333676750583701],[-73.211247839019265,5.3332691876743654],[-73.2113372020724,5.3328173392727605],[-73.211342801706181,5.3327890256771964],[-73.211344620370753,5.332779829908362],[-73.211507382770876,5.3325917801060578],[-73.211569109324074,5.3325204634228376],[-73.211800129874661,5.3322535501717683],[-73.212134825959637,5.3318668530446089],[-73.212190458823514,5.3318025765361288],[-73.212247969136158,5.3317361308566111],[-73.212436870416823,5.3315178798445082],[-73.212782702590388,5.3313509489651389],[-73.213325642811625,5.3313636333103611],[-73.21425681753972,5.3305847246863376],[-73.215312040953108,5.3298956508487638],[-73.215598349486172,5.329308460014258],[-73.215585215823069,5.3285567923123871],[-73.215705888821461,5.3280904532972135],[-73.215834504419632,5.3268105697130892],[-73.215984265268162,5.3265212378857143],[-73.215994566417038,5.3265013364724103],[-73.216088271931682,5.3263203010227533],[-73.21591489056479,5.3256339499141809],[-73.215953827424542,5.3239589879672149],[-73.216171285055111,5.3231185952461173],[-73.216334019956932,5.3222956853585162],[-73.216747078920051,5.3217533072954195],[-73.217208846906146,5.3215304047386818],[-73.2176533113511,5.3215407830688051],[-73.218098818227688,5.3217724556745987],[-73.218371980657238,5.3223409997911242],[-73.218229685075528,5.3228909286608399],[-73.218200460710619,5.3230038716767982],[-73.218199087763722,5.3230091776845878],[-73.218087274148886,5.3234632237115553],[-73.217970958359544,5.3239127380124547],[-73.217794943662582,5.3251504126080844],[-73.217967680891547,5.3258341956813569],[-73.218076481817477,5.3264262434405412],[-73.217726532521169,5.3274414500092719],[-73.2177396605952,5.3281925338704248],[-73.217618988953191,5.3286588737909453],[-73.217505868762373,5.3295650270456232],[-73.217217586989435,5.3305527759071332],[-73.216557059906108,5.3314200776365102],[-73.215647539901042,5.3319576859821733],[-73.214838552509448,5.3325039152973241],[-73.214572309208975,5.3330499430318312],[-73.21410328640421,5.3336288812135004],[-73.213202372606773,5.3338462447997586],[-73.212688381324796,5.3349003589084321],[-73.211383929214222,5.3363385822370741],[-73.210714919955279,5.3366614972842417],[-73.21034227269169,5.3370479991709336],[-73.210491932718199,5.3373412706584862],[-73.210601778113499,5.3375699052969887],[-73.210825013360989,5.3379020667760226],[-73.210889958668488,5.3379987016781012],[-73.211792555179329,5.3381362477236252],[-73.212292604253051,5.3377986218708573],[-73.212615365021691,5.3376428300426131],[-73.213536252782148,5.3374654189055351],[-73.213985389242694,5.337351437015899],[-73.215163875386608,5.3372659721203819],[-73.215453913622255,5.337244937922665],[-73.21624947329299,5.3370166723976773],[-73.216468508866384,5.3365674593080055],[-73.216819684692126,5.3361063609166974],[-73.217139940251329,5.3354495571854725],[-73.217612226620517,5.3348665899819538],[-73.218055017664796,5.3346528554722648],[-73.218609227616753,5.3340780217139141],[-73.219299138037854,5.333417461669546],[-73.219291250461296,5.3329662680014298],[-73.218892544816924,5.332500189739819],[-73.218795615539946,5.3323868814041422],[-73.218786498969536,5.3323762243182307],[-73.218698686296719,5.33227357306468],[-73.218465183996997,5.3320006133863123],[-73.218449811874734,5.3319337694510462],[-73.218449482849124,5.3319323387202973],[-73.218290391966661,5.3312405497754289],[-73.2185187800184,5.3303579292916874],[-73.218342953822855,5.3297694076279853],[-73.21823126659784,5.329395570287832],[-73.218176860484149,5.3292134631130867],[-73.218184729103982,5.3288749819366501],[-73.21841586433635,5.3284284356478624],[-73.218983085025286,5.3281546324129367],[-73.219651343792052,5.3283283556531194],[-73.220043334188503,5.3280636765047582],[-73.220321486683673,5.3272128783396848],[-73.220382155160436,5.3264926854526431],[-73.220408913973003,5.3261750311338636],[-73.22046589166969,5.3254986446604988],[-73.221397578257353,5.3244221484138192],[-73.221805874499523,5.3235847393403493],[-73.22214771356262,5.3231358743464208],[-73.222463187858978,5.3220269854346585],[-73.222649544349537,5.3210845696269375],[-73.222944193508212,5.3206515602363575],[-73.223180334300466,5.3200564717429542],[-73.22351172750632,5.3194162004479733],[-73.223495966784029,5.3185151398266743],[-73.223601356508965,5.3177071605004897],[-73.223645465748447,5.3173689917993094],[-73.223646159505009,5.317368205883894],[-73.223678617225318,5.3173314364674198],[-73.223745680309165,5.3172554646733774],[-73.224143763148575,5.3168044995454498],[-73.224545494717646,5.3163493998249285],[-73.224769712228493,5.3162411619392369],[-73.224809425856364,5.3162219907234265],[-73.224922344834525,5.316167480593232],[-73.224986877437487,5.3161363283246637],[-73.225210473980795,5.3160216844787005],[-73.225456712207105,5.3159028146864546],[-73.225901174763337,5.3159131857612616],[-73.226275669629729,5.3161079247056984],[-73.226346683364852,5.3161448521200443],[-73.226388080217404,5.3162310109204602],[-73.226570730041658,5.3166111577309749],[-73.226558742691893,5.3171274295688811],[-73.226099642551631,5.3177302889287823],[-73.225559175085607,5.3179911923909771],[-73.225418278367911,5.3185633705606081],[-73.225430667652901,5.319271709404247],[-73.225622572147074,5.3195267387305432],[-73.225822005701417,5.3181242189597118],[-73.227089711185243,5.3171227079084273],[-73.227237925343488,5.3168187121319628],[-73.227806855669883,5.3161433305394015],[-73.227301540928963,5.3155121763349715],[-73.227181072637009,5.3149544540499996],[-73.227118663857311,5.3146655250920212],[-73.227005511764617,5.314141673702486],[-73.227028635547271,5.3131458264748481],[-73.227010849716407,5.3121294018908563],[-73.227142284073224,5.3116214029292319],[-73.227305115835435,5.3106365737622285],[-73.227717405374037,5.3100306552942627],[-73.228180440453201,5.3098071247014218],[-73.228624899369308,5.3098174923697092],[-73.229070406018238,5.3100491556805851],[-73.229343578557106,5.3106176950545887],[-73.229170703963817,5.3112858813218811],[-73.229059010201468,5.3120714486096707],[-73.229057934411841,5.3120790148580435],[-73.229030670040231,5.3121843955369137],[-73.228943006107315,5.312523228702168],[-73.228939435103712,5.3125370311089739],[-73.228945127825099,5.3128623194960758],[-73.228950185871298,5.3131513442706826],[-73.228935753237948,5.3137729581251198],[-73.228947761147097,5.3144590195894557],[-73.22950108632304,5.3144492904467944],[-73.229739280472018,5.3144548461706105],[-73.230184790562859,5.3146865098951004],[-73.230413232907594,5.3151619527773235],[-73.230396211168269,5.3158951427056778],[-73.229945187638307,5.3164874039469296],[-73.22972811415994,5.3169326454572419],[-73.228926450281804,5.3178408178138241],[-73.228574065067946,5.318376204772056],[-73.227682506274405,5.3190805528444045],[-73.227646023380146,5.3193011942113193],[-73.227627343118783,5.3194141686316989],[-73.227505552292925,5.3201507326911859],[-73.224899825471894,5.3225024605635785],[-73.224255464735364,5.3228135119221891],[-73.223993207262353,5.323878501186055],[-73.22349472481946,5.3244938359422989],[-73.223092148188414,5.3253195199166878],[-73.222348649231378,5.3262020944040307],[-73.22236889105929,5.3273597262103065],[-73.222018079435188,5.3282194897846713],[-73.22179317707139,5.3287862397241925],[-73.221068042155181,5.3296240689094745],[-73.220710105425255,5.330526051417829],[-73.220226191146878,5.3311614589849707],[-73.221098614010785,5.3321812986504629],[-73.22181498886863,5.3316397117999887],[-73.22280090292756,5.3312757629284491],[-73.223413873541546,5.3309896291518699],[-73.223476144461742,5.3309605611227111],[-73.223452470666373,5.3309309916941832],[-73.223414179635242,5.3308831648023016],[-73.223361768893398,5.3308177018657972],[-73.223301817741515,5.3307428206641108],[-73.223271067151217,5.3307044120347342],[-73.223189455895096,5.3306024765218467],[-73.223180365439845,5.3305911222010796],[-73.222914335335673,5.3302588404021591],[-73.222784770695924,5.3299891765122132],[-73.222804953205468,5.3291206761503149],[-73.222807725413659,5.3290013800230422],[-73.222856031939571,5.3289080516791509],[-73.222862897242109,5.3288947878917812],[-73.222969426736881,5.3286889724401387],[-73.223038857960333,5.328554830897045],[-73.223504077244414,5.328330259902164],[-73.223948548159868,5.3283406353538814],[-73.224439760776207,5.3285960699234876],[-73.224718408700127,5.3294652839602232],[-73.224721240628071,5.3294741178671661],[-73.224734255774536,5.3294653296878485],[-73.225059786716173,5.3292455221805204],[-73.22575879016162,5.328832332600224],[-73.225625548313204,5.3285712472409186],[-73.225487201006246,5.3282833078505121],[-73.225523162414007,5.3267353364627441],[-73.226660549023691,5.3252855994633945],[-73.227121926119295,5.3250628794882457],[-73.227566395631555,5.32507325156352],[-73.22801191071332,5.3253049190607689],[-73.228114815117848,5.3255190903930902],[-73.22816540443614,5.3256243801309342],[-73.228169197763364,5.3256322750462362],[-73.228223580423574,5.3257454597007623],[-73.22823595987397,5.3257712245969708],[-73.228223256728882,5.3263182636918653],[-73.228348523308853,5.3263160622185346],[-73.228678608422513,5.3256390500197135],[-73.229413698280055,5.3247316295719882],[-73.229588452731718,5.3245159059503058],[-73.229916222741281,5.3238436336591972],[-73.229974935431656,5.3237739364837626],[-73.230023632500277,5.3237161287201866],[-73.230088084143958,5.3236396188426269],[-73.230118617149628,5.3236033734170514],[-73.230201232804276,5.3235053011638422],[-73.230308586338609,5.3233778627311166],[-73.230314381412668,5.3233709834472567],[-73.230403570878181,5.3232651073482158],[-73.230427529969148,5.3232366656929928],[-73.230501713729197,5.3231486026857606],[-73.231000919306439,5.3229076162283491],[-73.231362770119816,5.3223578473445148],[-73.231445129077613,5.3222852341712601],[-73.231484008654263,5.3222509553206097],[-73.231558178190411,5.3221855624464904],[-73.231611790981958,5.3221382937700676],[-73.231671227268322,5.3220858906885695],[-73.232761829926474,5.321124337907384],[-73.23276930964181,5.3211177432384913],[-73.233027400243841,5.3210346133165149],[-73.233140268196564,5.3209982589678528],[-73.233817475763175,5.3207801323479966],[-73.23387695716886,5.3207609735102137],[-73.233897894296049,5.3204494241015343],[-73.233981432173053,5.3192063498365938],[-73.23399662075353,5.3189803363155761],[-73.2339976012276,5.3189657463614628],[-73.23385840702656,5.3184147977751124],[-73.233824603485616,5.3182809989526065],[-73.233774590621664,5.3180830414797082],[-73.233751447154688,5.3179623773184863],[-73.233729756294153,5.317849286672895],[-73.23364726704196,5.3174192085822884],[-73.23366891852649,5.3164864939625085],[-73.23400772892704,5.3158318553280051],[-73.234141478268697,5.3147601418012096],[-73.234385142351641,5.3142893430518727],[-73.234038031688712,5.313772894906287],[-73.23390507790667,5.3126557867453492],[-73.233182716353241,5.3118113933594913],[-73.232493974012897,5.3103779818958587],[-73.232435006328501,5.3102552580578415],[-73.232437225627393,5.3101596485593827],[-73.232447865009675,5.3097012905593122],[-73.232678979980733,5.3092547293773338],[-73.233208034993609,5.3089993213822417],[-73.23385770272354,5.309096381914018],[-73.23369560395551,5.3082512673317357],[-73.233127967855381,5.307569541159662],[-73.233018114437584,5.307340907170504],[-73.232741747607704,5.3069957228755165],[-73.232504451824198,5.3066993383141368],[-73.232497157424206,5.3066902275386365],[-73.232487355130473,5.3066559097167803],[-73.232281108441754,5.3059338398695424],[-73.232231031348846,5.3057585198142476],[-73.232229211642519,5.3057509435346262],[-73.232169574776108,5.3055026476260148],[-73.232121822038835,5.3053038308098541],[-73.232091903352512,5.3051854084757935],[-73.232058097700502,5.3050516009706907],[-73.232006173555163,5.3048460778929503],[-73.231977596964057,5.3047329677021802],[-73.231952761569545,5.3046346656855263],[-73.232059910398405,5.3044148822663093],[-73.23207001938448,5.3043941467259357],[-73.232173333765118,5.3041822282670843],[-73.232180073077544,5.3041684045814792],[-73.232229168779583,5.3040676993912053],[-73.232675985377369,5.3038385911251185],[-73.232850886830619,5.3038355125166783],[-73.232963653532707,5.3038335275752333],[-73.233011298367188,5.3038326889153584],[-73.233493328698415,5.3039579881848233],[-73.233865406917971,5.3039514409983894],[-73.233978173697182,5.303949456679808],[-73.234135013210732,5.3039466967939735],[-73.234598925527152,5.304173934199544],[-73.234820416713504,5.3046079373933015],[-73.234836884175536,5.3048541689286619],[-73.234935806094796,5.3063333158751247],[-73.23569680784442,5.3056478249512553],[-73.235777734910926,5.3055749277434723],[-73.235821890528058,5.3055351533826203],[-73.235890785786495,5.3054730941039017],[-73.23594697316787,5.3054224817731557],[-73.236066181353934,5.3053151016638562],[-73.236415254422951,5.3051465789954788],[-73.236400762807477,5.3043192183940322],[-73.23662746127593,5.303854204615285],[-73.236859998270063,5.3037349645807721],[-73.237403154888923,5.3034727406043789],[-73.237644092932612,5.302735646283768],[-73.237767904451644,5.3024964131674981],[-73.23775510617881,5.3017662047086382],[-73.237991454054665,5.3008062711993933],[-73.238496178991866,5.3004654212712321],[-73.238993641054321,5.300456662089597],[-73.239239193756646,5.3005769369130409],[-73.239574724678121,5.3007514089949774],[-73.23946599431018,5.3001254668501883],[-73.239242973165261,5.299242763097717],[-73.23943352721372,5.2982455720320196],[-73.240337718123442,5.2973075764288362],[-73.240919515125455,5.297297329934632],[-73.241383427450216,5.2975245614677906],[-73.241612000474859,5.2979724358973312],[-73.241619811355918,5.2984179997676613],[-73.241499823232402,5.2986641371538576],[-73.241207501035362,5.2990937810344336],[-73.241383872401784,5.2997918351055793],[-73.241491170520504,5.3009246932082084],[-73.241708767055329,5.3017859026910141],[-73.241722425433395,5.3025652513565564],[-73.2415458793255,5.30345827464342],[-73.240298699527798,5.3049389241325349],[-73.241251889210005,5.3057842601117358],[-73.242201965281353,5.3061630037113554],[-73.24283751538762,5.3069262745191335],[-73.243156009227832,5.3075890980260505],[-73.243550925199585,5.3078590687984866],[-73.244054242828042,5.3076009790590239],[-73.244498755659578,5.3075931498899189],[-73.244744312518051,5.3077134237897603],[-73.244971743305996,5.3078316834273949],[-73.245195341673934,5.306923500615329],[-73.245360439001004,5.3062852963624101],[-73.245189084833243,5.3049105635488631],[-73.245218360031743,5.3036479360648867],[-73.244205295377995,5.3026667438418427],[-73.243974816039554,5.3017545501450511],[-73.24391141926192,5.298138726534118],[-73.244093603000024,5.2977650067657862],[-73.244324895774838,5.2973180682608021],[-73.244652839388067,5.2966453451904068],[-73.245160828510166,5.2963022822129737],[-73.24565828545758,5.2962935165208407],[-73.246122203502424,5.2965207448432841],[-73.246350780390387,5.2969686185464884],[-73.246364301508095,5.2977395970620336],[-73.246237648894208,5.2979994077432151],[-73.245784727583185,5.2986651065539379],[-73.24590758034509,5.3017754092532696],[-73.246467933914673,5.3021584723872088],[-73.248031915239054,5.3007149333777184],[-73.248598602427563,5.3004927421282071],[-73.248935273218038,5.3002653735491441],[-73.24917508479966,5.3001495907238789],[-73.250517419694276,5.299026524920758],[-73.250961021717302,5.2988123474383135],[-73.251310897311313,5.2983528530774029],[-73.251527066022561,5.2979094065907653],[-73.252577724342402,5.2971149400905109],[-73.253098208246215,5.2971057644813078],[-73.253562131356844,5.2973329883189697],[-73.253790714617409,5.2977808611339858],[-73.253798534324673,5.2982264277441171],[-73.253594620984984,5.2986447364245803],[-73.251742349484857,5.3005663287771325],[-73.251414733102024,5.3007245058492787],[-73.250072394509374,5.3018475728656478],[-73.249832582220648,5.301963355871556],[-73.247460476353098,5.3042194881250806],[-73.247122996897644,5.3043824216909794],[-73.247112288325141,5.3048443015292319],[-73.247337671328509,5.3062572765382896],[-73.248017888717598,5.3056881877508539],[-73.248068523991989,5.3056668113609211],[-73.24840721427023,5.3055238283560806],[-73.248633007730291,5.3054285062205429],[-73.249084594509242,5.3052378616323708],[-73.249094186944362,5.3052338120268718],[-73.249197491174584,5.3051902004192177],[-73.249207368053632,5.305186030728251],[-73.249264532329022,5.3051212651353508],[-73.249310594941747,5.3050690774118667],[-73.250053983323411,5.3042268359080582],[-73.250165133868279,5.3039988286991804],[-73.250534794084729,5.3035424484157563],[-73.250620018124337,5.3034372311686848],[-73.250782252494218,5.3030283198889352],[-73.250802194052284,5.3029780571887741],[-73.250844884155441,5.302870456734281],[-73.250895646662087,5.3028037906506249],[-73.2509347982012,5.302752373162221],[-73.251008827076902,5.3026551514325515],[-73.251020678887983,5.3026395865071843],[-73.251196009979083,5.3024093248969342],[-73.251348686293468,5.3020961302513863],[-73.251358794436527,5.3020753947566197],[-73.251462102887231,5.3018634712543919],[-73.2514688420775,5.3018496466969767],[-73.251516255887353,5.301752383510812],[-73.251685776752055,5.3016242007726726],[-73.251688305128852,5.3016222889466134],[-73.251801307305541,5.3015368425930571],[-73.251834700852754,5.301511592123914],[-73.251983624904469,5.3013989834210653],[-73.252027311574466,5.3013659497925021],[-73.252035576859797,5.3013597000049657],[-73.252336971583219,5.3012869523562207],[-73.252365838618147,5.3012799847103249],[-73.252704353653371,5.3011982771019337],[-73.252995644609953,5.3011279678238452],[-73.253537084743073,5.3008503133530933],[-73.25451438642402,5.3006525414876844],[-73.255130623116756,5.3009543673649357],[-73.255359208173914,5.3014022403625942],[-73.255367028205839,5.3018478072893371],[-73.255140339295039,5.3023128328539695],[-73.254907804167203,5.3024320811128245],[-73.254640766279351,5.3025367860523653],[-73.254504632481684,5.3025901637355428],[-73.254354556946694,5.3026490078844626],[-73.254341115337056,5.3026542782951251],[-73.254165967475956,5.3027249157494394],[-73.254075873465155,5.3027612508009616],[-73.253940187315123,5.302815973194889],[-73.253742056857163,5.3028958793770187],[-73.253075518907508,5.3031106080026849],[-73.252538046782917,5.3037741735528723],[-73.252533756957803,5.3037794697810678],[-73.25247112550214,5.3039373332140221],[-73.252446273309204,5.303999973468323],[-73.252357557793843,5.3042235818411712],[-73.252308891664839,5.3043462452146812],[-73.251858297430417,5.3049025480388119],[-73.251854007591888,5.3049078442576381],[-73.251791458983149,5.3050361529443375],[-73.251746542911675,5.3051282911885327],[-73.251678041525238,5.3052688109089674],[-73.251639556964548,5.3053477558330631],[-73.251632861031879,5.3053540288372911],[-73.251564859745969,5.3054177350126048],[-73.251512574131169,5.3054667181361159],[-73.251451799013594,5.3055236545254614],[-73.250911138987064,5.3060301640566987],[-73.250886494785391,5.3060532515831502],[-73.250790851830033,5.3061428531261292],[-73.250773433826552,5.3061591708933458],[-73.249820495722659,5.3070519126230851],[-73.249572357625979,5.3071566679666393],[-73.249530183267552,5.3071744725106802],[-73.249304389113703,5.3072697948571443],[-73.249191492019108,5.3073174559908036],[-73.24904045221578,5.3073812195687919],[-73.248852800664807,5.3074604392328055],[-73.248837092437398,5.3074670706714908],[-73.248807935816544,5.3074935899357607],[-73.248739769527603,5.3075555902387261],[-73.248684051605721,5.3076062681744647],[-73.248626716698681,5.3076584168136005],[-73.2485601673514,5.3077189463730488],[-73.248513663833464,5.3077612433550128],[-73.248436283053479,5.3078316245314259],[-73.248400610931995,5.3078640698630615],[-73.248312398712073,5.3079443026497657],[-73.248287557994246,5.307966896337696],[-73.24818851432704,5.3080569807278941],[-73.248174505020174,5.3080697227789155],[-73.248064629898408,5.3081696587659817],[-73.248061452009836,5.3081725491867013],[-73.24751538021053,5.3086692232303054],[-73.246702684806067,5.3088653699018957],[-73.246367321541854,5.3095532969245172],[-73.24544910608833,5.3106868829014475],[-73.2452988441066,5.3109951096582195],[-73.244958565236587,5.3116526233705743],[-73.244844262532141,5.3125686550059994],[-73.244801309770679,5.3129128804546166],[-73.244664570482811,5.3131206449614927],[-73.244656263851695,5.3131332662218158],[-73.244551319832368,5.3132927201788069],[-73.244507762406982,5.3133589021285781],[-73.244455582200601,5.3134381856602664],[-73.244438097047365,5.3134549293495557],[-73.24383217650049,5.3140351545709468],[-73.243759675772864,5.3141045806164735],[-73.243714491443697,5.3141478487093199],[-73.243708962655944,5.3141531430242361],[-73.24364655837708,5.3142294604478657],[-73.243621085998072,5.3142606119299058],[-73.243533402668888,5.3143678443414482],[-73.243436668748984,5.3144861451091563],[-73.243420246906808,5.3145062281969464],[-73.243344460070716,5.3145989116608874],[-73.243307091090855,5.314644612014356],[-73.243252251356694,5.3147116781872752],[-73.243193935220972,5.3147829957936779],[-73.243160042606888,5.3148244446883872],[-73.243080779297159,5.3149213795349084],[-73.242975624999872,5.3150499776147138],[-73.242967623319501,5.3150597632380467],[-73.242883416142647,5.3151627440399754],[-73.242854467287899,5.3151981469030911],[-73.242791207249624,5.3152755104399407],[-73.242741311202394,5.3153365305300246],[-73.242698998320819,5.3153882768145246],[-73.242628155062988,5.3154749141188757],[-73.242164963829325,5.3160413698397546],[-73.242132216117753,5.3160648359747489],[-73.242062521231517,5.3161147774539623],[-73.241975105518435,5.316177417173944],[-73.241949527678742,5.3161957455518944],[-73.241336141133559,5.3166352807563175],[-73.240884466529792,5.316853336214602],[-73.241096543534169,5.3170844539113427],[-73.241561025538189,5.3168619799878751],[-73.241897706777351,5.3166346226014571],[-73.242334234188121,5.3164238788458436],[-73.242828990109487,5.3160897716330267],[-73.243415902197171,5.3160391395430695],[-73.243528693687679,5.3160294091111666],[-73.243754276678345,5.3160099481819154],[-73.244269900740349,5.3159654652341466],[-73.244774441529358,5.3157939667653915],[-73.245285728464594,5.3156292684587667],[-73.245503591363601,5.3151823831316172],[-73.245751823634166,5.3150550981900828],[-73.246602051085148,5.3147812166316903],[-73.246867928434483,5.3143904451304635],[-73.246947151430263,5.3142700715264981],[-73.247169902880273,5.3139316164347923],[-73.247244153301878,5.3138187980343679],[-73.24725620961361,5.313800479293171],[-73.247304675655371,5.3137268384395417],[-73.247330113568395,5.3137060128773506],[-73.247595381720558,5.3134888424341193],[-73.248499582633684,5.3127485864056494],[-73.248668789786819,5.3126100585789624],[-73.249917953392639,5.3124776031296612],[-73.25069472708546,5.3118277364448172],[-73.251383852945978,5.3116882916959938],[-73.251772930679493,5.3116132996747041],[-73.251988937199812,5.311571665802659],[-73.251998580470627,5.3115698071220185],[-73.252068711229811,5.3115562898479656],[-73.252170150770738,5.3114591493027046],[-73.252224566376597,5.3114070398000131],[-73.252287834559979,5.3113464528663341],[-73.252337635069054,5.3112987628431281],[-73.252405518307086,5.3112337563930572],[-73.252450703722587,5.3111904858522143],[-73.252523202012028,5.3111210598828622],[-73.252563772337226,5.3110822088271865],[-73.252630786872842,5.3110180341807967],[-73.252630616722612,5.3110083342700145],[-73.252619400866109,5.3103689471994313],[-73.25268787039245,5.310104258996466],[-73.252717087481244,5.3099913120076554],[-73.2527443474835,5.309885930631034],[-73.252907953633382,5.3085746173092696],[-73.253471689635703,5.3081939085449674],[-73.25396915824939,5.3081851392762944],[-73.254239533504517,5.308317566908002],[-73.254330931423269,5.308413459962706],[-73.254375367759053,5.308460081755924],[-73.254438953780806,5.308526795036558],[-73.254487799138531,5.3085780426734344],[-73.254663216747687,5.3087620874727168],[-73.255328106390962,5.3082271951140125],[-73.257474025541484,5.3075358771133807],[-73.257874924119278,5.307072591889523],[-73.25787965929112,5.3070671198371455],[-73.258165836433264,5.3067364079212496],[-73.258214436600824,5.3066367093890463],[-73.258224545358061,5.3066159722472239],[-73.258327852424699,5.3064040476289094],[-73.258334591798302,5.3063902224373356],[-73.258380282258315,5.3062964927279026],[-73.259119437170057,5.305604010449616],[-73.259122402708769,5.3056012321586756],[-73.260023915331644,5.3047566399494226],[-73.260084691156337,5.3046997012785608],[-73.260314753527368,5.3044841639877509],[-73.260651824085173,5.3044782172415452],[-73.261152291034591,5.3044898621279639],[-73.261196358495411,5.3044908874722898],[-73.261225429680181,5.3044768510869789],[-73.261556633244453,5.3043169365344056],[-73.262101770346291,5.3034885726256844],[-73.263074641867817,5.3025654455788205],[-73.263079801628194,5.3025605496312762],[-73.263187704409219,5.3024581637681667],[-73.263198570821345,5.302447852936937],[-73.263300766912366,5.3023508819236929],[-73.263317339972176,5.3023351562052223],[-73.263413829377129,5.3022436000453315],[-73.263436109080629,5.302222459436166],[-73.263526891803451,5.3021363181331527],[-73.263554878146692,5.3021097626298088],[-73.263639954191476,5.3020290361871725],[-73.263673647170492,5.3019970657860132],[-73.263753016541131,5.3019217542072612],[-73.263792416151958,5.3018843689048971],[-73.263866078852359,5.3018144721934837],[-73.263911185091047,5.3017716719864492],[-73.263979141125304,5.3017071901459278],[-73.264029953987858,5.3016589750306027],[-73.264092203359851,5.3015999080645093],[-73.264148722842307,5.3015462780374403],[-73.264205265555987,5.3014926259492974],[-73.264267491654394,5.3014335810069495],[-73.264494619764733,5.3012180640815307],[-73.264769858365582,5.3012132062536246],[-73.264882626401629,5.3012112159168305],[-73.265039466802676,5.3012084476758377],[-73.265333282411689,5.301352348192867],[-73.265503398495568,5.3014356649656502],[-73.265561879095571,5.301550242911226],[-73.265731992351704,5.3018835366364128],[-73.265736074279801,5.3021158837676543],[-73.265738060113918,5.3022289198045325],[-73.265739820192849,5.3023291058734197],[-73.265668434863116,5.302475551118774],[-73.265623521395213,5.302567689937093],[-73.265619835815258,5.3025752508072159],[-73.265555204327711,5.3026431057250152],[-73.264982782959194,5.3032440748715519],[-73.264537354102472,5.3037117166973626],[-73.264445910888554,5.3038077199114966],[-73.264424259413431,5.3038304510733303],[-73.264338536355694,5.3039204488240319],[-73.264311164680407,5.3039491854139884],[-73.264231161783229,5.3040331777046523],[-73.264198069903514,5.304067919719329],[-73.264123787171116,5.3041459065535213],[-73.263745690356686,5.3045428565873918],[-73.263694288326903,5.3045968216304775],[-73.26363259536015,5.3046615907161421],[-73.263586913516832,5.3047095503201618],[-73.263581870737937,5.304714844538287],[-73.262954852915556,5.3058162042431682],[-73.262678543957875,5.3059579019177736],[-73.262085909919989,5.3061902778421217],[-73.26154613949879,5.3068566959366059],[-73.261434993329516,5.3070847063865862],[-73.260414397295094,5.3083229021262168],[-73.260135795945445,5.30902513725768],[-73.257337375839484,5.3117050269983714],[-73.257438854819227,5.31168256419903],[-73.257737282249749,5.3116171717950884],[-73.257934277844569,5.3115456586053451],[-73.258113464164964,5.31140834471943],[-73.258388162983266,5.3112352558024458],[-73.258698680000066,5.311050267056209],[-73.259045047590831,5.3108294331318655],[-73.259343628805368,5.3106444263992412],[-73.259582477049634,5.3105071799624435],[-73.259964607080889,5.310310318366537],[-73.260191550999224,5.3101551169651309],[-73.260364749633425,5.3100297469753288],[-73.260550016270187,5.3098027221180057],[-73.260753180314964,5.3095817011347073],[-73.261075865159,5.3092172949422682],[-73.261284989910322,5.3089962811535232],[-73.261342845130415,5.308945673879637],[-73.261458678075655,5.30870805400831],[-73.262222431967174,5.3077651032865703],[-73.26269465792312,5.3071302948133861],[-73.263223455387902,5.306874976415016],[-73.263945268849938,5.3061837180352391],[-73.264482388712281,5.3052825257216858],[-73.266739884787526,5.3029054066781747],[-73.266769950254144,5.301606736801534],[-73.266537267604562,5.3011225418217078],[-73.265901555933425,5.3004555880672681],[-73.265412495244377,5.3002013125681717],[-73.264318813655066,5.3001758684829543],[-73.26383576870623,5.3004091040697796],[-73.262380068487573,5.3018032005030378],[-73.260886872094844,5.3033523125892765],[-73.259811642210906,5.3035246581895708],[-73.257695365792586,5.3055513296749748],[-73.256925423755916,5.3065863377685369],[-73.255622272972644,5.3070061528535044],[-73.254732090646968,5.3073087619821075],[-73.253787017062777,5.30706313671892],[-73.252884580023093,5.3072717122806647],[-73.252100079132958,5.3080229746526513],[-73.251863071863312,5.3084809555807659],[-73.251730441292025,5.30954397194082],[-73.251614157234982,5.3099934983310417],[-73.251502049581987,5.3105605916598622],[-73.250262309051124,5.3108598114374663],[-73.249469773942096,5.3114590668778368],[-73.248277295155546,5.3116016934876118],[-73.248221561351002,5.3116083594776295],[-73.247215634001279,5.3124623650521423],[-73.24657459690988,5.3130065859932758],[-73.246224774957142,5.3134768136705723],[-73.246140865072647,5.3135896044465598],[-73.245887442768137,5.3139302516113256],[-73.245397429151552,5.3139388822376841],[-73.245835475543004,5.3130924567044664],[-73.245844065698037,5.3130236145317333],[-73.245994097067268,5.3118212456169767],[-73.246536981036144,5.310996364812695],[-73.246991874912496,5.3104347728570334],[-73.247400546491107,5.3098854358251977],[-73.248088086457756,5.3095534934994157],[-73.249363375392221,5.3084047083942068],[-73.249526908221142,5.3083356707288827],[-73.250341665673503,5.3079917085206434],[-73.25043022012342,5.3079069066696603],[-73.252457607339466,5.3059654204030684],[-73.252465450574007,5.3059538924567677],[-73.252564179166725,5.3058087816140107],[-73.252578681590052,5.3057874660081223],[-73.252640933083399,5.3056959689766989],[-73.2526919125375,5.3056210395178161],[-73.252717686968566,5.3055831563202522],[-73.253313210306189,5.3047078554777363],[-73.253607815769016,5.3041035090499653],[-73.254676540895787,5.3036724934800894],[-73.255419101104806,5.3033813355224586],[-73.25611808466995,5.3027119511457563],[-73.256371766354633,5.3022217343013187],[-73.256397164131172,5.3011254591977037],[-73.256164490472358,5.3006412630195232],[-73.256143765199027,5.3006195184777063],[-73.255528794180734,5.2999743024100781],[-73.255079140170864,5.2997405034898106],[-73.254122612498463,5.2996039027348099],[-73.254800645988468,5.2987134258387858],[-73.254828663829599,5.2975040808069993],[-73.25459599201713,5.2970198848347509],[-73.253960300367538,5.2963529243156131],[-73.253471250335508,5.2960986420104126],[-73.252377583316644,5.2960731793417821],[-73.251902238695138,5.2963026878033821],[-73.251250774536629,5.2968174283490654],[-73.251177253639511,5.296875519206524],[-73.251137762570508,5.2969067221629524],[-73.250887609476308,5.2971043746985158],[-73.250297327488411,5.2978978697265315],[-73.249843085044915,5.2982334110866276],[-73.249441669699877,5.2985692566930656],[-73.248681373947889,5.2992053588429728],[-73.24815267696502,5.2994764738354059],[-73.247582456629246,5.29975178232998],[-73.246794831278535,5.3003473389798108],[-73.2468650004799,5.2994629958091766],[-73.246891899591063,5.299123983961139],[-73.246909411184603,5.2989032832010485],[-73.247361586973909,5.2981606115833202],[-73.247395312983414,5.2967055571440271],[-73.247156062331712,5.2962076545783106],[-73.246520381725006,5.2955406893126327],[-73.246031337202282,5.295286402338709],[-73.244937676238806,5.2952609270924516],[-73.244827657631689,5.2953140455590519],[-73.244454633412374,5.2954941464381049],[-73.244213032184149,5.2957255115798896],[-73.243680707414555,5.2962352818295431],[-73.24359446596209,5.2964019320380196],[-73.243584167657431,5.2964218321413856],[-73.243536059110951,5.2965147954796743],[-73.243533316076054,5.2965200960267884],[-73.243311017017703,5.296976103945287],[-73.242968894390202,5.2976372025050553],[-73.242963507746566,5.297869520139832],[-73.242878459401453,5.3015373367438752],[-73.243142024147588,5.3029113438524984],[-73.243513825828188,5.3034170818354776],[-73.244164946556808,5.3041990494181794],[-73.244174916478755,5.3047677388004022],[-73.244196714188277,5.3060111216578445],[-73.24420671505726,5.3065816042728891],[-73.243837235319987,5.3064678837740695],[-73.24339974155076,5.3060088565664323],[-73.243331747614832,5.3059375159006033],[-73.243291722178839,5.3058955203636273],[-73.242694049285944,5.3052684285119716],[-73.242272212284107,5.3050490836078419],[-73.241783474950566,5.3048096901638591],[-73.242583860808182,5.3038215685186634],[-73.242662288832008,5.3032940616492894],[-73.242815783932969,5.3022616480444622],[-73.242620714648965,5.3010386699576211],[-73.242413009514024,5.3002166044522729],[-73.242395782667771,5.2992339599339608],[-73.242624530725465,5.2987919445943339],[-73.242643319757974,5.2979816400998203],[-73.242649950445099,5.2976956779170141],[-73.242417289607829,5.2972114804837167],[-73.241781613302777,5.2965445117113665],[-73.241441874882668,5.296367855783104],[-73.241292571302182,5.296290221380886],[-73.240427309928847,5.2962700594408298],[-73.240198913270362,5.2962647372417617],[-73.239715867264721,5.2964979520255717],[-73.238724849463424,5.2974469688192478],[-73.238571128955897,5.2977440050310305],[-73.238356922014304,5.2981579192618238],[-73.238277273435003,5.298950965748304],[-73.238227551956783,5.2994460307548232],[-73.237789992138289,5.2996572792976862],[-73.237195340998113,5.3002267208393272],[-73.237124601672988,5.3002944611151754],[-73.236874028015279,5.3007786378230293],[-73.236753653894226,5.3014740864887351],[-73.236674098011804,5.3020336950336056],[-73.236601615156843,5.3025435488549615],[-73.236236396863589,5.3028932808070479],[-73.235955025478745,5.3031627207009233],[-73.235738465174094,5.3033873704568961],[-73.235511045195608,5.3036232852251963],[-73.23505240980748,5.3032723835938631],[-73.234636628497583,5.3029542690671549],[-73.232535093441001,5.3027329044056533],[-73.231916850270835,5.3030313754892298],[-73.231251451112939,5.3036685477026273],[-73.230997753748156,5.304158747442175],[-73.230989738515348,5.3045040842938294],[-73.230987115296571,5.3046171051711699],[-73.230975375166352,5.3051229223061105],[-73.231106013111415,5.3056400092676794],[-73.231314373816161,5.306507503960411],[-73.23137103611478,5.3066527151652858],[-73.231376926471725,5.3066678106647647],[-73.231415189817923,5.3067658699613673],[-73.231488870625796,5.306954695218904],[-73.231503497255147,5.3069921795589172],[-73.231555835391447,5.3071263089011671],[-73.232270797005043,5.3081900802436239],[-73.231437233632562,5.3092191195951752],[-73.231406014390956,5.3105640190804442],[-73.232233692925846,5.3122865893317028],[-73.232793969875772,5.3129863814892984],[-73.232888933467862,5.3131049919194053],[-73.232980724547062,5.3137781155949764],[-73.232997176391777,5.3138987605353547],[-73.233127856447808,5.3144159999965463],[-73.233122777818011,5.3144566932806612],[-73.232993834579986,5.3154898661016121],[-73.232655023599079,5.3161445038913024],[-73.232619117160354,5.3176911621908927],[-73.232758758444007,5.3184192158476771],[-73.232981767441984,5.3193019206465095],[-73.232869586006672,5.3198889033911909],[-73.231819971147985,5.320509377297916],[-73.230770915713833,5.3215138820263608],[-73.230272146316508,5.3220312490308608],[-73.229071301171189,5.3231810858693329],[-73.228913029876423,5.3234868795939292],[-73.22885461614743,5.3235997398130106],[-73.228852456606049,5.323603912226635],[-73.228579338729389,5.324164089013558],[-73.228578998777635,5.3241647862685886],[-73.228345321856594,5.3242845962588783],[-73.228282100415498,5.3242517210394062],[-73.228110986634007,5.3241627416399675],[-73.227944310036989,5.3240760695219391],[-73.227907600437959,5.3240569804590647],[-73.227831605350701,5.3240552071208818],[-73.227523769062799,5.3240480236948819],[-73.226813902209045,5.3240314582161243],[-73.226330829549084,5.3242646517133947],[-73.226089209362726,5.3244960052983012],[-73.22602593769578,5.3245565884562263],[-73.225971519548125,5.3246086942763462],[-73.225912862806808,5.3246648585658694],[-73.225853829691275,5.3247213832171667],[-73.225799787878898,5.3247731286411124],[-73.22557363790601,5.3249896686885831],[-73.225511450576235,5.3250492134048359],[-73.224816538919725,5.3259617010987679],[-73.224749697932012,5.3260494696887459],[-73.224532351111719,5.3264693914119974],[-73.224385409336847,5.3273580103380436],[-73.223376472546846,5.3271903912151908],[-73.223488881756126,5.3265283197559121],[-73.224117037437225,5.3256052053102199],[-73.224175139625856,5.325507739652573],[-73.224444193939647,5.3250564039504527],[-73.224508297439598,5.3249488708702337],[-73.224818949189498,5.3244923447722714],[-73.224965795625195,5.3242765425213134],[-73.225197486661813,5.323567829395226],[-73.225578616612168,5.3232536503592565],[-73.225581547003273,5.323251234730578],[-73.225691647921266,5.3231604744843946],[-73.225718183357415,5.3231386003376402],[-73.225804679198546,5.3230672985770946],[-73.225854819665003,5.3230259658974584],[-73.226496790670055,5.3224967639395864],[-73.226822083658476,5.3221852920004427],[-73.228300129223328,5.3207700381708225],[-73.228528042193361,5.3203296841116208],[-73.228669247088703,5.3197562482999539],[-73.228697059821314,5.3196433000349819],[-73.228697177440836,5.3196428223788041],[-73.22943242964331,5.3189387981757026],[-73.229826934989674,5.3184085451676806],[-73.230633522623535,5.3174765454021813],[-73.23096198541522,5.3169371248217754],[-73.231009572776784,5.3168589739838659],[-73.231030690260894,5.31682429356675],[-73.231305509350435,5.316372968382904],[-73.231349456049955,5.3163007962547306],[-73.231410970412583,5.3161997733231869],[-73.23141743783448,5.3159211758784997],[-73.231420061511614,5.315808155027927],[-73.231442229749263,5.3148531944297934],[-73.23120518628248,5.3143598576744369],[-73.230569516115153,5.3136928741577165],[-73.230294122922544,5.3135496693137387],[-73.229956307395085,5.3133841939732669],[-73.230053108181721,5.3126394416143405],[-73.230155906953257,5.311848538256533],[-73.230184588005827,5.3116278738828981],[-73.230412627377319,5.3107464613923998],[-73.230406305143035,5.3107189729001032],[-73.230276239304132,5.3101534584620218],[-73.230204580810778,5.3098418937286516],[-73.230127728357147,5.309761255192563],[-73.229455127783666,5.3090555184076065],[-73.228966085911509,5.3088012168177476],[-73.227872413756145,5.3087757036939554],[-73.227389355024741,5.3090089039615425],[-73.226615396987896,5.3097500052808693],[-73.226470735915811,5.3100295112063991],[-73.226271377783249,5.3104146990515417],[-73.226128403381395,5.3112794059322121],[-73.225960327204064,5.3119290239833967],[-73.225994310531235,5.3138710965889739],[-73.226010254370493,5.3147822876950368],[-73.225602728071962,5.3148381188282192],[-73.225049870986325,5.3149138598230667],[-73.224651505984284,5.3151181113405848],[-73.224586973499186,5.3151492636491291],[-73.224213931910043,5.3153293449278882],[-73.223736938582405,5.3157860766922846],[-73.223682899221004,5.3158378205073475],[-73.223619250294675,5.3158987656602008],[-73.223569826166624,5.3159460902612308],[-73.222897207502186,5.3165901348596041],[-73.222671451738947,5.3170263136180687],[-73.22266458819756,5.3170395745313108],[-73.222618265995607,5.3171290727228921],[-73.222498353895503,5.3180483751414425],[-73.222426376022398,5.3188340523820719],[-73.222395319775799,5.3191730462821445],[-73.222384274406906,5.3192936115522373],[-73.222210784531342,5.3196288039181656],[-73.221932876403031,5.3201987929340895],[-73.221625901720401,5.3207918790085325],[-73.221499515701183,5.3214310174753301],[-73.221477177800153,5.3215439807510752],[-73.221432501953899,5.3217699072905811],[-73.22142876765372,5.321788791698026],[-73.221410395853866,5.3218449876046217],[-73.221324189072575,5.3221086778355877],[-73.221296632232608,5.3221929689173395],[-73.221140601838286,5.3226702352257336],[-73.22079198228559,5.3232427281232395],[-73.220469355523079,5.3239044264236064],[-73.219459156339184,5.3250716346743623],[-73.219280343763785,5.3271943251689375],[-73.219010424622837,5.3270369058762581],[-73.218963251554641,5.3243382253646194],[-73.2191011637033,5.3238052390018984],[-73.219212976780696,5.323351192566899],[-73.219264122931634,5.3231535278110442],[-73.219272798234002,5.3231200003100296],[-73.219302022463907,5.3230070571799724],[-73.219441040285744,5.3224697928432594],[-73.219233012742677,5.3215652241191531],[-73.218607146566185,5.3209085047742226],[-73.218143945224071,5.3205622502254553],[-73.218092295463137,5.3205236407042573],[-73.218144229033115,5.320463635027501],[-73.218923092754792,5.3195637090311303],[-73.219063149216922,5.3192764554711891],[-73.219311329508145,5.3187674406530823],[-73.219944630667257,5.3180356973244569],[-73.220432519806621,5.3174719672484967],[-73.220524879091073,5.3173652507847864],[-73.22079349284428,5.3168462753232557],[-73.220926176545419,5.3157832857295713],[-73.221438922912824,5.3151099885451414],[-73.221605665098949,5.3147679952279168],[-73.221818186441212,5.3143573919578531],[-73.221949080707503,5.3131812858142826],[-73.222009207181671,5.3126410359332663],[-73.222677888834937,5.3124011395640256],[-73.223468035099117,5.3121176652234192],[-73.223472887881314,5.3121159242258749],[-73.225068813665587,5.3105877700133579],[-73.225402344584566,5.3101394695413147],[-73.225843584791363,5.3095463948808002],[-73.22634984317267,5.3090212482649219],[-73.226795706292648,5.3088060063687141],[-73.227461115693742,5.3081688424267313],[-73.227714818062708,5.307678645681948],[-73.227733632284966,5.3068683484414718],[-73.227742790076292,5.3064739313443869],[-73.22750794378446,5.3059851614183069],[-73.22748721971594,5.3059634161927551],[-73.227432454178185,5.3059059521316252],[-73.227379204085949,5.3058500781766451],[-73.226872284447467,5.3053181798412652],[-73.226383246751467,5.3050638775153782],[-73.225630733977866,5.3050463226644409],[-73.225405227351942,5.3050410617987342],[-73.225310737765113,5.3050388574177578],[-73.224412831367289,5.3053280718943103],[-73.224231239109301,5.3055019559168963],[-73.224163354667738,5.3055669587496785],[-73.224113553714062,5.3056146456993432],[-73.223209226800122,5.3064805823675432],[-73.223032451477962,5.3067181877538019],[-73.223014909232532,5.3067417664359766],[-73.222757552965732,5.3070876808580953],[-73.222189559142308,5.3077619509089402],[-73.221701517627409,5.3084179307370425],[-73.221575138387152,5.3084330408295557],[-73.220287395548269,5.308587003727709],[-73.220172275923346,5.308655055261787],[-73.219038172702327,5.3093254640122813],[-73.218499461190191,5.3101171626733024],[-73.218399880740591,5.3104583867476096],[-73.218398505061415,5.3104631006689056],[-73.218235093200306,5.3110230491742607],[-73.218199223964632,5.3111459587826779],[-73.218004450248145,5.3122709967660597],[-73.217891666486324,5.3130641233918467],[-73.217715086406884,5.3132820992460328],[-73.217713830807995,5.3132836491949416],[-73.217600667348606,5.3134233414956951],[-73.217113473795095,5.3140247463300421],[-73.217072147457912,5.3141844620341985],[-73.21704292349115,5.314297405091545],[-73.216983102576634,5.3145285971993665],[-73.216971117013713,5.3146362800860532],[-73.21685411203373,5.3156874926409934],[-73.216078059328893,5.3163366793034932],[-73.215787991793235,5.3163713559528594],[-73.214801504304617,5.316489286295413],[-73.214265177826093,5.3170028153961448],[-73.213822671270194,5.3174618006539642],[-73.213079111022395,5.3172684957078244],[-73.213016946152067,5.3172523345313021],[-73.212966375359471,5.3172592614922047],[-73.21121484904144,5.3174991749508242],[-73.210709157456762,5.3179424804306095],[-73.210596108896624,5.3180415822543061],[-73.210119535531177,5.3184593603366936],[-73.209926734104684,5.3186283753576342],[-73.209804939050613,5.3186761186042188],[-73.208901816571313,5.319030138444738],[-73.208449527270943,5.3192074330347356],[-73.207533381917642,5.3200846103503476],[-73.207373308711112,5.3203938528893531],[-73.207109520598792,5.3212006889324606],[-73.206948671624474,5.3213888447357496],[-73.206638688351987,5.3217514523478107],[-73.20656313658894,5.321839830052391],[-73.20624384604217,5.3222133240424752],[-73.205256477808931,5.3219566210160361],[-73.205172122035094,5.3219761096469931],[-73.204833607204876,5.3220543162551976],[-73.204564434251665,5.3221165027483952],[-73.203895728138036,5.3224593300896892],[-73.202790851829135,5.3227258962775883],[-73.202016840091105,5.3230292918269848],[-73.200384537641398,5.3238661199051247],[-73.1993713315062,5.324192407342772],[-73.199222117620081,5.3242404591905146],[-73.198171558742047,5.3251665946898123],[-73.197825273818225,5.3254718660002087],[-73.196527287424786,5.326818089202269],[-73.194329061953155,5.3288170217686917],[-73.193813719878946,5.3285200213728618],[-73.193103564215832,5.327989123038547],[-73.191800304948515,5.3265492228947853],[-73.19362285130947,5.3264171020136812],[-73.194592828043611,5.3254884463994845],[-73.194851097185705,5.3249895120547377],[-73.194876615587219,5.3238932752349095],[-73.194643996809873,5.3234090711377906],[-73.194515262920291,5.3232739805726199],[-73.194456093310166,5.3232118892385225],[-73.194407253585979,5.3231606378570335],[-73.19400837264601,5.3227420602127422],[-73.193781235975223,5.3226239324270637],[-73.193519345840485,5.32248773014497],[-73.192942890644915,5.3224742463233632],[-73.192371632107793,5.3224842564606245],[-73.191743104993392,5.3221573760105407],[-73.190520124215965,5.3220205568122898],[-73.189965463457753,5.3212833920817779],[-73.191386084471645,5.3197547255702355],[-73.191753257881402,5.3191969442525515],[-73.191824027861315,5.3190894358127867],[-73.192776914078109,5.3190143759854527],[-73.193285388887929,5.3189743222749239],[-73.194767395476376,5.3183145339438775],[-73.194982302665807,5.3187618731062409],[-73.195321201429152,5.3193257368926794],[-73.195611590519604,5.3200700649735539],[-73.195976132346047,5.3204526062105044],[-73.196042603896558,5.3205223597651523],[-73.196084141820805,5.3205659485975003],[-73.196192151334543,5.3206792909786067],[-73.196260210812142,5.320750710804405],[-73.1962674472678,5.3207558883018216],[-73.196318881479925,5.3207926881501564],[-73.196636127260447,5.3210196691419771],[-73.19711944845703,5.3213654721926247],[-73.197409840125786,5.3221098004378673],[-73.19766637444188,5.3223789990693984],[-73.197953275010889,5.3226800627300319],[-73.197990405298341,5.3227190259617441],[-73.198065693902137,5.3227980311857825],[-73.198077566852533,5.3228104902420599],[-73.198566596965833,5.3230648174087252],[-73.199869028505873,5.3230952684828425],[-73.20018150886429,5.3231025739204076],[-73.200997012941656,5.3229719512073084],[-73.201107893421906,5.3229541909228182],[-73.201419989631773,5.3229042007834249],[-73.202713562869363,5.321770259970684],[-73.203030407164434,5.3217092200138456],[-73.203594535150813,5.3216005404682525],[-73.203933011927916,5.3215353324605363],[-73.204384314280091,5.3214483881230539],[-73.204457828377315,5.3214342254434444],[-73.205175396184529,5.3208468588003051],[-73.205347451400414,5.3207060222915734],[-73.205622634104131,5.3204807700707271],[-73.205853579834169,5.3202917279865645],[-73.206028943843791,5.3201481825079737],[-73.206755787073703,5.3196113851750315],[-73.209678561590323,5.3168129286099965],[-73.209875867739797,5.3164317349636274],[-73.210013274025982,5.3160854833138558],[-73.210038129937573,5.3160228485566465],[-73.210102877889085,5.3158596891997192],[-73.210151718569662,5.3157366147293024],[-73.210176797420885,5.3156734180709986],[-73.210225813822376,5.3156339917690945],[-73.210377891881848,5.3155116678399628],[-73.210779294866143,5.315188799008097],[-73.211521875474446,5.3148977054395816],[-73.212536801706847,5.3139259268578938],[-73.213040377928465,5.3131608624423592],[-73.214225062310305,5.3116984685263402],[-73.214400964025984,5.3113586225255993],[-73.214567707759201,5.3110166320372691],[-73.214741197078666,5.3106814440367609],[-73.215020415515298,5.3101087635818889],[-73.215769306650529,5.30954256921755],[-73.21642045501207,5.3092282403215894],[-73.216711435355535,5.308949622480168],[-73.217050651681575,5.3086248173969128],[-73.217263917071008,5.3084206120296278],[-73.217276795704493,5.3084082805030253],[-73.21730297169195,5.3083832165145015],[-73.217458824217999,5.3080820919131559],[-73.217503502455486,5.3079957684517618],[-73.21751274080826,5.3079779188935543],[-73.217720393925802,5.3075520156145943],[-73.218649735487489,5.306842223679709],[-73.219086422195005,5.3065086995241399],[-73.219092030897514,5.3065044158122614],[-73.219199430498975,5.3064223880906018],[-73.219239462603625,5.3063918130826702],[-73.219312438774352,5.3063360766255689],[-73.219595624053767,5.3061197901395252],[-73.221179614281823,5.304476718957714],[-73.221347920117267,5.304315558432199],[-73.221415807198653,5.304250553405895],[-73.221460990625999,5.3042072881660864],[-73.221533492505372,5.304137864210162],[-73.221574061095907,5.3040990178657248],[-73.221651177769999,5.3040251749771876],[-73.221687131526963,5.3039907475310635],[-73.221768862992647,5.3039124857070572],[-73.221800201919166,5.3038824771621043],[-73.221886548173103,5.3037997963998569],[-73.221913272272531,5.303774206758848],[-73.222004233311552,5.3036871070554215],[-73.222026342587071,5.3036659363212637],[-73.222121918407879,5.3035744176738682],[-73.222139412862731,5.3035576658494019],[-73.222945712904306,5.3027855909628796],[-73.223364128131536,5.3023849348456249],[-73.223785500562556,5.3015707732872945],[-73.223813636787071,5.3003591390008369],[-73.223578794794861,5.2998703693008329],[-73.223166038701393,5.2994372677608057],[-73.222943145096721,5.2992033870691602],[-73.222454114027954,5.2989490837402267],[-73.221701610319016,5.298931525364825],[-73.221360463208768,5.2989235649860431],[-73.221250443228712,5.298976678172977],[-73.221101399980242,5.2990486301600637],[-73.2210244033284,5.2991587331060463],[-73.220942418829608,5.299275968457227],[-73.220911180484208,5.2993206383266287],[-73.220863535326316,5.2993887694113884],[-73.220797957573822,5.299482543505837],[-73.220784651790893,5.2995015703454147],[-73.219998577971936,5.3006256271710992],[-73.219936942935504,5.3007137634294921],[-73.219891249281702,5.3007545539795089],[-73.219614431660631,5.301001666993387],[-73.219396278615307,5.3011964106858542],[-73.218961719907384,5.3015843386464043],[-73.218375958183842,5.3021072467521604],[-73.21818610680333,5.3022767257903372],[-73.218001843809972,5.3024412162891625],[-73.217894117619366,5.3025373843928643],[-73.217842976771919,5.3025797046896628],[-73.217654171302897,5.3027359484054104],[-73.217340515393218,5.3029955104565047],[-73.217204406488776,5.3031081455485429],[-73.217179194135042,5.3031290096832002],[-73.217068297538134,5.3032207805936169],[-73.217066165692287,5.3032225447719066],[-73.216796079498224,5.3034460505426759],[-73.216727080172788,5.3035031498436531],[-73.21665997040904,5.3035586854466921],[-73.216618843884447,5.3035927190288925],[-73.215531618389392,5.3044924403738536],[-73.214446667998587,5.3049718758225621],[-73.214125278164644,5.3052796125945392],[-73.213964262351112,5.3055907037448717],[-73.213748068403234,5.3060341271461988],[-73.213287680675123,5.3063822018236504],[-73.212850112583808,5.3065934281783651],[-73.211754152592135,5.307642816089075],[-73.211527118909828,5.3080649452102273],[-73.211413617197621,5.308275981305588],[-73.211162948694792,5.3087420536763332],[-73.210859472773606,5.3093063103515963],[-73.210795926999822,5.3094244616217949],[-73.210501346402609,5.3100286418784979],[-73.209598351512113,5.3110849768492541],[-73.208953378349662,5.3115613255838587],[-73.208923337447658,5.3115835124285651],[-73.208496060351521,5.3118990794767758],[-73.208471329076431,5.3119173448271626],[-73.208311256727058,5.3120355666362125],[-73.20786548670327,5.3124623837195433],[-73.207792987053764,5.3125318007739191],[-73.207747797497248,5.312575068911662],[-73.207679912993655,5.3126400670065417],[-73.207630108249177,5.3126877540664594],[-73.207566838894692,5.312748333204695],[-73.207512418958871,5.3128004391840014],[-73.207453764756792,5.3128565993684083],[-73.207394729626458,5.3129131242642025],[-73.207340690579954,5.3129648654976824],[-73.207277040251924,5.3130258093070752],[-73.207001467816127,5.3132896636788889],[-73.206923971875369,5.3133638642118974],[-73.206888393483709,5.3133979296703924],[-73.206806282332238,5.3134765491055385],[-73.206775319112339,5.3135061956274487],[-73.206554990792256,5.3137171544227257],[-73.206376779695134,5.3140614497367089],[-73.206309807768818,5.3142662941151331],[-73.206100594157633,5.3149062060760857],[-73.205753134611285,5.3151688900084313],[-73.205642652189212,5.3152524160506758],[-73.205529643332412,5.3153378520558636],[-73.205455272617868,5.315394077149068],[-73.205448275909703,5.3153993667375738],[-73.205449010467859,5.3153940589306323],[-73.205544488413793,5.3147041478790955],[-73.205933703926561,5.3139521982710711],[-73.205959353484161,5.3128490315197752],[-73.205726725863812,5.3123648299118269],[-73.205538819860024,5.3121676512652574],[-73.205506675521733,5.312133920678396],[-73.205425890357233,5.3122259081132359],[-73.205422970632497,5.3122292327077272],[-73.205323961057729,5.312341971617955],[-73.205312756610155,5.3123547297453042],[-73.20519962281405,5.3124835513402688],[-73.205125941795444,5.3125674493529873],[-73.205086488968917,5.3126123728979273],[-73.204816206814399,5.3129201333696718],[-73.204930361814675,5.3131577442138882],[-73.204919843223578,5.3136101690873536],[-73.204580078546371,5.3142665728037386],[-73.204402028717467,5.3149895475137496],[-73.204100720921147,5.3154323230288112],[-73.203193779268531,5.3157878312299172],[-73.202772921583147,5.3160719966148973],[-73.20220621244745,5.3162941388649285],[-73.201614782255461,5.3167412560159173],[-73.199341798384168,5.3167983754560142],[-73.199210566792331,5.3168669812524865],[-73.198983055823291,5.3169859202640861],[-73.198524888113042,5.3171164262821122],[-73.197639240998868,5.3173521301837239],[-73.197681001037949,5.3174755959235886],[-73.198054598701745,5.3179721079199131],[-73.198079642034145,5.3180053905288789],[-73.198143836487205,5.3180907049932342],[-73.19840540214328,5.3186351569397612],[-73.19897935498615,5.3188236986882087],[-73.199150208961342,5.3188798235820016],[-73.199733086331278,5.3193542620973631],[-73.20005291902369,5.320019990592546],[-73.200156645003347,5.3201310606937477],[-73.201295924003674,5.3191171480795134],[-73.201890608973443,5.3188300993354636],[-73.203304135031814,5.3186036800256256],[-73.204570581768976,5.3175443207219226],[-73.204911770341567,5.3173215199056338],[-73.207081814905123,5.3153480916627869],[-73.207448297277196,5.3142271365719793],[-73.209598731568306,5.3123312662127677],[-73.21022298137683,5.3120299287116683],[-73.210564212499605,5.3115713073489434],[-73.211482474616361,5.3104377933325511],[-73.211809788120789,5.3097664799743098],[-73.212038536026213,5.3094303234654792],[-73.21257148999949,5.3083372321535158],[-73.213180862202847,5.3076138656393699],[-73.213838452571409,5.3072964258639299],[-73.214411723652432,5.3068352979711042],[-73.214730344114088,5.3066814924999006],[-73.214973235468051,5.3059385168544928],[-73.215555638290894,5.3052471539346326],[-73.216422694204127,5.3048285908258999],[-73.217175900359223,5.3042765246932024],[-73.217227794503785,5.3042384885432012],[-73.21819254880856,5.3035313636659183],[-73.21870858738589,5.3026656788818318],[-73.219399624479095,5.3018671933480839],[-73.220056762282695,5.3015499598043165],[-73.220645924290096,5.3010760334923352],[-73.221251182021447,5.3001564364252092],[-73.221668478571672,5.2999549842880551],[-73.222112928815548,5.2999653542453666],[-73.222558425620917,5.3001970191408194],[-73.222784663391352,5.3006678898070074],[-73.222767038538791,5.3014268693905278],[-73.221922576841109,5.3023305380842736],[-73.221917388696141,5.3023360899665715],[-73.221063495782033,5.3032498463185895],[-73.220400191264943,5.3035700567594404],[-73.220333283849769,5.3036822988677406],[-73.22022159377849,5.303869667032596],[-73.220198763140232,5.3039079670560181],[-73.220108288767122,5.3040597441948103],[-73.220059736956188,5.304141193232196],[-73.219213739907573,5.3050995918045682],[-73.21752597552485,5.3064009728667427],[-73.21677967566886,5.3068421371758285],[-73.216515698421944,5.3076496142652108],[-73.216069920593483,5.3082349778548732],[-73.215308925076428,5.3085333017496135],[-73.214632990611364,5.3090987478493297],[-73.214239673687558,5.3092886099001682],[-73.213727331398076,5.3103394294612754],[-73.213553841778634,5.3106746187525129],[-73.213308871372647,5.3111770482563614],[-73.212233054848994,5.3125050475186182],[-73.212104252856506,5.3127007321038056],[-73.212077309358946,5.3127416664390168],[-73.21202999849983,5.3128135441898339],[-73.211964051745738,5.3129137347667328],[-73.211955744112274,5.3129263562573881],[-73.211850794060524,5.3130858030514947],[-73.211807235244393,5.313151980337155],[-73.211802262532174,5.3131595351920833],[-73.211737598536871,5.3132362948919605],[-73.211200309024989,5.3138740856793296],[-73.211029823466873,5.313940917101605],[-73.210946140232537,5.313973721436124],[-73.210743610374735,5.314053114297896],[-73.210720361636319,5.3140622279300489],[-73.210269103155795,5.3142391234592523],[-73.209157737206667,5.3151942792984492],[-73.209052045126796,5.3155175577342089],[-73.209024489960228,5.3156018401287684],[-73.208834794290226,5.3161820571735019],[-73.206004944355158,5.3188915429873882],[-73.205467757070863,5.3192423343923689],[-73.20404733724115,5.3204304862825813],[-73.202249740398258,5.3207767956189205],[-73.20098556952307,5.3219018570402259],[-73.199921587848863,5.3220722797115938],[-73.198854891757264,5.3220473400795187],[-73.198327313401137,5.3216866245580245],[-73.198123940604361,5.3206259716207756],[-73.19736108419059,5.3202522452656913],[-73.196614731571387,5.3197419489196358],[-73.196385247966049,5.3190259964784055],[-73.196337364106768,5.3188766063340465],[-73.196333359891185,5.3188712847006023],[-73.196273169921341,5.3187912917549225],[-73.196248126678057,5.3187580090808906],[-73.19604851643804,5.3184927253279008],[-73.195998135143967,5.3184257681140874],[-73.195995178769891,5.3184181902641212],[-73.195936410800883,5.3182675547538718],[-73.195862741646877,5.3180787240973268],[-73.195824484994219,5.3179806636417517],[-73.19577652422484,5.3178577293138982],[-73.195773810693368,5.3178524114574115],[-73.195712447459627,5.3177321545436751],[-73.195600531102031,5.3175128257978228],[-73.19560032616387,5.3175124241689593],[-73.195551871024463,5.3174174638870442],[-73.194444111540363,5.3172909574933138],[-73.193683043183626,5.3176297879811782],[-73.192946822669754,5.3179575547039999],[-73.192779965020051,5.317968754151031],[-73.191877698946911,5.318029313234141],[-73.191263196724904,5.3180705571509748],[-73.191026177058902,5.3181920644490592],[-73.190543693717174,5.3191815237579663],[-73.190295946299884,5.3194187190857569],[-73.1881116744255,5.3215099432408479],[-73.187074186515119,5.3216761021517636],[-73.187646216178663,5.3217897829084251],[-73.188094663756573,5.3219063869154937],[-73.189049627580502,5.3220428781974007],[-73.18945572003625,5.3222540773535441],[-73.189679735078144,5.3227203876653562],[-73.189669580513467,5.3231566564681101],[-73.190572940764213,5.3231408314090061],[-73.191427854387129,5.3231608318189716],[-73.191946999758414,5.3235157879579997],[-73.192939900094473,5.3234983925853525],[-73.193178092633062,5.3235039635063917],[-73.193623585558342,5.323735651193565],[-73.193847604415055,5.3242019612185647],[-73.19383599724506,5.3247005311651057],[-73.193774912185944,5.3247902910684681],[-73.193731523540677,5.3248540473962684],[-73.19366166379001,5.3249567009640462],[-73.193577992760936,5.3250796490785266],[-73.193548415325097,5.3251231108171577],[-73.193501227323452,5.3251924498904231],[-73.193490825930567,5.3252077339194503],[-73.192977632931346,5.3254554332674475],[-73.191289985866945,5.3254159530194531],[-73.190669814525236,5.3249919213820789],[-73.189891504234893,5.3251894174941201],[-73.189430955455578,5.3253005182902999],[-73.189439601206814,5.3257961680457981],[-73.192081239919304,5.3283551121246422],[-73.192322332747921,5.3288569634689678],[-73.193004541969287,5.3291911847273719],[-73.194076320632988,5.3300635850256333],[-73.19437118361158,5.3300584195248879],[-73.195628878676843,5.3290468872003087],[-73.195856984266683,5.3289367909537102],[-73.196911004597652,5.327843608486396],[-73.197213759261047,5.3276974790633131],[-73.197560453562332,5.3274633996938201],[-73.197813681502979,5.3269440971766837],[-73.199271424050153,5.3255484318801658],[-73.199582490770808,5.3252506102362478],[-73.200719864662247,5.3248843379920965],[-73.202352170109407,5.3240475098064604],[-73.203126183267344,5.3237441142199886],[-73.204231061600865,5.3234775480043437],[-73.204779717903421,5.3231962667347075],[-73.20512796443343,5.3230281726705115],[-73.205794568966922,5.3232014830850352],[-73.206515854421085,5.3233799587946447],[-73.207002852672403,5.3237129153776666],[-73.20720152229697,5.32270837267074],[-73.207943232733314,5.3218514151813148],[-73.208054398116687,5.321623425351639],[-73.208170065194579,5.321399967158821],[-73.208390063681236,5.3207270792919852],[-73.208768931578035,5.3202296105565248],[-73.210430529842597,5.3195981033587314],[-73.211314533570814,5.3188019101458899],[-73.211383428695214,5.318739858393986],[-73.211644819188848,5.3185044316705783],[-73.211835233623248,5.3184783501160036],[-73.212737690114182,5.3183547374624425],[-73.212746615883091,5.3183535148611663],[-73.213151952664973,5.3183629819824709],[-73.213597454877757,5.31859465653279],[-73.213821490676509,5.3190609638231452],[-73.213814208546594,5.3193742946731275],[-73.213809492047673,5.3195772317954075],[-73.213791935503053,5.3196002847166977],[-73.213706046204067,5.3197130630894529],[-73.213635605365084,5.3198055565543134],[-73.213448378102186,5.3200513980702295],[-73.213409222110585,5.320102812381176],[-73.213362488666547,5.3201641763513781],[-73.213333951221117,5.3202016478137368],[-73.213183327481303,5.3202306684364933],[-73.212948035679688,5.3202760019406856],[-73.212844850732083,5.3202958824788782],[-73.212342943315235,5.3203925841852353],[-73.211715959337113,5.3209505909638528],[-73.211715329994561,5.3209511510687237],[-73.211279851261949,5.3213387197408402],[-73.210535160346154,5.3216306355001661],[-73.210152056006436,5.3218270475563436],[-73.209971967047224,5.3221963940639405],[-73.209743211227561,5.3225325511561756],[-73.209527056693062,5.3229758665080773],[-73.209063694805394,5.3235478189297707],[-73.20883933024183,5.3244588448741066],[-73.209401936460551,5.3247344546332886],[-73.210071934238584,5.3250828824968552],[-73.210412919280671,5.3249080656492822],[-73.210945152696354,5.3246511569585859],[-73.211315710215374,5.3238911836700975],[-73.211708407194877,5.3233472188859254],[-73.211725033791922,5.323324187650126],[-73.21245983617986,5.3223063333464165],[-73.212927384159883,5.3220806454103657],[-73.21380685983921,5.3218684430588459],[-73.214027203885379,5.3211944725598661],[-73.214131538086946,5.3210706238583825],[-73.214195991333511,5.3209941153389231],[-73.215044044453691,5.3199874401753942],[-73.215164649919828,5.3194788575513012],[-73.214828261616461,5.3188196649177799],[-73.214709678901286,5.3185728468134981],[-73.214720034096246,5.3181273417902277],[-73.214775205481985,5.3180207504902128],[-73.21488173412196,5.3178149366435443],[-73.214892035646116,5.317795034037835],[-73.214951164788332,5.3176807961464156],[-73.215107863609902,5.3176051544856575],[-73.215416375475556,5.3174562294326488],[-73.215913786775673,5.3174678443632128],[-73.216411415262257,5.3178080611331593],[-73.216797863641162,5.3172209465614317],[-73.217873743293282,5.3159778357257403],[-73.218034792975075,5.3145308821391808],[-73.218889953691018,5.3135157356556562],[-73.219018323444189,5.3126130061474015],[-73.219215132312982,5.3114762005852931],[-73.219601728921432,5.3102087863519625],[-73.220622759082957,5.3096052197033003],[-73.221897006768742,5.3094528698546384],[-73.222058484709123,5.3094335632504244],[-73.22219843876114,5.3093390579676463],[-73.222537422213748,5.3091101559252616],[-73.222976938822427,5.3084423838628272],[-73.223658016676538,5.3076554102942239],[-73.223882256603233,5.3073147084759835],[-73.224732678684262,5.3063512891940769],[-73.225606042193263,5.3060699791057004],[-73.226042060546078,5.3060801510290689],[-73.226487563389881,5.3063118150105888],[-73.22669923068851,5.3067523521800473],[-73.226713805302126,5.3067826858954747],[-73.226709260065761,5.3069784372049273],[-73.226700942465555,5.3073366516340723],[-73.226456928529785,5.3078081283805609],[-73.226073455835262,5.3079584656573067],[-73.225983818451866,5.3079936071969129],[-73.225847680027073,5.3080469790202747],[-73.225697608389453,5.3081058131814016],[-73.225631725172434,5.3081316420544962],[-73.22562187238502,5.3081466118977323],[-73.225574565421311,5.3082184877682481],[-73.225346835749946,5.3085644886429373],[-73.225282179496503,5.3086391981892334],[-73.225255795979592,5.3086696840261594],[-73.225169044127341,5.308769924713248],[-73.225158220179097,5.308782431647006],[-73.224665758034774,5.3093514644364754],[-73.224441517334185,5.3096921664155436],[-73.223150073750205,5.311091343743426],[-73.222991764834532,5.3111497874824964],[-73.222906908846511,5.3111811141924363],[-73.222025088834371,5.3115066591244409],[-73.221273832150729,5.3114891262967703],[-73.220988241378905,5.312362730000185],[-73.220804307629876,5.3140153857222669],[-73.220591785925095,5.3144259884612524],[-73.220480626582059,5.3146539825903156],[-73.219912621291144,5.3153282506820432],[-73.219765199575292,5.3166528011187584],[-73.218571778023232,5.3180317320951094],[-73.21848924022315,5.3181270994545526],[-73.218383116475039,5.3182497188540321],[-73.218379453540052,5.3182572315125993],[-73.218376083256786,5.3182641439438649],[-73.218324422389443,5.3183701000514638],[-73.218159328785802,5.3187087055956894],[-73.217977321616161,5.3190820000498293],[-73.217419512882117,5.3196160968482582],[-73.217128846563725,5.3199175929542424],[-73.216859650714511,5.3207409872363725],[-73.215788044133362,5.3220408343549188],[-73.215495687236512,5.3227775561457067],[-73.21469117746372,5.323688898258041],[-73.214227088128013,5.3239129158194052],[-73.213657272727119,5.3238996063216524],[-73.212980124199376,5.3248096947913526],[-73.212651491793864,5.3256378135221194],[-73.211842734621655,5.3264121602542174],[-73.210577752055158,5.3269672393574883],[-73.209347288421057,5.3269384886937328],[-73.208578822609084,5.326468321936126],[-73.207938910554034,5.3261548402491421],[-73.207368296641732,5.3256903966192706],[-73.206254591367653,5.3255506965658004],[-73.206115183258333,5.3254553838986123],[-73.2059516973504,5.3253436092895319],[-73.205949158283403,5.3253418733398048],[-73.205839157182183,5.3252666660221344],[-73.205790933145309,5.3252336954289516],[-73.205322517184101,5.3251215627905246],[-73.204355112306501,5.325450313240184],[-73.203870732037046,5.3255671759878318],[-73.203329139458546,5.3257046188658892],[-73.201728832611934,5.3265250397683559],[-73.201386676223905,5.3266901892207272],[-73.201147378724514,5.3268128677757778],[-73.200759953672431,5.3269376313991481],[-73.20048359093802,5.3270266291013799],[-73.199507397978294,5.3278431656162839],[-73.199354927066707,5.3281558530949784],[-73.198950895286856,5.3286013075155276],[-73.198850551481939,5.3287119387153519],[-73.198837768378752,5.3287260323562],[-73.198543816898209,5.3290501197483655],[-73.198323707147793,5.3292927947625408],[-73.197730739949208,5.3295789968551821],[-73.197545454915925,5.3299589760251047],[-73.19708158712433,5.3305315237344351],[-73.196410687548038,5.3308553384809212],[-73.195094452467828,5.3319139531846407],[-73.195521257966291,5.3329775455104302],[-73.195479207875337,5.3347833665474811],[-73.195216349131897,5.3355458093944099]],[[-73.203473413846382,5.326866953628814],[-73.203353295365744,5.3270121152105743],[-73.203058870094637,5.3273679237346476],[-73.203013812685782,5.3274223748761376],[-73.202965567874159,5.3274806779236394],[-73.202900651685908,5.3275591280214263],[-73.202872265617486,5.3275934320865703],[-73.202787490632772,5.3276958811282844],[-73.202723004355249,5.3277738115943842],[-73.202708583994635,5.327819007280814],[-73.202674054543209,5.327927227987816],[-73.202105049849948,5.3297105688227138],[-73.202060054211785,5.3298515907680093],[-73.202024024595076,5.3299645120068355],[-73.201991248330685,5.3300672367815256],[-73.201987994958984,5.3300774332386247],[-73.201967148631596,5.3301427681159153],[-73.200972890184559,5.3312635372107806],[-73.200727162791281,5.3315405301612788],[-73.200455706718728,5.3323912741104058],[-73.200066271554192,5.3328100979974478],[-73.199985247429879,5.3328972364795879],[-73.199840033781527,5.3330534083373422],[-73.19967081651572,5.33323539501193],[-73.199344263738922,5.333586589449312],[-73.198912296676014,5.3333558608699487],[-73.198598782947883,5.3333424853844393],[-73.198147781718077,5.3333232439703346],[-73.197849261667344,5.3333105077985312],[-73.197531966451834,5.3334594655377963],[-73.196678231658964,5.3339090666333799],[-73.196628857250204,5.333800204610184],[-73.196523701399755,5.3326653251674569],[-73.196393155442721,5.3321599276070915],[-73.1969730983283,5.331762432939203],[-73.197396894734894,5.3315634778346341],[-73.197953016982595,5.3310500254021438],[-73.198551446242476,5.3304064336273038],[-73.199398970516199,5.3296239296076626],[-73.199490474931935,5.3295394449857181],[-73.200256087514063,5.3287160514437648],[-73.200416991217111,5.3285430038033601],[-73.200852832233124,5.3280742675493808],[-73.200982319049857,5.3280241622964857],[-73.201499417676132,5.3278240692742358],[-73.201720989418121,5.3277073803406498],[-73.202066200201003,5.3275453131121502],[-73.203046929292682,5.3270288090331048],[-73.203178131328912,5.3269597108541316],[-73.203240741291651,5.3269400431749343],[-73.203353607772598,5.3269045883851982],[-73.203473413846382,5.326866953628814],[-73.203512417988449,5.326729262784788],[-73.203579447724792,5.3267968413694966],[-73.203611010621543,5.3268286627014625],[-73.203579329674838,5.3268374789931059],[-73.203473413846382,5.326866953628814]],[[-73.206172174981532,5.3270844194950735],[-73.205836862040599,5.3267325638481973],[-73.20556147346953,5.3265893471137549],[-73.205104936099573,5.3263656955848369],[-73.205224163187452,5.3262515444759444],[-73.205279582990173,5.3261940621667172],[-73.205941068453157,5.3265672432152407],[-73.206511729457077,5.3266487900171224],[-73.206914297370091,5.326706316193496],[-73.207585035228561,5.3271648984556057],[-73.208237586945344,5.3274845711547227],[-73.208627674839221,5.3277232384362838],[-73.208825726209582,5.3278444119681856],[-73.209116893021132,5.3279870466789534],[-73.208711004862707,5.3285199787687283],[-73.208631029314986,5.3286274638079476],[-73.208278892371112,5.3291007258992371],[-73.20590587362031,5.331313899852268],[-73.206359303553356,5.3298018366918747],[-73.206793955367843,5.3285409900773182],[-73.206610898761014,5.3275447870840802],[-73.206172174981532,5.3270844194950735]],[[-73.212118589116898,5.3285610787076561],[-73.211768500123625,5.3281801478490349],[-73.211368210401716,5.3278062300809585],[-73.212147630372968,5.3274402983655316],[-73.212160424351964,5.327434291676739],[-73.212373626358698,5.3272784976669243],[-73.212522886117085,5.3271694283407918],[-73.213086758589625,5.3267573862024538],[-73.213164773784129,5.3266560225714032],[-73.213648146611021,5.3260279843947309],[-73.213819442812778,5.3255908105706871],[-73.213970447447778,5.3252054230853503],[-73.214132743079347,5.3250308684818979],[-73.214475646983374,5.3249231438277986],[-73.214530046947871,5.324864633812485],[-73.214635818109898,5.324885192566728],[-73.214877995531793,5.3249322645539969],[-73.214881532290207,5.3250287542932977],[-73.214898105726249,5.3254809117123125],[-73.214922965718984,5.3261591478435033],[-73.21492326000778,5.3261671767310661],[-73.21480475315461,5.3266151990393151],[-73.2147717813871,5.3269499007457259],[-73.214693015872157,5.3277494581349387],[-73.214605664607433,5.3280796920913058],[-73.214574657790976,5.3281969141025032],[-73.214454608981612,5.3291783801094246],[-73.214411579593559,5.3292094019839498],[-73.214397775421872,5.3292193540478747],[-73.212861917626242,5.3303266200827055],[-73.212590312165645,5.3303366205142373],[-73.212303843826291,5.330347168060503],[-73.212357916073216,5.3290732161514756],[-73.212118589116898,5.3285610787076561]],[[-73.204510749940383,5.3335806225377249],[-73.20479441495003,5.3334131824127713],[-73.204920943115283,5.3332006730681689],[-73.205075409499187,5.3332930686434663],[-73.204500610357769,5.3339196729636331],[-73.204510749940383,5.3335806225377249]],[[-73.202956027669785,5.3356199933628172],[-73.20332502405914,5.3353935904912424],[-73.203328931241927,5.3353911931824314],[-73.203362705221707,5.3353704706639089],[-73.20341816813891,5.3352808361893906],[-73.203449096186475,5.3352308528776282],[-73.203530027365602,5.3352811631843648],[-73.203604568888537,5.3353275013915873],[-73.203431694526117,5.3357259996653985],[-73.202956027669785,5.3356199933628172]],[[-73.209064252677564,5.3337062355608165],[-73.210056011437985,5.3328232293495086],[-73.210109393544428,5.3327636922704169],[-73.210274936015509,5.3329128166300075],[-73.210129514922045,5.3334037881980434],[-73.20994955594918,5.3336044899525294],[-73.209848248530037,5.3337174743642048],[-73.209595679444291,5.333832774039343],[-73.209309495356337,5.3340089558158494],[-73.209235485247675,5.3340545181663428],[-73.209196528562472,5.3340785008037264],[-73.208924235828917,5.3342461303742805],[-73.209064252677564,5.3337062355608165]],[[-73.212743426499202,5.3364441498444197],[-73.21329970232209,5.3357685991320647],[-73.214010766685263,5.334792503367038],[-73.214512645462378,5.334563385777372],[-73.215203960690118,5.3339478673705196],[-73.215852633221274,5.3330574113804738],[-73.215864921853253,5.3330405422954064],[-73.215965615889459,5.3329821725332893],[-73.21693269723859,5.3324215785399378],[-73.217215496639298,5.3321061731100103],[-73.217387662102396,5.3321600074094473],[-73.217513924362578,5.3324378655748044],[-73.218030754563273,5.3331840725978434],[-73.216366946978738,5.3346654657167605],[-73.21607255192275,5.3352047535870586],[-73.215843116020906,5.33570200444177],[-73.21538743474828,5.3362102187834877],[-73.214941306740272,5.3362412387072204],[-73.214715729630981,5.3362569232814119],[-73.21364799983337,5.3363311623090617],[-73.213238794213012,5.3364397390675506],[-73.212910695286084,5.3365267951013839],[-73.212805277457406,5.3365547660643777],[-73.212743426499202,5.3364441498444197]],[[-73.203954307564786,5.3165829285740447],[-73.204091677545861,5.3166220211702226],[-73.203992511300058,5.3167208445975636],[-73.203954307564786,5.3165829285740447]],[[-73.203882589450743,5.3167763617398123],[-73.202842329163374,5.3176337724723588],[-73.202094715172706,5.3176917935102308],[-73.202624147209036,5.3173094887952868],[-73.203270240749433,5.3170227636699074],[-73.203510974732339,5.3168160965633229],[-73.203615697890669,5.3166949690077816],[-73.203882589450743,5.3167763617398123]],[[-73.199652958579634,5.317939207407413],[-73.199553033631815,5.3178133854941168],[-73.201487054339481,5.3178711058983481],[-73.200955504014942,5.3180937938007844],[-73.200332922843472,5.3184882610107564],[-73.199652958579634,5.317939207407413]]]]},"properties":{"OBJECTID":4,"gridcode":4,"Shape_Length":141917.34824238921,"Shape_Area":8272908.6197503572,"Categoria":"Alta"}},{"type":"Feature","id":5,"geometry":{"type":"MultiPolygon","coordinates":[[[[-73.259525340238014,5.2878264216052218],[-73.259329933208974,5.288238470291021],[-73.259346102823102,5.2886785529576414],[-73.259578246775561,5.2891213116989757],[-73.260054339517282,5.2893481739332771],[-73.26057689713997,5.2893288820230637],[-73.260706494333419,5.2892163157655183],[-73.262462130692441,5.2876913872331608],[-73.262539201249155,5.2875916695831942],[-73.262474166149786,5.2875961990054146],[-73.260735178585591,5.2877063623588674],[-73.25999299058401,5.2876752233329478],[-73.259846195129398,5.2876690644954216],[-73.259702258042509,5.28766302554798],[-73.259525340238014,5.2878264216052218]]],[[[-73.245913223456398,5.2882429452616169],[-73.245927831037534,5.2886407313300321],[-73.246159963785388,5.2890834919380456],[-73.246636048217951,5.2893103628581217],[-73.247141423405381,5.2892917167919515],[-73.247739092353939,5.2888349799438013],[-73.247932278775679,5.2880320540272612],[-73.247688487933303,5.2880441720010012],[-73.247216026315826,5.2880676566850084],[-73.246756376605447,5.2880905041734634],[-73.246652152272347,5.2880956849385239],[-73.246274253653823,5.2881144693073345],[-73.245940106537262,5.2881039315748524],[-73.245913223456398,5.2882429452616169]]],[[[-73.252742144889794,5.2877406457684666],[-73.252516604702478,5.2877483340483344],[-73.251839984269054,5.2877713983843266],[-73.251468762972976,5.2877840520923849],[-73.251404314857211,5.2877889354111449],[-73.251163328287234,5.287807194428189],[-73.25097036012059,5.2878218151274901],[-73.251137911039393,5.2890770565548175],[-73.251469522277574,5.2895630454861733],[-73.251669400107048,5.2899906957719409],[-73.251794713139731,5.2902297057982546],[-73.252270801793728,5.2904565733507249],[-73.252709833790746,5.2904403712204102],[-73.253151534431737,5.2902076784949088],[-73.253390303675971,5.2897042085787804],[-73.253360813863736,5.2889013995147396],[-73.253190626755924,5.288651986782221],[-73.253175617272746,5.2886299900651199],[-73.253001721108234,5.2883751414334537],[-73.252916233890659,5.287734711314795],[-73.252742144889794,5.2877406457684666]]],[[[-73.265618103392725,5.2872792338496613],[-73.264908916912873,5.2873070220015403],[-73.264253512936222,5.2874198431783785],[-73.264103728791554,5.2877356949721719],[-73.263852754767925,5.288099115884088],[-73.26340379968741,5.2888933829159352],[-73.262418612246748,5.2899882456284182],[-73.261365112890104,5.2905788103538409],[-73.261011712571786,5.2908211159058105],[-73.260940419127138,5.2909714502280103],[-73.261280799069596,5.2908220096280649],[-73.261875724884746,5.290552907290925],[-73.262639117101472,5.2901378368916836],[-73.263189431147268,5.2896662611891019],[-73.263750966933486,5.2891946998755675],[-73.264267524026991,5.2888017923688917],[-73.264716961118793,5.2882626119300618],[-73.265143898971644,5.2877683814057557],[-73.265467414789285,5.2874355980744996],[-73.265615823611299,5.287282938157122],[-73.265619476657491,5.2872791798902909],[-73.265618103392725,5.2872792338496613]]],[[[-73.263099451614579,5.2936840002064933],[-73.26303442433111,5.2937440571291461],[-73.262986399168483,5.2937884114738543],[-73.262200579598868,5.2945141649528207],[-73.261810496361619,5.2954360772610185],[-73.261790574177965,5.2954831607038289],[-73.261792995439365,5.2955490583846814],[-73.261806602548234,5.2959193939046498],[-73.262038749568532,5.2963621530904161],[-73.262514848504694,5.2965890155004729],[-73.263003646845377,5.2965709705650355],[-73.263519942433163,5.296216981281356],[-73.263852911418951,5.2955148626567272],[-73.264901223134288,5.2945466781161112],[-73.264907889112578,5.2945405216299051],[-73.26493510096185,5.2945153896262411],[-73.264762717725205,5.2943622843920144],[-73.264630621705791,5.2942449606364868],[-73.263722561846663,5.2937602215570525],[-73.263519006596823,5.2936889511842304],[-73.263480129804122,5.2936753390457021],[-73.26346465786763,5.293669922429042],[-73.263345712755381,5.2936318997195411],[-73.263204678871446,5.2935868159482435],[-73.263099451614579,5.2936840002064933]]],[[[-73.226638210465666,5.2967362072201523],[-73.226741146513149,5.2978232497167141],[-73.226773264324322,5.2981624262023281],[-73.226874326894517,5.2992296878016418],[-73.227000145160375,5.2993412747365687],[-73.227073798555523,5.2994065971560289],[-73.227112620548652,5.2994410279650799],[-73.227201655074069,5.2995199917112501],[-73.227225095974489,5.2995407811849411],[-73.227329511641202,5.2996333862552856],[-73.227337571437957,5.2996405343961683],[-73.227787473667888,5.3000395471541468],[-73.227972380740553,5.300203538769332],[-73.228507601267665,5.3002160199868724],[-73.228972795232934,5.299991440344292],[-73.22903857554823,5.2998643375809928],[-73.229141661492548,5.2996651515630946],[-73.229203906334462,5.2995448799568567],[-73.229206974009756,5.2994127064632179],[-73.229209597152604,5.2992996856761527],[-73.229214246317511,5.2990993708319234],[-73.22909565810555,5.2988525546867482],[-73.229031459419289,5.2987672425261412],[-73.229006415842321,5.298733962685497],[-73.228835937780758,5.2985074181718907],[-73.228806790184592,5.2984686845623985],[-73.22866217161004,5.2982765040020139],[-73.228656310147983,5.2979417626629948],[-73.228640475704736,5.2970374912046072],[-73.228637265865103,5.2968541868015313],[-73.229076184971419,5.2956803837537851],[-73.229844993855579,5.2958802302447072],[-73.230451209848326,5.2955875645225685],[-73.230682317379944,5.2951410026190056],[-73.230692655187028,5.2946954930301011],[-73.230468607338565,5.2942291936597998],[-73.230125287114447,5.2940506675065455],[-73.229480828090828,5.2937349827463631],[-73.229204531003361,5.2931599415142534],[-73.228437608385576,5.2924171042600676],[-73.228429690455627,5.2919648650500646],[-73.228784040877656,5.2914995160335216],[-73.228805854626813,5.2914708691930894],[-73.228935493013168,5.2912738923594267],[-73.229437766081702,5.2905107202438844],[-73.230488944522278,5.2903422691315329],[-73.23117935936348,5.2898202279776552],[-73.231898608803434,5.2898075687389339],[-73.232680648232474,5.2900108484421482],[-73.233067898373918,5.2898238901625314],[-73.23389553399349,5.2892649658787141],[-73.234301361582368,5.2892578228853173],[-73.234758287399004,5.289376592297093],[-73.235558629173724,5.2894909098220486],[-73.236013305719382,5.2897273401698772],[-73.237642759782389,5.2902624984425941],[-73.23809184760978,5.2904960177939007],[-73.239781835868982,5.2909352891897106],[-73.24038804482629,5.2906426105213988],[-73.240619143439361,5.2901960418458964],[-73.240629472926202,5.2897505296206404],[-73.240405416984316,5.2892842318835394],[-73.239636869666185,5.2888845994910785],[-73.23893224194488,5.2887102917937323],[-73.238334575487599,5.2884653028458066],[-73.237442840000412,5.2881724350640447],[-73.236792085126623,5.2879130067961038],[-73.235993902638043,5.2875858201346349],[-73.235214761630758,5.287456404345785],[-73.234381560730426,5.2872398270836616],[-73.233056293559116,5.2874952472489154],[-73.232459308920781,5.2878984071397408],[-73.23216935461636,5.2877868147279834],[-73.231954043222146,5.2873386985779955],[-73.231508548272231,5.2871070422691666],[-73.231064104736973,5.2870966820842025],[-73.230877229710231,5.2871869032975791],[-73.23083828106175,5.2872449651830689],[-73.230773796973082,5.2873410928171838],[-73.230722436691039,5.2874464636834277],[-73.230342405845747,5.2882261455035273],[-73.230111371642451,5.2887001401993681],[-73.229826694846025,5.2892841896136771],[-73.229605887901329,5.2896282909129857],[-73.229163413360794,5.2903178308033247],[-73.229133550230088,5.290370231890094],[-73.229112843582783,5.2904065660102404],[-73.228846451802269,5.290874012925439],[-73.228702362424002,5.2911268510234386],[-73.228673077350422,5.2911601139465727],[-73.228573815693906,5.2912728584645681],[-73.227636933797427,5.2923369949564263],[-73.227555826315438,5.2924002294952164],[-73.227409072570595,5.2925146443354221],[-73.227131745942344,5.2927308598881639],[-73.227096229007685,5.2927585503668402],[-73.227028537037299,5.2928113252825169],[-73.226625073450137,5.2930679089224455],[-73.226741245656939,5.2933096947164477],[-73.226866672939138,5.2935554713218016],[-73.226838951139399,5.2947497935395162],[-73.226961930441192,5.2950057491334617],[-73.227124695678313,5.295324689894688],[-73.226638210465666,5.2967362072201523]]],[[[-73.204533884630976,5.3132416028177856],[-73.204442970366756,5.3134767233721973],[-73.20415112417497,5.3137428183764106],[-73.203960610893418,5.3139093953024146],[-73.203737882996833,5.3141814752949283],[-73.203637256054478,5.3143733933175463],[-73.203395593831544,5.3145606960194023],[-73.203210069089337,5.3147296471555885],[-73.203004072180121,5.3148160270381029],[-73.20271558135893,5.31500134403686],[-73.202389810041637,5.3153475677361204],[-73.20143763034234,5.3160808542481073],[-73.201228222304536,5.3162018292510425],[-73.200831859602573,5.3164308092345465],[-73.200300432219137,5.3166199033858739],[-73.200035738358594,5.3166705603981343],[-73.199689720604042,5.316676681183961],[-73.199682722979219,5.3166768052904088],[-73.199464412552572,5.3167342746671311],[-73.199341798384168,5.3167983754560142],[-73.201614782255461,5.3167412560159173],[-73.20220621244745,5.3162941388649285],[-73.202772921583147,5.3160719966148973],[-73.203193779268531,5.3157878312299172],[-73.204100720921147,5.3154323230288112],[-73.204402028717467,5.3149895475137496],[-73.204580078546371,5.3142665728037386],[-73.204919843223578,5.3136101690873536],[-73.204930361814675,5.3131577442138882],[-73.204816206814399,5.3129201333696718],[-73.204533884630976,5.3132416028177856]]],[[[-73.195216349131897,5.3355458093944099],[-73.195479207875337,5.3347833665474811],[-73.195521257966291,5.3329775455104302],[-73.195094452467828,5.3319139531846407],[-73.196410687548038,5.3308553384809212],[-73.19708158712433,5.3305315237344351],[-73.197545454915925,5.3299589760251047],[-73.197730739949208,5.3295789968551821],[-73.198323707147793,5.3292927947625408],[-73.198543816898209,5.3290501197483655],[-73.198837768378752,5.3287260323562],[-73.198850551481939,5.3287119387153519],[-73.198950895286856,5.3286013075155276],[-73.199354927066707,5.3281558530949784],[-73.199507397978294,5.3278431656162839],[-73.20048359093802,5.3270266291013799],[-73.200759953672431,5.3269376313991481],[-73.201147378724514,5.3268128677757778],[-73.201386676223905,5.3266901892207272],[-73.201728832611934,5.3265250397683559],[-73.203329139458546,5.3257046188658892],[-73.203870732037046,5.3255671759878318],[-73.204355112306501,5.325450313240184],[-73.205322517184101,5.3251215627905246],[-73.205790933145309,5.3252336954289516],[-73.205839157182183,5.3252666660221344],[-73.205949158283403,5.3253418733398048],[-73.2059516973504,5.3253436092895319],[-73.206115183258333,5.3254553838986123],[-73.206254591367653,5.3255506965658004],[-73.207368296641732,5.3256903966192706],[-73.207938910554034,5.3261548402491421],[-73.208578822609084,5.326468321936126],[-73.209347288421057,5.3269384886937328],[-73.210577752055158,5.3269672393574883],[-73.211842734621655,5.3264121602542174],[-73.212651491793864,5.3256378135221194],[-73.212980124199376,5.3248096947913526],[-73.213657272727119,5.3238996063216524],[-73.214227088128013,5.3239129158194052],[-73.21469117746372,5.323688898258041],[-73.215495687236512,5.3227775561457067],[-73.215788044133362,5.3220408343549188],[-73.216859650714511,5.3207409872363725],[-73.217128846563725,5.3199175929542424],[-73.217419512882117,5.3196160968482582],[-73.217977321616161,5.3190820000498293],[-73.218159328785802,5.3187087055956894],[-73.218324422389443,5.3183701000514638],[-73.218376083256786,5.3182641439438649],[-73.218379453540052,5.3182572315125993],[-73.218383116475039,5.3182497188540321],[-73.21848924022315,5.3181270994545526],[-73.218571778023232,5.3180317320951094],[-73.219765199575292,5.3166528011187584],[-73.219912621291144,5.3153282506820432],[-73.220480626582059,5.3146539825903156],[-73.220591785925095,5.3144259884612524],[-73.220804307629876,5.3140153857222669],[-73.220988241378905,5.312362730000185],[-73.221273832150729,5.3114891262967703],[-73.222025088834371,5.3115066591244409],[-73.222906908846511,5.3111811141924363],[-73.222991764834532,5.3111497874824964],[-73.223150073750205,5.311091343743426],[-73.224441517334185,5.3096921664155436],[-73.224665758034774,5.3093514644364754],[-73.225158220179097,5.308782431647006],[-73.225169044127341,5.308769924713248],[-73.225255795979592,5.3086696840261594],[-73.225282179496503,5.3086391981892334],[-73.225346835749946,5.3085644886429373],[-73.225574565421311,5.3082184877682481],[-73.22562187238502,5.3081466118977323],[-73.225631725172434,5.3081316420544962],[-73.225697608389453,5.3081058131814016],[-73.225847680027073,5.3080469790202747],[-73.225983818451866,5.3079936071969129],[-73.226073455835262,5.3079584656573067],[-73.226456928529785,5.3078081283805609],[-73.226700942465555,5.3073366516340723],[-73.226709260065761,5.3069784372049273],[-73.226713805302126,5.3067826858954747],[-73.22669923068851,5.3067523521800473],[-73.226487563389881,5.3063118150105888],[-73.226042060546078,5.3060801510290689],[-73.225606042193263,5.3060699791057004],[-73.224732678684262,5.3063512891940769],[-73.223882256603233,5.3073147084759835],[-73.223658016676538,5.3076554102942239],[-73.222976938822427,5.3084423838628272],[-73.222537422213748,5.3091101559252616],[-73.22219843876114,5.3093390579676463],[-73.222058484709123,5.3094335632504244],[-73.221897006768742,5.3094528698546384],[-73.220622759082957,5.3096052197033003],[-73.219601728921432,5.3102087863519625],[-73.219215132312982,5.3114762005852931],[-73.219018323444189,5.3126130061474015],[-73.218889953691018,5.3135157356556562],[-73.218034792975075,5.3145308821391808],[-73.217873743293282,5.3159778357257403],[-73.216797863641162,5.3172209465614317],[-73.216411415262257,5.3178080611331593],[-73.215913786775673,5.3174678443632128],[-73.215416375475556,5.3174562294326488],[-73.215107863609902,5.3176051544856575],[-73.214951164788332,5.3176807961464156],[-73.214892035646116,5.317795034037835],[-73.21488173412196,5.3178149366435443],[-73.214775205481985,5.3180207504902128],[-73.214720034096246,5.3181273417902277],[-73.214709678901286,5.3185728468134981],[-73.214828261616461,5.3188196649177799],[-73.215164649919828,5.3194788575513012],[-73.215044044453691,5.3199874401753942],[-73.214195991333511,5.3209941153389231],[-73.214131538086946,5.3210706238583825],[-73.214027203885379,5.3211944725598661],[-73.21380685983921,5.3218684430588459],[-73.212927384159883,5.3220806454103657],[-73.21245983617986,5.3223063333464165],[-73.211725033791922,5.323324187650126],[-73.211708407194877,5.3233472188859254],[-73.211315710215374,5.3238911836700975],[-73.210945152696354,5.3246511569585859],[-73.210412919280671,5.3249080656492822],[-73.210071934238584,5.3250828824968552],[-73.209401936460551,5.3247344546332886],[-73.20883933024183,5.3244588448741066],[-73.209063694805394,5.3235478189297707],[-73.209527056693062,5.3229758665080773],[-73.209743211227561,5.3225325511561756],[-73.209971967047224,5.3221963940639405],[-73.210152056006436,5.3218270475563436],[-73.210535160346154,5.3216306355001661],[-73.211279851261949,5.3213387197408402],[-73.211715329994561,5.3209511510687237],[-73.211715959337113,5.3209505909638528],[-73.212342943315235,5.3203925841852353],[-73.212844850732083,5.3202958824788782],[-73.212948035679688,5.3202760019406856],[-73.213183327481303,5.3202306684364933],[-73.213333951221117,5.3202016478137368],[-73.213362488666547,5.3201641763513781],[-73.213409222110585,5.320102812381176],[-73.213448378102186,5.3200513980702295],[-73.213635605365084,5.3198055565543134],[-73.213706046204067,5.3197130630894529],[-73.213791935503053,5.3196002847166977],[-73.213809492047673,5.3195772317954075],[-73.213814208546594,5.3193742946731275],[-73.213821490676509,5.3190609638231452],[-73.213597454877757,5.31859465653279],[-73.213151952664973,5.3183629819824709],[-73.212746615883091,5.3183535148611663],[-73.212737690114182,5.3183547374624425],[-73.211835233623248,5.3184783501160036],[-73.211644819188848,5.3185044316705783],[-73.211383428695214,5.318739858393986],[-73.211314533570814,5.3188019101458899],[-73.210430529842597,5.3195981033587314],[-73.208768931578035,5.3202296105565248],[-73.208390063681236,5.3207270792919852],[-73.208170065194579,5.321399967158821],[-73.208054398116687,5.321623425351639],[-73.207943232733314,5.3218514151813148],[-73.20720152229697,5.32270837267074],[-73.207002852672403,5.3237129153776666],[-73.206515854421085,5.3233799587946447],[-73.205794568966922,5.3232014830850352],[-73.20512796443343,5.3230281726705115],[-73.204779717903421,5.3231962667347075],[-73.204231061600865,5.3234775480043437],[-73.203126183267344,5.3237441142199886],[-73.202352170109407,5.3240475098064604],[-73.200719864662247,5.3248843379920965],[-73.199582490770808,5.3252506102362478],[-73.199271424050153,5.3255484318801658],[-73.197813681502979,5.3269440971766837],[-73.197560453562332,5.3274633996938201],[-73.197213759261047,5.3276974790633131],[-73.196911004597652,5.327843608486396],[-73.195856984266683,5.3289367909537102],[-73.195628878676843,5.3290468872003087],[-73.19437118361158,5.3300584195248879],[-73.194076320632988,5.3300635850256333],[-73.193004541969287,5.3291911847273719],[-73.192322332747921,5.3288569634689678],[-73.192081239919304,5.3283551121246422],[-73.189439601206814,5.3257961680457981],[-73.189430955455578,5.3253005182902999],[-73.189891504234893,5.3251894174941201],[-73.190669814525236,5.3249919213820789],[-73.191289985866945,5.3254159530194531],[-73.192977632931346,5.3254554332674475],[-73.193490825930567,5.3252077339194503],[-73.193501227323452,5.3251924498904231],[-73.193548415325097,5.3251231108171577],[-73.193577992760936,5.3250796490785266],[-73.19366166379001,5.3249567009640462],[-73.193731523540677,5.3248540473962684],[-73.193774912185944,5.3247902910684681],[-73.19383599724506,5.3247005311651057],[-73.193847604415055,5.3242019612185647],[-73.193623585558342,5.323735651193565],[-73.193178092633062,5.3235039635063917],[-73.192939900094473,5.3234983925853525],[-73.191946999758414,5.3235157879579997],[-73.191427854387129,5.3231608318189716],[-73.190572940764213,5.3231408314090061],[-73.189669580513467,5.3231566564681101],[-73.189679735078144,5.3227203876653562],[-73.18945572003625,5.3222540773535441],[-73.189049627580502,5.3220428781974007],[-73.188094663756573,5.3219063869154937],[-73.187646216178663,5.3217897829084251],[-73.187074186515119,5.3216761021517636],[-73.1881116744255,5.3215099432408479],[-73.190295946299884,5.3194187190857569],[-73.190543693717174,5.3191815237579663],[-73.191026177058902,5.3181920644490592],[-73.191263196724904,5.3180705571509748],[-73.191877698946911,5.318029313234141],[-73.192779965020051,5.317968754151031],[-73.192946822669754,5.3179575547039999],[-73.193683043183626,5.3176297879811782],[-73.194444111540363,5.3172909574933138],[-73.195551871024463,5.3174174638870442],[-73.19560032616387,5.3175124241689593],[-73.195600531102031,5.3175128257978228],[-73.195712447459627,5.3177321545436751],[-73.195773810693368,5.3178524114574115],[-73.19577652422484,5.3178577293138982],[-73.195824484994219,5.3179806636417517],[-73.195862741646877,5.3180787240973268],[-73.195936410800883,5.3182675547538718],[-73.195995178769891,5.3184181902641212],[-73.195998135143967,5.3184257681140874],[-73.19604851643804,5.3184927253279008],[-73.196248126678057,5.3187580090808906],[-73.196273169921341,5.3187912917549225],[-73.196333359891185,5.3188712847006023],[-73.196337364106768,5.3188766063340465],[-73.196385247966049,5.3190259964784055],[-73.196614731571387,5.3197419489196358],[-73.19736108419059,5.3202522452656913],[-73.198123940604361,5.3206259716207756],[-73.198327313401137,5.3216866245580245],[-73.198854891757264,5.3220473400795187],[-73.199921587848863,5.3220722797115938],[-73.20098556952307,5.3219018570402259],[-73.202249740398258,5.3207767956189205],[-73.20404733724115,5.3204304862825813],[-73.205467757070863,5.3192423343923689],[-73.206004944355158,5.3188915429873882],[-73.208834794290226,5.3161820571735019],[-73.209024489960228,5.3156018401287684],[-73.209052045126796,5.3155175577342089],[-73.209157737206667,5.3151942792984492],[-73.210269103155795,5.3142391234592523],[-73.210720361636319,5.3140622279300489],[-73.210743610374735,5.314053114297896],[-73.210946140232537,5.313973721436124],[-73.211029823466873,5.313940917101605],[-73.211200309024989,5.3138740856793296],[-73.211737598536871,5.3132362948919605],[-73.211802262532174,5.3131595351920833],[-73.211807235244393,5.313151980337155],[-73.211850794060524,5.3130858030514947],[-73.211955744112274,5.3129263562573881],[-73.211964051745738,5.3129137347667328],[-73.21202999849983,5.3128135441898339],[-73.212077309358946,5.3127416664390168],[-73.212104252856506,5.3127007321038056],[-73.212233054848994,5.3125050475186182],[-73.213308871372647,5.3111770482563614],[-73.213553841778634,5.3106746187525129],[-73.213727331398076,5.3103394294612754],[-73.214239673687558,5.3092886099001682],[-73.214632990611364,5.3090987478493297],[-73.215308925076428,5.3085333017496135],[-73.216069920593483,5.3082349778548732],[-73.216515698421944,5.3076496142652108],[-73.21677967566886,5.3068421371758285],[-73.21752597552485,5.3064009728667427],[-73.219213739907573,5.3050995918045682],[-73.220059736956188,5.304141193232196],[-73.220108288767122,5.3040597441948103],[-73.220198763140232,5.3039079670560181],[-73.22022159377849,5.303869667032596],[-73.220333283849769,5.3036822988677406],[-73.220400191264943,5.3035700567594404],[-73.221063495782033,5.3032498463185895],[-73.221917388696141,5.3023360899665715],[-73.221922576841109,5.3023305380842736],[-73.222767038538791,5.3014268693905278],[-73.222784663391352,5.3006678898070074],[-73.222558425620917,5.3001970191408194],[-73.222112928815548,5.2999653542453666],[-73.221668478571672,5.2999549842880551],[-73.221251182021447,5.3001564364252092],[-73.220645924290096,5.3010760334923352],[-73.220056762282695,5.3015499598043165],[-73.219399624479095,5.3018671933480839],[-73.21870858738589,5.3026656788818318],[-73.21819254880856,5.3035313636659183],[-73.217227794503785,5.3042384885432012],[-73.217175900359223,5.3042765246932024],[-73.216422694204127,5.3048285908258999],[-73.215555638290894,5.3052471539346326],[-73.214973235468051,5.3059385168544928],[-73.214730344114088,5.3066814924999006],[-73.214411723652432,5.3068352979711042],[-73.213838452571409,5.3072964258639299],[-73.213180862202847,5.3076138656393699],[-73.21257148999949,5.3083372321535158],[-73.212038536026213,5.3094303234654792],[-73.211809788120789,5.3097664799743098],[-73.211482474616361,5.3104377933325511],[-73.210564212499605,5.3115713073489434],[-73.21022298137683,5.3120299287116683],[-73.209598731568306,5.3123312662127677],[-73.207448297277196,5.3142271365719793],[-73.207081814905123,5.3153480916627869],[-73.204911770341567,5.3173215199056338],[-73.204570581768976,5.3175443207219226],[-73.203304135031814,5.3186036800256256],[-73.201890608973443,5.3188300993354636],[-73.201295924003674,5.3191171480795134],[-73.200156645003347,5.3201310606937477],[-73.20005291902369,5.320019990592546],[-73.199733086331278,5.3193542620973631],[-73.199150208961342,5.3188798235820016],[-73.19897935498615,5.3188236986882087],[-73.19840540214328,5.3186351569397612],[-73.198143836487205,5.3180907049932342],[-73.198079642034145,5.3180053905288789],[-73.198054598701745,5.3179721079199131],[-73.197681001037949,5.3174755959235886],[-73.197639240998868,5.3173521301837239],[-73.197630489912541,5.3173544591680653],[-73.197474711088987,5.3173959175876018],[-73.197414789261032,5.3174086717728937],[-73.196819822976394,5.3175353080081535],[-73.196674810893754,5.3173652372160092],[-73.196597851409621,5.3172749776581609],[-73.196468172767922,5.3171706877770983],[-73.196466482042425,5.3171693289014659],[-73.196248260648616,5.3169938307007687],[-73.195832697420997,5.316778622935149],[-73.195776621094083,5.3167674092885724],[-73.19554697814452,5.3167214857760099],[-73.19541694713439,5.3166954824106627],[-73.194877583233847,5.3166740740493887],[-73.194371049983928,5.3167270054469951],[-73.194045643791398,5.316813208163083],[-73.192760858826503,5.3172081427416815],[-73.192369142921521,5.3172854322769449],[-73.192002649402696,5.3173096681067902],[-73.191440162133745,5.3171862010823512],[-73.191278251789853,5.3171105231321665],[-73.191092923099845,5.3171391512509105],[-73.190833218678051,5.3173492607598538],[-73.189991643899162,5.3184665209132715],[-73.189727713563087,5.3187509171211698],[-73.189253342767515,5.3190317628056434],[-73.189171377656876,5.3190802893239413],[-73.188812613811024,5.3194553461873539],[-73.187942550308406,5.3203373122172675],[-73.187262814827022,5.3205757072031625],[-73.186735613357826,5.320682250785298],[-73.186340298366005,5.3207064398503814],[-73.185928695752679,5.3206026670794584],[-73.185632331366918,5.320532076594132],[-73.185376952684166,5.3205977405933176],[-73.185176931769902,5.3207556309676587],[-73.185014543886027,5.3209551797377843],[-73.184939847995551,5.3210469708410448],[-73.184642659830814,5.3215500605869037],[-73.184451379427557,5.3217120626616525],[-73.184399427391597,5.3217560619927644],[-73.184271556387145,5.3219127113026303],[-73.184616706295898,5.3219942663224566],[-73.184773576839063,5.3219735315532866],[-73.184915926928426,5.3219547168368155],[-73.185155518912026,5.3217751447072041],[-73.185358210812737,5.3217754387855045],[-73.185432902206614,5.321775547603468],[-73.185672660040964,5.3220047154256083],[-73.185776667972419,5.3221041293020139],[-73.185791274131404,5.3221180903003784],[-73.185881097334743,5.3222039459554384],[-73.18588912600076,5.3222076742283519],[-73.186148558409201,5.3223281468265791],[-73.186227058758803,5.3223277531196427],[-73.186339822001699,5.3223271875545812],[-73.186349923809843,5.3223271368879015],[-73.186601481273314,5.3223329312198748],[-73.186883843684981,5.3224603837078961],[-73.186903214224188,5.3224691271584321],[-73.187041773159237,5.3225316697008278],[-73.18744995025493,5.3225614903206022],[-73.187484698584313,5.3225751775698056],[-73.187746991830153,5.3226784939174214],[-73.187854458116703,5.322921807295665],[-73.187865337215484,5.322946437028576],[-73.187874897908131,5.3229680864080748],[-73.187873060266668,5.3230284229263285],[-73.187864144714425,5.3233211521495178],[-73.187915353624106,5.323396586281925],[-73.188040828221602,5.3235814186476969],[-73.188343972596186,5.3236189356654533],[-73.18851409644833,5.3237554446581123],[-73.188571446215235,5.3239618867317615],[-73.188564468946126,5.324047688260805],[-73.188542413401578,5.3243189112887883],[-73.188522432886458,5.3243866418027768],[-73.18842249167507,5.3247254249677347],[-73.188389177900845,5.3248383526767116],[-73.188370811963352,5.3249006098753044],[-73.188341987792455,5.3249983176183386],[-73.188258385016397,5.3253590806571225],[-73.188192481797557,5.3254314221225281],[-73.188221050560969,5.325514847732121],[-73.188251326237634,5.3255995171041137],[-73.188134910797416,5.3257324863652187],[-73.18808315841099,5.3257915979039794],[-73.188117216636172,5.3257701697575648],[-73.188154917115682,5.325862315193711],[-73.188196621376946,5.3259642416565267],[-73.188200465978682,5.3259736395718802],[-73.188315095365297,5.3260658308734667],[-73.188349457561401,5.3260934688386241],[-73.188504459313293,5.3261893896286603],[-73.188733143419725,5.3263223471986665],[-73.188886019174362,5.3264112289950916],[-73.18892128587602,5.3264451392827636],[-73.189015345243618,5.3265355809538741],[-73.189023062364399,5.3265430012585204],[-73.18905866562487,5.3266806038268708],[-73.18911214381032,5.3268361811448717],[-73.189231321967881,5.3269440116568525],[-73.189267323628002,5.3269690011185391],[-73.18948168693025,5.327117811038196],[-73.189620832735201,5.3271858051808252],[-73.189690377309006,5.3272197887623651],[-73.189698822842374,5.3272238779796348],[-73.189851364049161,5.327297768976913],[-73.190018360059227,5.3273518353190363],[-73.190119710955855,5.3274117850259284],[-73.190119505011126,5.3275553204217534],[-73.190076986863403,5.3276084361804212],[-73.189999957232203,5.3277046708339535],[-73.189916224953762,5.327836123838134],[-73.189820572161622,5.3279675633524608],[-73.189641358861593,5.3281108397435579],[-73.189533795448256,5.3282243233938704],[-73.189479671149414,5.3282986915115789],[-73.189476862966785,5.3283025500227224],[-73.189438133662904,5.3283557602102363],[-73.189433825010923,5.3284356388936676],[-73.189432005682448,5.3284693877520786],[-73.189431862690256,5.3285695317585473],[-73.189431855580878,5.3285741953227355],[-73.189591653796896,5.3285651204230779],[-73.189642967061147,5.3285622063469456],[-73.190280610831834,5.3291091451429828],[-73.190314175858475,5.3291105962770207],[-73.190523072181975,5.3290690368066462],[-73.190684252276355,5.329021417704344],[-73.190851375090844,5.3289797970800254],[-73.191006521633625,5.3289740351236929],[-73.191167602802551,5.3289922149188556],[-73.191316713095773,5.3290342923987142],[-73.191356085414938,5.3290611560475432],[-73.191483620972264,5.3291481690528073],[-73.191555036135966,5.3292798477868093],[-73.191632427294607,5.3294055487271681],[-73.191654089264745,5.3295105463746548],[-73.191662052761487,5.3295491281897567],[-73.191703647305417,5.3296688108669761],[-73.191724774324911,5.3297082718440523],[-73.191730773735799,5.3297194775231302],[-73.19178696499641,5.3298244313524608],[-73.191890243140136,5.3299227839094216],[-73.191900171655561,5.3299322429786526],[-73.192013399898414,5.3300340813078808],[-73.19204340200362,5.3300482861092275],[-73.192114768781494,5.3300820754274669],[-73.192263859289639,5.3301361147899247],[-73.192293345100708,5.3301451556931507],[-73.192401040075879,5.3301781769813337],[-73.192532265551549,5.3302082655991008],[-73.192669456230362,5.3302443499968364],[-73.192698847873473,5.3302622950689349],[-73.192836372200745,5.3303462647683864],[-73.192925747725027,5.3304361052420948],[-73.192962078542891,5.3305030893776779],[-73.192968842443833,5.3305155601680081],[-73.192976045008407,5.3305288397342734],[-73.192997167385315,5.3305677848754343],[-73.193086455675342,5.3307174266679436],[-73.193122079620238,5.3308370895601298],[-73.193125533004832,5.3308426475266533],[-73.193127327164376,5.3308455350934345],[-73.193193095229034,5.3309513513178066],[-73.193211376903463,5.3309807652501933],[-73.193227594377959,5.3309929897347414],[-73.193330592832567,5.331070639898166],[-73.193437958395009,5.3310947192459395],[-73.193530995184034,5.3310850374003627],[-73.193551349415188,5.3310829192413873],[-73.193700499278563,5.3310950951625484],[-73.193843513966954,5.331226877318624],[-73.19392683255721,5.3313824960054914],[-73.193926980046029,5.3313830895579635],[-73.193933688183876,5.3314101513194938],[-73.193970618749006,5.3315591354458194],[-73.193980225307087,5.3315978836355002],[-73.194033702593273,5.3317534609535135],[-73.194051834724334,5.3318163946110051],[-73.194087139409902,5.3319389380316426],[-73.194122641946265,5.3321483136937768],[-73.194152226044352,5.3323217947151154],[-73.194152044381298,5.3324476368490084],[-73.194152012005688,5.3324713186964408],[-73.194165382501865,5.3325410922107599],[-73.194187549615663,5.3326567705935561],[-73.194202921950563,5.3326776812389465],[-73.194268913733367,5.3327674483787861],[-73.194288782701094,5.3327944756846088],[-73.194315295795988,5.3328111382196486],[-73.194426357973313,5.3328809368205574],[-73.194431856744743,5.3328843926007048],[-73.194545138047658,5.3329503443829731],[-73.194606622809914,5.3329944922533814],[-73.194607972779693,5.3329954615713175],[-73.194652954662232,5.3330277661233101],[-73.194670318280544,5.3330402361180855],[-73.194707644090727,5.333107814972422],[-73.194729824621646,5.3331479731005542],[-73.194745417966587,5.3332664740685845],[-73.194753438120642,5.3333274301168849],[-73.194741724614943,5.3334469932932622],[-73.194735277211223,5.3335128037729307],[-73.194731983893917,5.3335429103770702],[-73.19471108904547,5.3337340567813412],[-73.19470065745378,5.3337859509364689],[-73.194669023256779,5.3339433218269097],[-73.194650191072952,5.3339732057202198],[-73.194625880199453,5.3340117834779104],[-73.194567355798753,5.3341046530074134],[-73.194546388105266,5.3341266099551516],[-73.194536949468272,5.3341364927948298],[-73.194441859903847,5.33423605744819],[-73.194440625187283,5.3342372914814131],[-73.194423841457706,5.3342540659215985],[-73.194292478015385,5.3343853565990003],[-73.194196866592094,5.3344868918566464],[-73.194182211239962,5.3345073981979265],[-73.194107182600362,5.3346123616712067],[-73.194103400051858,5.3346207847215403],[-73.194029365163004,5.334785690707128],[-73.193957562391574,5.3349231367933578],[-73.193850281365357,5.3350864878511821],[-73.19383198915493,5.3351143452508971],[-73.193796000984591,5.335148415167283],[-73.193718461437797,5.3352218313225164],[-73.193545175569326,5.3353950290574019],[-73.19353868606143,5.3354023162639201],[-73.19344954615957,5.3355025430079781],[-73.19340548067612,5.3355905619072868],[-73.193405050415976,5.3355914213332438],[-73.193387313973318,5.335626849099917],[-73.193377743388083,5.3356459758811114],[-73.193360007100807,5.3357034542109094],[-73.193329780744747,5.335801409307658],[-73.19332955861222,5.3359569065860661],[-73.193329369754565,5.3360884800993],[-73.193370957103923,5.3362141405701893],[-73.193490002161809,5.3364176508539529],[-73.193567407709665,5.3365313989050049],[-73.193686513022101,5.3366990316351535],[-73.19374598878629,5.3368306941812458],[-73.19379355572795,5.3369503750598213],[-73.193822593038163,5.3371206553939672],[-73.193856535250845,5.3371352909609406],[-73.19409626662933,5.3372386806206702],[-73.194180138302727,5.3373577220813289],[-73.194189274547455,5.3373440277240469],[-73.194217491643883,5.3373017329886503],[-73.194263142130225,5.3373091200200058],[-73.194366635212006,5.3373258707924069],[-73.194497680823204,5.3374815578277328],[-73.194527894534261,5.3375153035978151],[-73.194712144849561,5.3377210931539736],[-73.194728378056894,5.3377419449328043],[-73.194819356627974,5.3378588081375211],[-73.194962409087807,5.3379666647298425],[-73.195147323190369,5.3380087952697375],[-73.195202244026433,5.337998554027986],[-73.195338315810602,5.3379731803181087],[-73.19557700757278,5.3379615628758907],[-73.195800183331741,5.3380225728834638],[-73.195928916786031,5.3380577651537964],[-73.19607203039979,5.3381237556069125],[-73.196227117587327,5.3381598669843564],[-73.196253852633163,5.3381567517327699],[-73.196430029821911,5.3381362319016219],[-73.196579147309762,5.3381723342858587],[-73.196668592081792,5.3382143254308811],[-73.196835532333921,5.3383102534155213],[-73.19690660125859,5.3383638467142536],[-73.196978583894492,5.338418110007793],[-73.197074007359461,5.3384481572567308],[-73.197223150028307,5.3384722860672218],[-73.197354440255182,5.3384605211362173],[-73.197509528342025,5.3384966226211192],[-73.197610756031494,5.3386462886953137],[-73.197632849676197,5.3386913950918666],[-73.197691078080723,5.3388102593860358],[-73.197738697183027,5.338894062710918],[-73.197743152424437,5.3389955440092267],[-73.197773506342202,5.338996508082416],[-73.197878042637484,5.3389998328760937],[-73.198080912603984,5.3390061101439459],[-73.198265937323129,5.3389704888970266],[-73.198403181961211,5.3389706840498841],[-73.198525133627953,5.3389848321843045],[-73.198611991050456,5.3389949081885106],[-73.1986266248188,5.3390006746415288],[-73.198749145756437,5.3390489295645107],[-73.198898274036068,5.3390850301500743],[-73.198959802952501,5.3390851191829443],[-73.199011646170504,5.3390851920280378],[-73.199113131066085,5.339049450271971],[-73.199262417626386,5.3389719152217419],[-73.199429604292732,5.3388944026546588],[-73.199484827169726,5.3388525038549073],[-73.199553053330689,5.3388007391628172],[-73.199599262296061,5.3387529051225364],[-73.199716389100004,5.3386316630208634],[-73.19982398039231,5.3385002432916746],[-73.199897044912632,5.3384393879674237],[-73.19996735570885,5.338380832209757],[-73.200104716359505,5.3382972932855139],[-73.200163158538004,5.3382564160381483],[-73.200283906277178,5.3381719592685402],[-73.2004179052621,5.338092467293583],[-73.200475004118104,5.3380585961274125],[-73.200502050536201,5.3380520649145593],[-73.20056315926233,5.338037308275223],[-73.200671978129236,5.3380110282864024],[-73.200868860409486,5.3380352344385775],[-73.200976768555961,5.338099355608585],[-73.201000022033298,5.3381131732843574],[-73.201190802413578,5.3382210946279036],[-73.20129211463933,5.338310950390138],[-73.201429271143923,5.3383709576536571],[-73.201462343712123,5.3383689332797166],[-73.201524748568261,5.3383651093623739],[-73.201650142839739,5.3383054861093404],[-73.201739772872159,5.338215901043057],[-73.201742330295247,5.3382146238566381],[-73.20188308163884,5.3381443320952862],[-73.202044252740038,5.3380967228855338],[-73.202080676108054,5.3380828734714525],[-73.202169630823775,5.3380490498238515],[-73.202300928245222,5.338031299904662],[-73.202414379964637,5.3379905379609252],[-73.202419246508398,5.3379887894650917],[-73.202450170738743,5.3379776787269373],[-73.202533283384284,5.3379327072287568],[-73.202593489397998,5.3379001328849016],[-73.202642537479065,5.3378781790612111],[-73.202766645764015,5.3378226284116543],[-73.202870851099803,5.3378024050839654],[-73.203011351292758,5.3377751379123417],[-73.203012456559549,5.3377751397110043],[-73.203106825119818,5.3377752737099744],[-73.203244059865412,5.3377754688628523],[-73.203258670744475,5.3377669549881386],[-73.20331572683925,5.3377337079443574],[-73.203392606283714,5.3377241778286022],[-73.203458958264235,5.3377159634210294],[-73.203490178229089,5.337716009286452],[-73.203631995020473,5.3377162107345777],[-73.203763250173807,5.337728358776813],[-73.203914359659905,5.337732671026008],[-73.203984018447642,5.3377346576284133],[-73.204073531568213,5.3377288003439052],[-73.204169008992551,5.3377289361415823],[-73.204224425183043,5.3376689272485507],[-73.204240714637237,5.3376512877767563],[-73.204330357260076,5.3375557267154541],[-73.204342020418025,5.3375440694827656],[-73.204378163421438,5.3375079448358402],[-73.204437875707328,5.3374721428251624],[-73.204450534800245,5.3374700485800188],[-73.204509502211693,5.3374602933578918],[-73.204587090321908,5.3374484402933193],[-73.204658705135088,5.3374365800341979],[-73.204772105148464,5.3374187932427573],[-73.20486166863104,5.3373770584045879],[-73.204945302883388,5.3373054112158833],[-73.205011046922237,5.337227755656456],[-73.205118612134171,5.3371202489004581],[-73.205173556214618,5.3370836491911264],[-73.205208198999145,5.3370605725874372],[-73.205315612225661,5.3370547386853326],[-73.205367934016735,5.3370949605724993],[-73.205416938840642,5.3371326325650177],[-73.205524191088458,5.3372404459898055],[-73.205642907684705,5.3373218172328158],[-73.205655334725861,5.3373303350270165],[-73.205846260796235,5.3373425712027327],[-73.205920303235402,5.3373226273995105],[-73.20606712439826,5.3372830801500761],[-73.206142649723461,5.3372525630828429],[-73.20624661729822,5.3372105535030343],[-73.206317875169759,5.3371817607297265],[-73.206368437305144,5.3371642990003849],[-73.20642083765145,5.3371462024353402],[-73.20647309185965,5.3371281548405687],[-73.206586542235073,5.3370744922940441],[-73.206707044491495,5.3370574093378558],[-73.20675364976104,5.3370508023526897],[-73.206974486383359,5.3370092527748882],[-73.20718333324416,5.3370035636636528],[-73.207281642633674,5.3369905666613651],[-73.207362376572391,5.3369798917086753],[-73.207547273587721,5.3370339787352066],[-73.207732121140438,5.3371239550065948],[-73.207793954027693,5.3371597570172495],[-73.207928865824428,5.3372378703314993],[-73.208024250618607,5.3373037951340621],[-73.208107775153678,5.3373098970341886],[-73.208298711116569,5.3373161419264701],[-73.208417963018505,5.3373761240090172],[-73.20849432355412,5.3373762319276601],[-73.208543273653092,5.3373763002761176],[-73.208722291800285,5.3373705688966888],[-73.208883394552913,5.3373707964251711],[-73.209008610758744,5.3374367607979325],[-73.209121756263968,5.3375924226522296],[-73.209163920223958,5.3376711723339234],[-73.209246737746696,5.3378258506825995],[-73.209401575822,5.3380413813048397],[-73.209454696077316,5.3381018876920248],[-73.209474269335644,5.3381241848966514],[-73.209490936057776,5.3381431710705582],[-73.209516694439841,5.338169060753609],[-73.209522941508808,5.3381753399428638],[-73.209584817543998,5.3382375341147972],[-73.209604151710209,5.3382569676849698],[-73.20963540429166,5.3382798164926379],[-73.209732758553926,5.3383509923176087],[-73.209735288152999,5.3383528417103436],[-73.209860407013267,5.338462215123351],[-73.209862904868842,5.3384643986385356],[-73.209872354725348,5.3384726592858645],[-73.210051070700331,5.3386822390941626],[-73.210091978162211,5.3387289606730404],[-73.210182130700701,5.3388319366446382],[-73.210292142068667,5.3389541563093594],[-73.210295331064614,5.3389576960409233],[-73.210396649585633,5.3390415659155952],[-73.210509922794614,5.3391075141005935],[-73.21067096259479,5.3391615678521225],[-73.210891661620835,5.3392157133345899],[-73.211028855896913,5.3392458082475303],[-73.211126914375498,5.3392504127764084],[-73.211160127237989,5.3392519713015005],[-73.211327111556855,5.3393120172358595],[-73.211452292689074,5.3394019062730198],[-73.2115834138434,5.3395097421809306],[-73.211708557204091,5.3396295327767884],[-73.211786024805178,5.3397014173865696],[-73.211867069009969,5.3397314691320803],[-73.211899341181606,5.3397434382091706],[-73.212024615843291,5.3397615541524752],[-73.212049530661233,5.3397633788769365],[-73.212191676604533,5.3397737525567122],[-73.212322990213778,5.3397440362583195],[-73.212337345192239,5.3397327659544267],[-73.212406623566778,5.3396783668632786],[-73.212478366983021,5.3395767929346967],[-73.212514347059425,5.339451252073685],[-73.212621941049676,5.339313841960279],[-73.212783199385072,5.3392123939368696],[-73.212811734886927,5.3389250948682658],[-73.212812742114252,5.33891495396196],[-73.212798524732079,5.3388141993158849],[-73.212808241007423,5.3387086656724199],[-73.21285147141819,5.3385984015949823],[-73.212923376712382,5.3385217469810851],[-73.213067113556406,5.3384068190195624],[-73.213186853790177,5.3383446291013792],[-73.213330370300298,5.3383880016050522],[-73.213425958341219,5.3384840806758413],[-73.213425827939545,5.3385752206699753],[-73.213383897250864,5.3387007052011697],[-73.213377762773504,5.3387190636339064],[-73.213493704270988,5.3388964189346204],[-73.2135772449938,5.3388965358465841],[-73.213690636913327,5.3388787490551239],[-73.213827996664648,5.3387952119295488],[-73.213903670118228,5.3387586427972034],[-73.214013096926848,5.3387057599629255],[-73.214034130383453,5.3387025963709878],[-73.214210046656248,5.3386761371939988],[-73.214347297589654,5.338670343761402],[-73.214490470558715,5.3386944707732704],[-73.214562053895591,5.3387065342792344],[-73.214609210746431,5.338703225673461],[-73.2146456036117,5.3387006733974172],[-73.214723258271704,5.338640970104727],[-73.214777086293424,5.3385513337771258],[-73.214832747133499,5.3385116026284107],[-73.214860702559349,5.3384916475715176],[-73.215081612926042,5.3383962618780423],[-73.215242732765873,5.3383905107135767],[-73.215433668728778,5.3383907787115472],[-73.215588776600725,5.3384149219111743],[-73.215714104322444,5.3384031362958417],[-73.215720030854683,5.3384005048793899],[-73.215821574206245,5.3383554371537256],[-73.215952859936493,5.3383436596322476],[-73.216107977700929,5.3383618160450634],[-73.21622169067841,5.3384162888807678],[-73.216233202000623,5.3384218026241914],[-73.216288171640144,5.3384301462737636],[-73.216316666281074,5.3384344713738523],[-73.216352515955805,5.3384399086749479],[-73.216477882348315,5.3383982206014515],[-73.216495530835303,5.3383706668081912],[-73.216513959454289,5.338341895025529],[-73.216567791624939,5.3382578492290369],[-73.216573561220812,5.3382488414110405],[-73.216627211688717,5.3381737773581097],[-73.216647741136697,5.3381450539555022],[-73.216663240715945,5.3381233679990663],[-73.21677079423668,5.3380158657396484],[-73.216908120713171,5.3379562469832651],[-73.217007608214473,5.3379755662194315],[-73.21698850164293,5.3379199883574593],[-73.216955186732434,5.3378230807705824],[-73.21701959617738,5.3378293211663239],[-73.217039797378249,5.337807109819793],[-73.217079354328689,5.337763616697619],[-73.217067601088885,5.3376380011928539],[-73.217091654356338,5.3375004732682667],[-73.217187324235553,5.3373630550610471],[-73.217294952400067,5.3372017175852244],[-73.217329757961906,5.337153031886972],[-73.21741452176272,5.337034431993569],[-73.217545944189908,5.3369269567137625],[-73.217659459316536,5.3368254484357269],[-73.217707371597896,5.3366999165679694],[-73.217703632531112,5.3366787615371027],[-73.217677765916093,5.336532412440941],[-73.217707797876528,5.3363948917109036],[-73.217767662147878,5.3362514372540959],[-73.217869309820728,5.3361020652581654],[-73.217986687787814,5.335998827810764],[-73.218018671924142,5.3359706967903051],[-73.218160007578248,5.3358411899190692],[-73.218162061629798,5.3358393139332865],[-73.218264154086526,5.3357761671869266],[-73.21828746579385,5.335761748306096],[-73.218412817797258,5.3357320131219774],[-73.21843851560763,5.3357341961955091],[-73.218556007853465,5.3357441773519669],[-73.218721477713956,5.3357102747095029],[-73.21875893357786,5.33570259359995],[-73.218842575924086,5.3356309473104044],[-73.218908381116847,5.3355114157193224],[-73.218915056784383,5.3354454225682417],[-73.218920480595671,5.3353918193770431],[-73.21898648543791,5.3352745855537833],[-73.219020751406475,5.3352137284308903],[-73.219028149229629,5.3352005830405504],[-73.219099916028256,5.3350870544240898],[-73.219113698138628,5.3350681048092365],[-73.219172275819446,5.3349876065950008],[-73.219195564323783,5.3349556032186163],[-73.219279248038831,5.3348480685835424],[-73.219345026251915,5.3347524724487334],[-73.219476504437054,5.3346031310297946],[-73.219497237407538,5.3345824088511495],[-73.219572105068522,5.3345075735657161],[-73.219698926564135,5.3344653971604217],[-73.219715377862357,5.3344599265843646],[-73.219816867254565,5.3344241902243121],[-73.219880526664952,5.3343724873004836],[-73.21991244090637,5.3343465733357194],[-73.219966224861352,5.3342868367681868],[-73.220032020161554,5.3341732910645803],[-73.220121688864793,5.3340538017416197],[-73.220135467377844,5.3340451052974656],[-73.2202351626226,5.3339821968210099],[-73.220324676642434,5.333976335039913],[-73.220396322931933,5.3339405474183819],[-73.220450085303085,5.3339047436090965],[-73.220533685381213,5.3338570129907934],[-73.220665002587737,5.333821309006308],[-73.220754542687899,5.3337975093476393],[-73.220756878227235,5.3337975129449244],[-73.220867914822335,5.3337976658296551],[-73.220925053446365,5.3337613361749439],[-73.22093361119714,5.3337558950185917],[-73.220941080496132,5.3337494247859683],[-73.22102322324308,5.3336782691368372],[-73.22103809962735,5.3336639941642261],[-73.221158543332052,5.3335484196239369],[-73.221172590742398,5.3335349378871442],[-73.22122646642822,5.3334094150125813],[-73.221322183072218,5.3332361093590412],[-73.22137009355491,5.3331045978989087],[-73.221549234909205,5.3330091582461412],[-73.221746217014228,5.332955599121644],[-73.22175453124656,5.3329514514483867],[-73.221889522183645,5.3328840337711858],[-73.2219433466081,5.3327943956448909],[-73.221931651824192,5.332626915799568],[-73.221985528409391,5.3325014001195807],[-73.222054290572984,5.3324154887838793],[-73.222057251141152,5.3324117880736166],[-73.222176637941445,5.33237606700194],[-73.222290019069078,5.3323702375964244],[-73.222409354607976,5.3323704039710149],[-73.222528748602812,5.3323346927919255],[-73.222689985354492,5.3322392189648351],[-73.222775186225803,5.3322200679018694],[-73.222875014570207,5.3321976118304129],[-73.222949495192964,5.3321728446005991],[-73.222959418230261,5.3321695448669955],[-73.223089927358203,5.3321261463046259],[-73.223280894797426,5.3321024869403102],[-73.223531608696717,5.3320310609847228],[-73.223630491853669,5.3320280059877678],[-73.223716591147706,5.3320253430951849],[-73.223865816554124,5.3319896633922701],[-73.223991215322286,5.3319180701629012],[-73.224104795200091,5.3317687062608483],[-73.224164713430753,5.3315833838661604],[-73.224230563589543,5.3314339534142592],[-73.224261770096703,5.3313854403169616],[-73.224263227865634,5.3313831740942632],[-73.224315097990086,5.3313025452467713],[-73.224334348213986,5.3312726219754936],[-73.224338197150004,5.3312666390442196],[-73.224357286159758,5.3312508496471205],[-73.224511432656456,5.3311233410693637],[-73.224696568891488,5.331009968035648],[-73.224869820585695,5.3308547081782756],[-73.224977330939026,5.330777106578263],[-73.224993280089024,5.3307494855025856],[-73.225067049104993,5.330621730708323],[-73.225162763051031,5.3304424373686254],[-73.225200403275949,5.3303883746238716],[-73.225219928729217,5.3303603227705212],[-73.225258430232273,5.3303050083695007],[-73.225333005870297,5.3302517747448341],[-73.225383854181459,5.3302154781618727],[-73.225509282627215,5.3301259407596087],[-73.225634731757438,5.3300244360789506],[-73.22564954179289,5.3300108671079647],[-73.225778118765092,5.3298930613158007],[-73.225834519747238,5.3298254071169238],[-73.22586777217991,5.3297855320767669],[-73.225993209618863,5.3296840300939907],[-73.22610669866512,5.3296004515996653],[-73.226213572298477,5.3295524269030556],[-73.226226107049172,5.3295467908517642],[-73.226350074309806,5.3294923249985038],[-73.226375375623022,5.3294812086908765],[-73.226392033646448,5.3294701110451026],[-73.226518711369366,5.3293857177766801],[-73.226673991911198,5.3292842580621569],[-73.226689013458611,5.3292681628960805],[-73.226690299317781,5.3292667851341013],[-73.226757647747192,5.3291946622039692],[-73.226805533048875,5.3290870754082862],[-73.226859415929255,5.3289555720420498],[-73.22690833724991,5.328906672305175],[-73.226937093072365,5.328877930871867],[-73.227038580665891,5.3288421846192078],[-73.22718776470353,5.3288304277820719],[-73.227288850300155,5.3288064518564093],[-73.227313112210311,5.3288006988932475],[-73.227408661580455,5.3287410207816146],[-73.227480145770272,5.3286491660941024],[-73.22749234979203,5.3286334843478613],[-73.227587939631675,5.3285439019795131],[-73.227701381013858,5.3284962100321538],[-73.227751794508237,5.3284567765459734],[-73.227819144084435,5.3284040956223739],[-73.227819391851426,5.3284039018187324],[-73.22783875965095,5.3283887491414781],[-73.227970204561203,5.3282633296889772],[-73.228053910759328,5.3281438322721062],[-73.228173440551814,5.3280004560562917],[-73.228274981205359,5.327928834947862],[-73.228334789718744,5.3278212553466995],[-73.228388649216726,5.3277136793428825],[-73.228490259118118,5.3275822434258888],[-73.228520272192782,5.3274566827797205],[-73.228603927129484,5.3273670869215826],[-73.228753185810817,5.3273074888495779],[-73.228860727640438,5.3272059625852171],[-73.228877518882371,5.327083765403497],[-73.228878804912867,5.3270744088570261],[-73.228861110751581,5.3269248596945804],[-73.228825547061305,5.3267513705793617],[-73.228795888319553,5.3266257307928973],[-73.228837858780125,5.3264762751600134],[-73.228975182558585,5.3264166510076922],[-73.229106585200711,5.3263211430064086],[-73.229114985577539,5.3263131654202684],[-73.229226072725041,5.3262076692486113],[-73.229351563224029,5.3260762657072451],[-73.22942201881105,5.3259706421314981],[-73.229435266724096,5.3259507806041206],[-73.229483175408149,5.3258252559308508],[-73.229533373766174,5.3257356951462551],[-73.229566912183174,5.325675846163417],[-73.229686395210933,5.3255683600917898],[-73.229799898646363,5.3254728287081585],[-73.229857395475392,5.3254429598912099],[-73.229949174414841,5.3253952819667614],[-73.230092484980148,5.3253177280308108],[-73.230277619416526,5.325204346003849],[-73.230316330733984,5.3251493632525335],[-73.230391203790973,5.3250430238165247],[-73.230361609800411,5.3248695347012864],[-73.230302095365346,5.3247618004168169],[-73.230297723220701,5.3247341708682852],[-73.230278430605011,5.3246122521537878],[-73.23031117364259,5.3244925324082004],[-73.230314405285512,5.3244807164120038],[-73.230375921611412,5.3244165551799236],[-73.230451843277905,5.3243373671758425],[-73.230559419281732,5.3243015903461899],[-73.230648835275474,5.3242718497660961],[-73.230798145218216,5.3241763660465065],[-73.230905699638285,5.3240628752016121],[-73.230911817726167,5.3239492467604013],[-73.230911949027188,5.3238535561967151],[-73.230928567071714,5.3238317570407645],[-73.230989880945842,5.323751326935934],[-73.231007596423382,5.3237280881807765],[-73.231019543512147,5.3237189900370794],[-73.231102919470942,5.323655496188004],[-73.231133023070484,5.3236325711862467],[-73.231204287781551,5.3236064923072268],[-73.231215836189548,5.3236022662378577],[-73.231312121257361,5.3235670312935239],[-73.231464163340405,5.3235418493769213],[-73.231491167283465,5.3235373752497219],[-73.231670223202173,5.3235017324190794],[-73.231795669634351,5.323394252642724],[-73.231849558810026,5.3232627411826101],[-73.231837819959352,5.3231191869010788],[-73.231844053160501,5.3229218297787071],[-73.231847929744916,5.3228171418165537],[-73.231850253986011,5.3227543751144184],[-73.231944903134703,5.3226199543474992],[-73.231963836561761,5.3225930529271244],[-73.231991104006227,5.3225678943928978],[-73.232008188394943,5.3225521304315437],[-73.232087720855006,5.3224787448984232],[-73.232119169264166,5.3224497270733044],[-73.232121250267681,5.3224479937394396],[-73.232190859620445,5.3223900138880902],[-73.232399779326329,5.3223304976543933],[-73.232566909335333,5.3222888617416544],[-73.232769847650317,5.3222353089123962],[-73.233014465045429,5.3222535903310213],[-73.233075830285301,5.3222260117211375],[-73.233133870731521,5.3221999286838244],[-73.233179132710745,5.3221647472053739],[-73.233295154247898,5.3220745497007709],[-73.233504145899587,5.3219611991500821],[-73.233647431283885,5.3219015920848607],[-73.233731043952488,5.3218418968860997],[-73.233844532099425,5.3217583237876784],[-73.233969949753302,5.3216747587831792],[-73.234137163399296,5.3215733116590824],[-73.234334212953513,5.3214659308081371],[-73.23450143109612,5.3213585067897267],[-73.23459113936957,5.3212091051161954],[-73.23464504833025,5.321053676186259],[-73.234758623711457,5.3208983326920007],[-73.234806535093469,5.3208536372856239],[-73.234832212527493,5.3208296817954848],[-73.234848242052664,5.3208147272179369],[-73.234917061772919,5.3207803533306972],[-73.23493183943279,5.3207729770913019],[-73.235009414053195,5.3207670982230511],[-73.235122817663836,5.3207373513477529],[-73.235170895749491,5.3206927282394414],[-73.235206465405994,5.320659714674175],[-73.235254322828709,5.3205700675546597],[-73.235326043761845,5.3204804528106893],[-73.235487338070115,5.3203431209383476],[-73.235588881421663,5.3202655076471288],[-73.235684519824673,5.3201400369332417],[-73.235803983067328,5.3200445100461815],[-73.235835587042672,5.3200293079062764],[-73.235898036864839,5.3199992768452002],[-73.235965190141371,5.319966980391885],[-73.236078635120847,5.3199133106508034],[-73.236208230545586,5.319777868936681],[-73.236210089024311,5.3197759266177895],[-73.236286885450667,5.3196650653667614],[-73.236371516432257,5.3195428942892127],[-73.236544761831269,5.3193876290359006],[-73.23669400162683,5.319339983853272],[-73.236825271169266,5.3193401628183219],[-73.23702813573982,5.3193404389101699],[-73.237111803267041,5.319265171050878],[-73.237147625062775,5.3192329510399361],[-73.23718958473151,5.3190894687040915],[-73.237241533170149,5.3190161730580172],[-73.237291218015287,5.3189460682065599],[-73.237380767108661,5.3189043261738211],[-73.237418597989844,5.3188993870970753],[-73.23760755184702,5.318874733981823],[-73.2379119184003,5.318827300139902],[-73.238150653329967,5.3187857622532508],[-73.238383359204647,5.3187860779152745],[-73.238586281331749,5.3187444905659147],[-73.238741539390489,5.318654989136486],[-73.238884894921881,5.3185415459556191],[-73.239081887818827,5.3184760240493683],[-73.239243117375892,5.318386531613216],[-73.239392405734904,5.3182970229892623],[-73.239559647259853,5.3181716476035081],[-73.23967553120076,5.3181245078398112],[-73.239720846240004,5.3181060789324199],[-73.239911823571788,5.3180704603835016],[-73.240096817713948,5.3180587494118354],[-73.240281848728245,5.3180111527925034],[-73.240430938693152,5.3179814762405417],[-73.240431057047587,5.3179814526819218],[-73.240431485373833,5.3179814778007257],[-73.240639877828031,5.3179936987502163],[-73.24077114557187,5.3179938768159936],[-73.240818387207298,5.3179825818668371],[-73.240820063295232,5.3179821811328516],[-73.240920369179662,5.3179581926166062],[-73.241042615705055,5.3178869392336203],[-73.241063684241595,5.3178746590883321],[-73.24107058156153,5.3178702724528479],[-73.241195066199268,5.3177911012783907],[-73.24127575876922,5.3177158190299041],[-73.241284681842529,5.3177074949050214],[-73.241463848377848,5.3175881233932492],[-73.241643023007043,5.3174567810056876],[-73.241778135352561,5.3173847866786224],[-73.241911723347286,5.3173136053386711],[-73.242126655021053,5.317224184848329],[-73.242326898067844,5.317142154087219],[-73.242359487700156,5.3171288099466887],[-73.242616174896511,5.317039444314986],[-73.24278330310689,5.316997806603533],[-73.242974402746427,5.3168784503802815],[-73.243147581595551,5.3167710317577788],[-73.243273643164045,5.3167340516352466],[-73.243350536997625,5.3167114966384119],[-73.243547422875224,5.3167237247202328],[-73.24370848965502,5.3167478670204682],[-73.243845618280602,5.3168317791633681],[-73.243879182675869,5.3168610164515719],[-73.243935013589962,5.3169096496607287],[-73.244048347053521,5.3169397068020832],[-73.24417966336074,5.3169040073141449],[-73.244190958845621,5.3169020683757831],[-73.244315629149085,5.3168806909817015],[-73.244352737888491,5.3168743278879722],[-73.244531775820732,5.3168506550337602],[-73.244770522441584,5.316791166679014],[-73.244879774050119,5.3167662262173749],[-73.245057016767859,5.3167257643825829],[-73.245098910786027,5.3167181911916312],[-73.245188316887223,5.3167020168846308],[-73.245403166722724,5.3166724058069352],[-73.245462507162927,5.3166394648768556],[-73.245522325095138,5.3166062588718459],[-73.245564386387287,5.3165829088742136],[-73.245767509962533,5.3163977807330518],[-73.24588702176861,5.3162663574065219],[-73.246078224830157,5.3160692475977562],[-73.246122271869453,5.3160271310870879],[-73.246215641238777,5.3159378539488786],[-73.246384317318132,5.315850881886047],[-73.246400736105031,5.3158424160946716],[-73.246510739379062,5.3158083596681118],[-73.2465738421091,5.3157888218966631],[-73.246752905222337,5.3157471895811899],[-73.246938031564866,5.3156278261632828],[-73.247025704827806,5.3155604146905988],[-73.24709332919376,5.3155084186786326],[-73.247212824811939,5.3153889662278777],[-73.247251897753813,5.315288201299575],[-73.247284679744141,5.3152036600209271],[-73.247338603093993,5.3150362692084849],[-73.247404524299327,5.3148210416578312],[-73.247512189335993,5.3146238212324546],[-73.247667533729668,5.314468528100142],[-73.247828800158942,5.3143491314073117],[-73.248013879736718,5.3142656419459122],[-73.248210913103094,5.314170217581534],[-73.248384082059687,5.3140747599422964],[-73.248418410980818,5.3140419319896282],[-73.24852148677715,5.3139433680919899],[-73.248629112243663,5.3137760474266997],[-73.248778477045036,5.3136327089823876],[-73.248957657070207,5.3135013728900695],[-73.249163958849579,5.3134346081207022],[-73.249178521571451,5.3134298947739032],[-73.249364863295298,5.3133727007885589],[-73.249411322774264,5.3133584409393384],[-73.249560488825452,5.3133586423874739],[-73.249715680334333,5.3133169785957266],[-73.249870945587631,5.3132214948761387],[-73.250002356323648,5.3131140213950179],[-73.250169616734411,5.3129707036351457],[-73.25030338100602,5.312897510167601],[-73.250420404378133,5.3128334769834256],[-73.250617433247896,5.3127440286140963],[-73.250642001826847,5.3127369509495725],[-73.250886033763436,5.3126666365560693],[-73.251262075384403,5.3125654646245373],[-73.251374882744585,5.3125444240859796],[-73.251453064407357,5.3125298415789626],[-73.25167983565585,5.3125002367965672],[-73.251705579648728,5.3125342761360113],[-73.251815614399021,5.3125470096368401],[-73.25194088636276,5.3125722967741611],[-73.252103359682266,5.3125905161394709],[-73.252155183115164,5.3126003286423087],[-73.252294250679071,5.3126266589931816],[-73.252543498683451,5.312626991742337],[-73.252556784368025,5.3126270106281153],[-73.252861086170128,5.312627416222325],[-73.253052041918167,5.3126157097472779],[-73.253296735755725,5.312574171860601],[-73.253541470962062,5.3125027243212752],[-73.253833987148724,5.3123894780919745],[-73.254186135581634,5.3123062188570449],[-73.254406928137186,5.3122885750577371],[-73.25465160578689,5.3122589990536246],[-73.254973806795661,5.3122654058239158],[-73.255224413675677,5.312259762578079],[-73.255486950062632,5.312260113313684],[-73.255809196037532,5.3122306308390019],[-73.256006187135753,5.3121651071340681],[-73.256197227420031,5.3120876089560634],[-73.256223305061425,5.3120745867728836],[-73.2562822657613,5.3120451346481339],[-73.256300592716499,5.3120359799418901],[-73.256395188303316,5.3119887274077451],[-73.256412177979584,5.3119802406956467],[-73.256740527653122,5.3118431147679717],[-73.257074797563789,5.3117478702680572],[-73.257277699006565,5.3117182367072946],[-73.257337375839484,5.3117050269983714],[-73.260135795945445,5.30902513725768],[-73.260414397295094,5.3083229021262168],[-73.261434993329516,5.3070847063865862],[-73.26154613949879,5.3068566959366059],[-73.262085909919989,5.3061902778421217],[-73.262678543957875,5.3059579019177736],[-73.262954852915556,5.3058162042431682],[-73.263581870737937,5.304714844538287],[-73.263586913516832,5.3047095503201618],[-73.26363259536015,5.3046615907161421],[-73.263694288326903,5.3045968216304775],[-73.263745690356686,5.3045428565873918],[-73.264123787171116,5.3041459065535213],[-73.264198069903514,5.304067919719329],[-73.264231161783229,5.3040331777046523],[-73.264311164680407,5.3039491854139884],[-73.264338536355694,5.3039204488240319],[-73.264424259413431,5.3038304510733303],[-73.264445910888554,5.3038077199114966],[-73.264537354102472,5.3037117166973626],[-73.264982782959194,5.3032440748715519],[-73.265555204327711,5.3026431057250152],[-73.265619835815258,5.3025752508072159],[-73.265623521395213,5.302567689937093],[-73.265668434863116,5.302475551118774],[-73.265739820192849,5.3023291058734197],[-73.265738060113918,5.3022289198045325],[-73.265736074279801,5.3021158837676543],[-73.265731992351704,5.3018835366364128],[-73.265561879095571,5.301550242911226],[-73.265503398495568,5.3014356649656502],[-73.265333282411689,5.301352348192867],[-73.265039466802676,5.3012084476758377],[-73.264882626401629,5.3012112159168305],[-73.264769858365582,5.3012132062536246],[-73.264494619764733,5.3012180640815307],[-73.264267491654394,5.3014335810069495],[-73.264205265555987,5.3014926259492974],[-73.264148722842307,5.3015462780374403],[-73.264092203359851,5.3015999080645093],[-73.264029953987858,5.3016589750306027],[-73.263979141125304,5.3017071901459278],[-73.263911185091047,5.3017716719864492],[-73.263866078852359,5.3018144721934837],[-73.263792416151958,5.3018843689048971],[-73.263753016541131,5.3019217542072612],[-73.263673647170492,5.3019970657860132],[-73.263639954191476,5.3020290361871725],[-73.263554878146692,5.3021097626298088],[-73.263526891803451,5.3021363181331527],[-73.263436109080629,5.302222459436166],[-73.263413829377129,5.3022436000453315],[-73.263317339972176,5.3023351562052223],[-73.263300766912366,5.3023508819236929],[-73.263198570821345,5.302447852936937],[-73.263187704409219,5.3024581637681667],[-73.263079801628194,5.3025605496312762],[-73.263074641867817,5.3025654455788205],[-73.262101770346291,5.3034885726256844],[-73.261556633244453,5.3043169365344056],[-73.261225429680181,5.3044768510869789],[-73.261196358495411,5.3044908874722898],[-73.261152291034591,5.3044898621279639],[-73.260651824085173,5.3044782172415452],[-73.260314753527368,5.3044841639877509],[-73.260084691156337,5.3046997012785608],[-73.260023915331644,5.3047566399494226],[-73.259122402708769,5.3056012321586756],[-73.259119437170057,5.305604010449616],[-73.258380282258315,5.3062964927279026],[-73.258334591798302,5.3063902224373356],[-73.258327852424699,5.3064040476289094],[-73.258224545358061,5.3066159722472239],[-73.258214436600824,5.3066367093890463],[-73.258165836433264,5.3067364079212496],[-73.25787965929112,5.3070671198371455],[-73.257874924119278,5.307072591889523],[-73.257474025541484,5.3075358771133807],[-73.255328106390962,5.3082271951140125],[-73.254663216747687,5.3087620874727168],[-73.254487799138531,5.3085780426734344],[-73.254438953780806,5.308526795036558],[-73.254375367759053,5.308460081755924],[-73.254330931423269,5.308413459962706],[-73.254239533504517,5.308317566908002],[-73.25396915824939,5.3081851392762944],[-73.253471689635703,5.3081939085449674],[-73.252907953633382,5.3085746173092696],[-73.2527443474835,5.309885930631034],[-73.252717087481244,5.3099913120076554],[-73.25268787039245,5.310104258996466],[-73.252619400866109,5.3103689471994313],[-73.252630616722612,5.3110083342700145],[-73.252630786872842,5.3110180341807967],[-73.252563772337226,5.3110822088271865],[-73.252523202012028,5.3111210598828622],[-73.252450703722587,5.3111904858522143],[-73.252405518307086,5.3112337563930572],[-73.252337635069054,5.3112987628431281],[-73.252287834559979,5.3113464528663341],[-73.252224566376597,5.3114070398000131],[-73.252170150770738,5.3114591493027046],[-73.252068711229811,5.3115562898479656],[-73.251998580470627,5.3115698071220185],[-73.251988937199812,5.311571665802659],[-73.251772930679493,5.3116132996747041],[-73.251383852945978,5.3116882916959938],[-73.25069472708546,5.3118277364448172],[-73.249917953392639,5.3124776031296612],[-73.248668789786819,5.3126100585789624],[-73.248499582633684,5.3127485864056494],[-73.247595381720558,5.3134888424341193],[-73.247330113568395,5.3137060128773506],[-73.247304675655371,5.3137268384395417],[-73.24725620961361,5.313800479293171],[-73.247244153301878,5.3138187980343679],[-73.247169902880273,5.3139316164347923],[-73.246947151430263,5.3142700715264981],[-73.246867928434483,5.3143904451304635],[-73.246602051085148,5.3147812166316903],[-73.245751823634166,5.3150550981900828],[-73.245503591363601,5.3151823831316172],[-73.245285728464594,5.3156292684587667],[-73.244774441529358,5.3157939667653915],[-73.244269900740349,5.3159654652341466],[-73.243754276678345,5.3160099481819154],[-73.243528693687679,5.3160294091111666],[-73.243415902197171,5.3160391395430695],[-73.242828990109487,5.3160897716330267],[-73.242334234188121,5.3164238788458436],[-73.241897706777351,5.3166346226014571],[-73.241561025538189,5.3168619799878751],[-73.241096543534169,5.3170844539113427],[-73.240884466529792,5.316853336214602],[-73.241336141133559,5.3166352807563175],[-73.241949527678742,5.3161957455518944],[-73.241975105518435,5.316177417173944],[-73.242062521231517,5.3161147774539623],[-73.242132216117753,5.3160648359747489],[-73.242164963829325,5.3160413698397546],[-73.242628155062988,5.3154749141188757],[-73.242698998320819,5.3153882768145246],[-73.242741311202394,5.3153365305300246],[-73.242791207249624,5.3152755104399407],[-73.242854467287899,5.3151981469030911],[-73.242883416142647,5.3151627440399754],[-73.242967623319501,5.3150597632380467],[-73.242975624999872,5.3150499776147138],[-73.243080779297159,5.3149213795349084],[-73.243160042606888,5.3148244446883872],[-73.243193935220972,5.3147829957936779],[-73.243252251356694,5.3147116781872752],[-73.243307091090855,5.314644612014356],[-73.243344460070716,5.3145989116608874],[-73.243420246906808,5.3145062281969464],[-73.243436668748984,5.3144861451091563],[-73.243533402668888,5.3143678443414482],[-73.243621085998072,5.3142606119299058],[-73.24364655837708,5.3142294604478657],[-73.243708962655944,5.3141531430242361],[-73.243714491443697,5.3141478487093199],[-73.243759675772864,5.3141045806164735],[-73.24383217650049,5.3140351545709468],[-73.244438097047365,5.3134549293495557],[-73.244455582200601,5.3134381856602664],[-73.244507762406982,5.3133589021285781],[-73.244551319832368,5.3132927201788069],[-73.244656263851695,5.3131332662218158],[-73.244664570482811,5.3131206449614927],[-73.244801309770679,5.3129128804546166],[-73.244844262532141,5.3125686550059994],[-73.244958565236587,5.3116526233705743],[-73.2452988441066,5.3109951096582195],[-73.24544910608833,5.3106868829014475],[-73.246367321541854,5.3095532969245172],[-73.246702684806067,5.3088653699018957],[-73.24751538021053,5.3086692232303054],[-73.248061452009836,5.3081725491867013],[-73.248064629898408,5.3081696587659817],[-73.248174505020174,5.3080697227789155],[-73.24818851432704,5.3080569807278941],[-73.248287557994246,5.307966896337696],[-73.248312398712073,5.3079443026497657],[-73.248400610931995,5.3078640698630615],[-73.248436283053479,5.3078316245314259],[-73.248513663833464,5.3077612433550128],[-73.2485601673514,5.3077189463730488],[-73.248626716698681,5.3076584168136005],[-73.248684051605721,5.3076062681744647],[-73.248739769527603,5.3075555902387261],[-73.248807935816544,5.3074935899357607],[-73.248837092437398,5.3074670706714908],[-73.248852800664807,5.3074604392328055],[-73.24904045221578,5.3073812195687919],[-73.249191492019108,5.3073174559908036],[-73.249304389113703,5.3072697948571443],[-73.249530183267552,5.3071744725106802],[-73.249572357625979,5.3071566679666393],[-73.249820495722659,5.3070519126230851],[-73.250773433826552,5.3061591708933458],[-73.250790851830033,5.3061428531261292],[-73.250886494785391,5.3060532515831502],[-73.250911138987064,5.3060301640566987],[-73.251451799013594,5.3055236545254614],[-73.251512574131169,5.3054667181361159],[-73.251564859745969,5.3054177350126048],[-73.251632861031879,5.3053540288372911],[-73.251639556964548,5.3053477558330631],[-73.251678041525238,5.3052688109089674],[-73.251746542911675,5.3051282911885327],[-73.251791458983149,5.3050361529443375],[-73.251854007591888,5.3049078442576381],[-73.251858297430417,5.3049025480388119],[-73.252308891664839,5.3043462452146812],[-73.252357557793843,5.3042235818411712],[-73.252446273309204,5.303999973468323],[-73.25247112550214,5.3039373332140221],[-73.252533756957803,5.3037794697810678],[-73.252538046782917,5.3037741735528723],[-73.253075518907508,5.3031106080026849],[-73.253742056857163,5.3028958793770187],[-73.253940187315123,5.302815973194889],[-73.254075873465155,5.3027612508009616],[-73.254165967475956,5.3027249157494394],[-73.254341115337056,5.3026542782951251],[-73.254354556946694,5.3026490078844626],[-73.254504632481684,5.3025901637355428],[-73.254640766279351,5.3025367860523653],[-73.254907804167203,5.3024320811128245],[-73.255140339295039,5.3023128328539695],[-73.255367028205839,5.3018478072893371],[-73.255359208173914,5.3014022403625942],[-73.255130623116756,5.3009543673649357],[-73.25451438642402,5.3006525414876844],[-73.253537084743073,5.3008503133530933],[-73.252995644609953,5.3011279678238452],[-73.252704353653371,5.3011982771019337],[-73.252365838618147,5.3012799847103249],[-73.252336971583219,5.3012869523562207],[-73.252035576859797,5.3013597000049657],[-73.252027311574466,5.3013659497925021],[-73.251983624904469,5.3013989834210653],[-73.251834700852754,5.301511592123914],[-73.251801307305541,5.3015368425930571],[-73.251688305128852,5.3016222889466134],[-73.251685776752055,5.3016242007726726],[-73.251516255887353,5.301752383510812],[-73.2514688420775,5.3018496466969767],[-73.251462102887231,5.3018634712543919],[-73.251358794436527,5.3020753947566197],[-73.251348686293468,5.3020961302513863],[-73.251196009979083,5.3024093248969342],[-73.251020678887983,5.3026395865071843],[-73.251008827076902,5.3026551514325515],[-73.2509347982012,5.302752373162221],[-73.250895646662087,5.3028037906506249],[-73.250844884155441,5.302870456734281],[-73.250802194052284,5.3029780571887741],[-73.250782252494218,5.3030283198889352],[-73.250620018124337,5.3034372311686848],[-73.250534794084729,5.3035424484157563],[-73.250165133868279,5.3039988286991804],[-73.250053983323411,5.3042268359080582],[-73.249310594941747,5.3050690774118667],[-73.249264532329022,5.3051212651353508],[-73.249207368053632,5.305186030728251],[-73.249197491174584,5.3051902004192177],[-73.249094186944362,5.3052338120268718],[-73.249084594509242,5.3052378616323708],[-73.248633007730291,5.3054285062205429],[-73.24840721427023,5.3055238283560806],[-73.248068523991989,5.3056668113609211],[-73.248017888717598,5.3056881877508539],[-73.247337671328509,5.3062572765382896],[-73.247112288325141,5.3048443015292319],[-73.247122996897644,5.3043824216909794],[-73.247460476353098,5.3042194881250806],[-73.249832582220648,5.301963355871556],[-73.250072394509374,5.3018475728656478],[-73.251414733102024,5.3007245058492787],[-73.251742349484857,5.3005663287771325],[-73.253594620984984,5.2986447364245803],[-73.253798534324673,5.2982264277441171],[-73.253790714617409,5.2977808611339858],[-73.253562131356844,5.2973329883189697],[-73.253098208246215,5.2971057644813078],[-73.252577724342402,5.2971149400905109],[-73.251527066022561,5.2979094065907653],[-73.251310897311313,5.2983528530774029],[-73.250961021717302,5.2988123474383135],[-73.250517419694276,5.299026524920758],[-73.24917508479966,5.3001495907238789],[-73.248935273218038,5.3002653735491441],[-73.248598602427563,5.3004927421282071],[-73.248031915239054,5.3007149333777184],[-73.246467933914673,5.3021584723872088],[-73.24590758034509,5.3017754092532696],[-73.245784727583185,5.2986651065539379],[-73.246237648894208,5.2979994077432151],[-73.246364301508095,5.2977395970620336],[-73.246350780390387,5.2969686185464884],[-73.246122203502424,5.2965207448432841],[-73.24565828545758,5.2962935165208407],[-73.245160828510166,5.2963022822129737],[-73.244652839388067,5.2966453451904068],[-73.244324895774838,5.2973180682608021],[-73.244093603000024,5.2977650067657862],[-73.24391141926192,5.298138726534118],[-73.243974816039554,5.3017545501450511],[-73.244205295377995,5.3026667438418427],[-73.245218360031743,5.3036479360648867],[-73.245189084833243,5.3049105635488631],[-73.245360439001004,5.3062852963624101],[-73.245195341673934,5.306923500615329],[-73.244971743305996,5.3078316834273949],[-73.244744312518051,5.3077134237897603],[-73.244498755659578,5.3075931498899189],[-73.244054242828042,5.3076009790590239],[-73.243550925199585,5.3078590687984866],[-73.243156009227832,5.3075890980260505],[-73.24283751538762,5.3069262745191335],[-73.242201965281353,5.3061630037113554],[-73.241251889210005,5.3057842601117358],[-73.240298699527798,5.3049389241325349],[-73.2415458793255,5.30345827464342],[-73.241722425433395,5.3025652513565564],[-73.241708767055329,5.3017859026910141],[-73.241491170520504,5.3009246932082084],[-73.241383872401784,5.2997918351055793],[-73.241207501035362,5.2990937810344336],[-73.241499823232402,5.2986641371538576],[-73.241619811355918,5.2984179997676613],[-73.241612000474859,5.2979724358973312],[-73.241383427450216,5.2975245614677906],[-73.240919515125455,5.297297329934632],[-73.240337718123442,5.2973075764288362],[-73.23943352721372,5.2982455720320196],[-73.239242973165261,5.299242763097717],[-73.23946599431018,5.3001254668501883],[-73.239574724678121,5.3007514089949774],[-73.239239193756646,5.3005769369130409],[-73.238993641054321,5.300456662089597],[-73.238496178991866,5.3004654212712321],[-73.237991454054665,5.3008062711993933],[-73.23775510617881,5.3017662047086382],[-73.237767904451644,5.3024964131674981],[-73.237644092932612,5.302735646283768],[-73.237403154888923,5.3034727406043789],[-73.236859998270063,5.3037349645807721],[-73.23662746127593,5.303854204615285],[-73.236400762807477,5.3043192183940322],[-73.236415254422951,5.3051465789954788],[-73.236066181353934,5.3053151016638562],[-73.23594697316787,5.3054224817731557],[-73.235890785786495,5.3054730941039017],[-73.235821890528058,5.3055351533826203],[-73.235777734910926,5.3055749277434723],[-73.23569680784442,5.3056478249512553],[-73.234935806094796,5.3063333158751247],[-73.234836884175536,5.3048541689286619],[-73.234820416713504,5.3046079373933015],[-73.234598925527152,5.304173934199544],[-73.234135013210732,5.3039466967939735],[-73.233978173697182,5.303949456679808],[-73.233865406917971,5.3039514409983894],[-73.233493328698415,5.3039579881848233],[-73.233011298367188,5.3038326889153584],[-73.232963653532707,5.3038335275752333],[-73.232850886830619,5.3038355125166783],[-73.232675985377369,5.3038385911251185],[-73.232229168779583,5.3040676993912053],[-73.232180073077544,5.3041684045814792],[-73.232173333765118,5.3041822282670843],[-73.23207001938448,5.3043941467259357],[-73.232059910398405,5.3044148822663093],[-73.231952761569545,5.3046346656855263],[-73.231977596964057,5.3047329677021802],[-73.232006173555163,5.3048460778929503],[-73.232058097700502,5.3050516009706907],[-73.232091903352512,5.3051854084757935],[-73.232121822038835,5.3053038308098541],[-73.232169574776108,5.3055026476260148],[-73.232229211642519,5.3057509435346262],[-73.232231031348846,5.3057585198142476],[-73.232281108441754,5.3059338398695424],[-73.232487355130473,5.3066559097167803],[-73.232497157424206,5.3066902275386365],[-73.232504451824198,5.3066993383141368],[-73.232741747607704,5.3069957228755165],[-73.233018114437584,5.307340907170504],[-73.233127967855381,5.307569541159662],[-73.23369560395551,5.3082512673317357],[-73.23385770272354,5.309096381914018],[-73.233995075319015,5.3091354662098311],[-73.233895910382458,5.3092342999104742],[-73.23385770272354,5.309096381914018],[-73.233208034993609,5.3089993213822417],[-73.232678979980733,5.3092547293773338],[-73.232447865009675,5.3097012905593122],[-73.232437225627393,5.3101596485593827],[-73.232435006328501,5.3102552580578415],[-73.232493974012897,5.3103779818958587],[-73.233182716353241,5.3118113933594913],[-73.23390507790667,5.3126557867453492],[-73.234038031688712,5.313772894906287],[-73.234385142351641,5.3142893430518727],[-73.234141478268697,5.3147601418012096],[-73.23400772892704,5.3158318553280051],[-73.23366891852649,5.3164864939625085],[-73.23364726704196,5.3174192085822884],[-73.233729756294153,5.317849286672895],[-73.233751447154688,5.3179623773184863],[-73.233774590621664,5.3180830414797082],[-73.233824603485616,5.3182809989526065],[-73.23385840702656,5.3184147977751124],[-73.2339976012276,5.3189657463614628],[-73.23399662075353,5.3189803363155761],[-73.233981432173053,5.3192063498365938],[-73.233897894296049,5.3204494241015343],[-73.23387695716886,5.3207609735102137],[-73.233817475763175,5.3207801323479966],[-73.233140268196564,5.3209982589678528],[-73.233027400243841,5.3210346133165149],[-73.23276930964181,5.3211177432384913],[-73.232761829926474,5.321124337907384],[-73.231671227268322,5.3220858906885695],[-73.231611790981958,5.3221382937700676],[-73.231558178190411,5.3221855624464904],[-73.231484008654263,5.3222509553206097],[-73.231445129077613,5.3222852341712601],[-73.231362770119816,5.3223578473445148],[-73.231000919306439,5.3229076162283491],[-73.230501713729197,5.3231486026857606],[-73.230427529969148,5.3232366656929928],[-73.230403570878181,5.3232651073482158],[-73.230314381412668,5.3233709834472567],[-73.230308586338609,5.3233778627311166],[-73.230201232804276,5.3235053011638422],[-73.230118617149628,5.3236033734170514],[-73.230088084143958,5.3236396188426269],[-73.230023632500277,5.3237161287201866],[-73.229974935431656,5.3237739364837626],[-73.229916222741281,5.3238436336591972],[-73.229588452731718,5.3245159059503058],[-73.229413698280055,5.3247316295719882],[-73.228678608422513,5.3256390500197135],[-73.228348523308853,5.3263160622185346],[-73.228223256728882,5.3263182636918653],[-73.22823595987397,5.3257712245969708],[-73.228223580423574,5.3257454597007623],[-73.228169197763364,5.3256322750462362],[-73.22816540443614,5.3256243801309342],[-73.228114815117848,5.3255190903930902],[-73.22801191071332,5.3253049190607689],[-73.227566395631555,5.32507325156352],[-73.227121926119295,5.3250628794882457],[-73.226660549023691,5.3252855994633945],[-73.225523162414007,5.3267353364627441],[-73.225487201006246,5.3282833078505121],[-73.225625548313204,5.3285712472409186],[-73.22575879016162,5.328832332600224],[-73.225059786716173,5.3292455221805204],[-73.224734255774536,5.3294653296878485],[-73.224721240628071,5.3294741178671661],[-73.224718408700127,5.3294652839602232],[-73.224439760776207,5.3285960699234876],[-73.223948548159868,5.3283406353538814],[-73.223504077244414,5.328330259902164],[-73.223038857960333,5.328554830897045],[-73.222969426736881,5.3286889724401387],[-73.222862897242109,5.3288947878917812],[-73.222856031939571,5.3289080516791509],[-73.222807725413659,5.3290013800230422],[-73.222804953205468,5.3291206761503149],[-73.222784770695924,5.3299891765122132],[-73.222914335335673,5.3302588404021591],[-73.223180365439845,5.3305911222010796],[-73.223189455895096,5.3306024765218467],[-73.223271067151217,5.3307044120347342],[-73.223301817741515,5.3307428206641108],[-73.223361768893398,5.3308177018657972],[-73.223414179635242,5.3308831648023016],[-73.223452470666373,5.3309309916941832],[-73.223476144461742,5.3309605611227111],[-73.223413873541546,5.3309896291518699],[-73.22280090292756,5.3312757629284491],[-73.22181498886863,5.3316397117999887],[-73.221098614010785,5.3321812986504629],[-73.220226191146878,5.3311614589849707],[-73.220710105425255,5.330526051417829],[-73.221068042155181,5.3296240689094745],[-73.22179317707139,5.3287862397241925],[-73.222018079435188,5.3282194897846713],[-73.22236889105929,5.3273597262103065],[-73.222348649231378,5.3262020944040307],[-73.223092148188414,5.3253195199166878],[-73.22349472481946,5.3244938359422989],[-73.223993207262353,5.323878501186055],[-73.224255464735364,5.3228135119221891],[-73.224899825471894,5.3225024605635785],[-73.227505552292925,5.3201507326911859],[-73.227627343118783,5.3194141686316989],[-73.227646023380146,5.3193011942113193],[-73.227682506274405,5.3190805528444045],[-73.228574065067946,5.318376204772056],[-73.228926450281804,5.3178408178138241],[-73.22972811415994,5.3169326454572419],[-73.229945187638307,5.3164874039469296],[-73.230396211168269,5.3158951427056778],[-73.230413232907594,5.3151619527773235],[-73.230184790562859,5.3146865098951004],[-73.229739280472018,5.3144548461706105],[-73.22950108632304,5.3144492904467944],[-73.228947761147097,5.3144590195894557],[-73.228935753237948,5.3137729581251198],[-73.228950185871298,5.3131513442706826],[-73.228945127825099,5.3128623194960758],[-73.228939435103712,5.3125370311089739],[-73.228943006107315,5.312523228702168],[-73.229030670040231,5.3121843955369137],[-73.229057934411841,5.3120790148580435],[-73.229059010201468,5.3120714486096707],[-73.229170703963817,5.3112858813218811],[-73.229343578557106,5.3106176950545887],[-73.229070406018238,5.3100491556805851],[-73.228624899369308,5.3098174923697092],[-73.228180440453201,5.3098071247014218],[-73.227717405374037,5.3100306552942627],[-73.227305115835435,5.3106365737622285],[-73.227142284073224,5.3116214029292319],[-73.227010849716407,5.3121294018908563],[-73.227028635547271,5.3131458264748481],[-73.227005511764617,5.314141673702486],[-73.227118663857311,5.3146655250920212],[-73.227181072637009,5.3149544540499996],[-73.227301540928963,5.3155121763349715],[-73.227806855669883,5.3161433305394015],[-73.227237925343488,5.3168187121319628],[-73.227089711185243,5.3171227079084273],[-73.225822005701417,5.3181242189597118],[-73.225622572147074,5.3195267387305432],[-73.225430667652901,5.319271709404247],[-73.225418278367911,5.3185633705606081],[-73.225559175085607,5.3179911923909771],[-73.226099642551631,5.3177302889287823],[-73.226558742691893,5.3171274295688811],[-73.226570730041658,5.3166111577309749],[-73.226388080217404,5.3162310109204602],[-73.226346683364852,5.3161448521200443],[-73.226275669629729,5.3161079247056984],[-73.225901174763337,5.3159131857612616],[-73.225456712207105,5.3159028146864546],[-73.225210473980795,5.3160216844787005],[-73.224986877437487,5.3161363283246637],[-73.224922344834525,5.316167480593232],[-73.224809425856364,5.3162219907234265],[-73.224769712228493,5.3162411619392369],[-73.224545494717646,5.3163493998249285],[-73.224143763148575,5.3168044995454498],[-73.223745680309165,5.3172554646733774],[-73.223678617225318,5.3173314364674198],[-73.223646159505009,5.317368205883894],[-73.223645465748447,5.3173689917993094],[-73.223601356508965,5.3177071605004897],[-73.223495966784029,5.3185151398266743],[-73.22351172750632,5.3194162004479733],[-73.223180334300466,5.3200564717429542],[-73.222944193508212,5.3206515602363575],[-73.222649544349537,5.3210845696269375],[-73.222463187858978,5.3220269854346585],[-73.22214771356262,5.3231358743464208],[-73.221805874499523,5.3235847393403493],[-73.221397578257353,5.3244221484138192],[-73.22046589166969,5.3254986446604988],[-73.220408913973003,5.3261750311338636],[-73.220382155160436,5.3264926854526431],[-73.220321486683673,5.3272128783396848],[-73.220043334188503,5.3280636765047582],[-73.219651343792052,5.3283283556531194],[-73.218983085025286,5.3281546324129367],[-73.21841586433635,5.3284284356478624],[-73.218184729103982,5.3288749819366501],[-73.218176860484149,5.3292134631130867],[-73.21823126659784,5.329395570287832],[-73.218342953822855,5.3297694076279853],[-73.2185187800184,5.3303579292916874],[-73.218290391966661,5.3312405497754289],[-73.218449482849124,5.3319323387202973],[-73.218449811874734,5.3319337694510462],[-73.218465183996997,5.3320006133863123],[-73.218698686296719,5.33227357306468],[-73.218786498969536,5.3323762243182307],[-73.218795615539946,5.3323868814041422],[-73.218892544816924,5.332500189739819],[-73.219291250461296,5.3329662680014298],[-73.219299138037854,5.333417461669546],[-73.218609227616753,5.3340780217139141],[-73.218055017664796,5.3346528554722648],[-73.217612226620517,5.3348665899819538],[-73.217139940251329,5.3354495571854725],[-73.216819684692126,5.3361063609166974],[-73.216468508866384,5.3365674593080055],[-73.21624947329299,5.3370166723976773],[-73.215453913622255,5.337244937922665],[-73.215163875386608,5.3372659721203819],[-73.213985389242694,5.337351437015899],[-73.213536252782148,5.3374654189055351],[-73.212615365021691,5.3376428300426131],[-73.212292604253051,5.3377986218708573],[-73.211792555179329,5.3381362477236252],[-73.210889958668488,5.3379987016781012],[-73.210825013360989,5.3379020667760226],[-73.210601778113499,5.3375699052969887],[-73.210491932718199,5.3373412706584862],[-73.21034227269169,5.3370479991709336],[-73.210714919955279,5.3366614972842417],[-73.211383929214222,5.3363385822370741],[-73.212688381324796,5.3349003589084321],[-73.213202372606773,5.3338462447997586],[-73.21410328640421,5.3336288812135004],[-73.214572309208975,5.3330499430318312],[-73.214838552509448,5.3325039152973241],[-73.215647539901042,5.3319576859821733],[-73.216557059906108,5.3314200776365102],[-73.217217586989435,5.3305527759071332],[-73.217505868762373,5.3295650270456232],[-73.217618988953191,5.3286588737909453],[-73.2177396605952,5.3281925338704248],[-73.217726532521169,5.3274414500092719],[-73.218076481817477,5.3264262434405412],[-73.217967680891547,5.3258341956813569],[-73.217794943662582,5.3251504126080844],[-73.217970958359544,5.3239127380124547],[-73.218087274148886,5.3234632237115553],[-73.218199087763722,5.3230091776845878],[-73.218200460710619,5.3230038716767982],[-73.218229685075528,5.3228909286608399],[-73.218371980657238,5.3223409997911242],[-73.218098818227688,5.3217724556745987],[-73.2176533113511,5.3215407830688051],[-73.217208846906146,5.3215304047386818],[-73.216747078920051,5.3217533072954195],[-73.216334019956932,5.3222956853585162],[-73.216171285055111,5.3231185952461173],[-73.215953827424542,5.3239589879672149],[-73.21591489056479,5.3256339499141809],[-73.216088271931682,5.3263203010227533],[-73.215994566417038,5.3265013364724103],[-73.215984265268162,5.3265212378857143],[-73.215834504419632,5.3268105697130892],[-73.215705888821461,5.3280904532972135],[-73.215585215823069,5.3285567923123871],[-73.215598349486172,5.329308460014258],[-73.215312040953108,5.3298956508487638],[-73.21425681753972,5.3305847246863376],[-73.213325642811625,5.3313636333103611],[-73.212782702590388,5.3313509489651389],[-73.212436870416823,5.3315178798445082],[-73.212247969136158,5.3317361308566111],[-73.212190458823514,5.3318025765361288],[-73.212134825959637,5.3318668530446089],[-73.211800129874661,5.3322535501717683],[-73.211569109324074,5.3325204634228376],[-73.211507382770876,5.3325917801060578],[-73.211344620370753,5.332779829908362],[-73.211342801706181,5.3327890256771964],[-73.2113372020724,5.3328173392727605],[-73.211247839019265,5.3332691876743654],[-73.211228360919392,5.3333676750583701],[-73.211127822376028,5.3338760285231501],[-73.210405858854202,5.3346248366553688],[-73.209858410984353,5.3348890816620473],[-73.208637775525162,5.3361550938624944],[-73.20772488695755,5.3360405822793773],[-73.207223381844017,5.3359776735433426],[-73.207228673546894,5.3357505108287731],[-73.207220854488426,5.3353026690042666],[-73.207419850228561,5.3350664678276587],[-73.207502469076758,5.33496840197376],[-73.207514840059332,5.3349537180200324],[-73.207728779191484,5.3346997790426549],[-73.207799809331291,5.334615468436378],[-73.207841934170759,5.3345654675201652],[-73.207877332184893,5.334523451132374],[-73.207908140813132,5.3342767036491141],[-73.207950462563105,5.333937746367809],[-73.208037116121801,5.3332437303679345],[-73.208071389114664,5.3332128631133777],[-73.208636690278411,5.3327037355607168],[-73.208644753315909,5.3326964737300555],[-73.208749750403229,5.3326019099491813],[-73.208769845968831,5.3325838112248256],[-73.208862810492178,5.3325000843039634],[-73.208894938577714,5.3324711486783674],[-73.208975870545117,5.332398258625151],[-73.209020031142614,5.3323584860907154],[-73.209088930562118,5.3322964329126261],[-73.209145123663461,5.3322458234618555],[-73.20920199054315,5.3321946071664561],[-73.209264340311918,5.3321384527706392],[-73.209271200484622,5.3321331636583498],[-73.209315031389252,5.3320993705428172],[-73.209417248947517,5.3320205619676884],[-73.209541066024912,5.3319251003496246],[-73.209563297361939,5.3319079602239832],[-73.209654083299057,5.3318379652053887],[-73.209709345727774,5.3317953584273203],[-73.209767100544269,5.331750830029411],[-73.209855394045093,5.331682756577635],[-73.209993134947382,5.3315765595822358],[-73.210001442313825,5.3315701546749628],[-73.210106152105396,5.3314894243110746],[-73.210147490534126,5.3314575527192725],[-73.210671237459451,5.3310537474790722],[-73.21073168292989,5.3310071443665397],[-73.210784254443055,5.3309666120175017],[-73.210799749928071,5.330954665081074],[-73.211391009497049,5.3295056853417204],[-73.211086964743004,5.3288728440187016],[-73.210641457962694,5.3286411655511543],[-73.210452706480922,5.3286367553779899],[-73.210339949893481,5.3286341207960044],[-73.210196990263142,5.3286307804838033],[-73.209733936839655,5.328854293117403],[-73.209578753907095,5.3290823301987267],[-73.209549176502506,5.3291257933564404],[-73.209281456224616,5.3295192002703544],[-73.209164392007423,5.329759286147647],[-73.209123650540192,5.329842842363071],[-73.20783314787603,5.3308622659409082],[-73.206158254916417,5.3326543521068741],[-73.205991518906472,5.3338265753179819],[-73.20474029600085,5.3351820112950339],[-73.204415554835251,5.3361751897077907],[-73.20433290106007,5.3363007495731933],[-73.204258640486458,5.3364135592043604],[-73.204227942012295,5.3364601934000273],[-73.204127495786096,5.3366127816536011],[-73.203387148071059,5.3367554006518265],[-73.202533048350134,5.3369721369756409],[-73.201970831223292,5.3370804403584895],[-73.201947374205602,5.3370849590169449],[-73.201858002660558,5.3371021751556365],[-73.201727863966937,5.3371272444707269],[-73.201143156364097,5.337426993427818],[-73.200650761000148,5.3373080081015472],[-73.201019099078849,5.3367484714117248],[-73.201818084170185,5.3358434661377157],[-73.202148787097002,5.3348320511757423],[-73.202816527234887,5.3345097554720153],[-73.203346706597216,5.3338553566942766],[-73.203519586818842,5.3329812732813169],[-73.204299427906719,5.3324720516910027],[-73.204390811112276,5.3321189319495552],[-73.204418081385271,5.3320135549920655],[-73.204419944496934,5.3320059903395958],[-73.204466978544218,5.33181502141879],[-73.20452990786697,5.3315595137413458],[-73.204533513658888,5.3315542151920035],[-73.204580702382529,5.3314848734674714],[-73.204610278540159,5.3314414126103662],[-73.204693950304602,5.3313184605955817],[-73.204763808207446,5.3312158073887659],[-73.204807198157596,5.3311520476813437],[-73.204862172630882,5.3310712649738043],[-73.204886508874637,5.3309901121115182],[-73.204920764780169,5.330875880586138],[-73.204954238786939,5.3307642563530857],[-73.205345419346429,5.3294597995273723],[-73.205737947581824,5.3283211635401413],[-73.2054520868287,5.3277261676977625],[-73.2050065842121,5.3274944861297158],[-73.204562118790889,5.3274840972992452],[-73.204100347698912,5.3277069873051524],[-73.20368264233278,5.3282554339593027],[-73.203181676873513,5.3298601769094169],[-73.203069850210071,5.3303142177080449],[-73.202829253480701,5.3306677551117581],[-73.202608409465242,5.3311206596307716],[-73.202045107544294,5.3316599717187696],[-73.201986450456772,5.3317161306228922],[-73.20192741251698,5.3317726541392902],[-73.201873371103872,5.3318243939137497],[-73.201809717447389,5.3318853365223591],[-73.201760291711864,5.3319326571700829],[-73.201645268526974,5.3320427813579307],[-73.201483270880914,5.3330222165054009],[-73.201041523638352,5.3332354318302082],[-73.200308046845066,5.3340828355959875],[-73.20009224236199,5.3349590047589572],[-73.199330275010226,5.3358393134801885],[-73.199106008961692,5.3361799954411122],[-73.198566581256557,5.3368457951816239],[-73.198467416265984,5.3376398957385653],[-73.198400150518921,5.3381785484584618],[-73.197514834324025,5.3374086843487865],[-73.196960680952458,5.3371372021657679],[-73.197071367246608,5.3370759781583841],[-73.197507914386264,5.3368652765026257],[-73.197703179489849,5.3367334439652367],[-73.197862035269409,5.3366261929500745],[-73.198620335547758,5.3363289765527639],[-73.199216327978064,5.3355933590435933],[-73.199228548249508,5.3350682502880886],[-73.19900452349097,5.3346019409618171],[-73.19855902077046,5.3343702539113922],[-73.198114552116223,5.3343598583548095],[-73.197868303756096,5.3344787124669519],[-73.197531604162151,5.3347060378294664],[-73.197354192279548,5.3347755747144925],[-73.196964875432244,5.3349281678434917],[-73.196424799437054,5.3352928028702538],[-73.195837839520962,5.3354922513120719],[-73.19566058593746,5.3355075265340579],[-73.195322207018222,5.3355366869418637],[-73.195216349131897,5.3355458093944099],[-73.195177342098447,5.3356834988606359],[-73.195090071805609,5.3355955120195508],[-73.195078750344237,5.3355840975991899],[-73.19509655380034,5.3355791436160818],[-73.195216349131897,5.3355458093944099]],[[-73.227490692789473,5.3273886972367404],[-73.227451696833185,5.32752639138603],[-73.227353095574642,5.3274269939597403],[-73.227490692789473,5.3273886972367404],[-73.22755069988888,5.327129065464538],[-73.227872363295916,5.3268983923365729],[-73.227704791919606,5.3273402787792223],[-73.227490692789473,5.3273886972367404]],[[-73.228056780432524,5.3265991303417426],[-73.228017784698636,5.3267368245888784],[-73.227919183402818,5.3266374272625283],[-73.228056780432524,5.3265991303417426],[-73.228095776139654,5.3264614360857481],[-73.228194377454543,5.3265608333844403],[-73.228056780432524,5.3265991303417426]],[[-73.237129820635872,5.3179720462708264],[-73.237158398357948,5.3180851566937806],[-73.237184725504875,5.3181893593434886],[-73.236981955776173,5.3182933285447831],[-73.236933565221591,5.3183181405512929],[-73.23636685553673,5.3185403176219745],[-73.235915043654344,5.3188819223542252],[-73.235853917046995,5.3184336808596226],[-73.235806585685751,5.3180866000194813],[-73.235558884053276,5.3171061747256143],[-73.235904918470467,5.3164375749225501],[-73.236037576991706,5.315374573379108],[-73.236282802699009,5.3146630815280274],[-73.236265730446476,5.3136882984060962],[-73.236495959232471,5.3127983864176187],[-73.236386803610444,5.312323797606151],[-73.236203834348757,5.3115995952749762],[-73.236165052983836,5.3093855480074295],[-73.236182100298478,5.3086509102586534],[-73.23616542472304,5.3076990285148176],[-73.236445351424535,5.3074584209379809],[-73.236562000424044,5.3073581566037671],[-73.236576415395419,5.3073457663729293],[-73.236675038364567,5.3072609960521149],[-73.236707479321083,5.3072331117637406],[-73.236788076271424,5.3071638354675637],[-73.236838543201642,5.3071204571105373],[-73.236901114144771,5.3070666748503319],[-73.236963451722673,5.3070130931581989],[-73.236974382540737,5.3070078160411773],[-73.237127014351174,5.3069341293063053],[-73.237207130118406,5.3068954514375442],[-73.237352847696314,5.3068251026272524],[-73.237404825408177,5.3068000090711474],[-73.237419812858363,5.3067830294761738],[-73.237465877201146,5.3067308422110342],[-73.237519329809473,5.3066702846049214],[-73.237579002923781,5.3066026796299672],[-73.237618846722896,5.3065575397052447],[-73.237692128597857,5.3064745170121261],[-73.237718363598617,5.3064447947771605],[-73.237805254223247,5.3063463543575482],[-73.23781788043685,5.3063320498205035],[-73.238209281409695,5.3058886218021799],[-73.23821378658775,5.3058810635489007],[-73.238378098904576,5.3056053996389441],[-73.238548211692688,5.3056612675789889],[-73.238867193271119,5.3059959549821585],[-73.240055396352304,5.307242658494201],[-73.240057942947985,5.3072453304638625],[-73.240275039872273,5.3074731154022468],[-73.241139762570256,5.3078178384241026],[-73.241183682956546,5.3079092428542847],[-73.241357605177612,5.3082711989912399],[-73.241732029904867,5.3087687399601675],[-73.241478588561776,5.3092584603484969],[-73.24123972404368,5.3100770643324333],[-73.241127290427741,5.3107571807033951],[-73.240810801090703,5.3112223267794096],[-73.240442723709847,5.3123483677597152],[-73.2399910053377,5.3130122594117104],[-73.239879852399596,5.313240259512777],[-73.239424947458929,5.3138018467988131],[-73.238881980830627,5.3147554595315283],[-73.238643240526017,5.3142586022245659],[-73.238197725503113,5.3140269436590142],[-73.237645057905553,5.314014060008712],[-73.237175293659448,5.3142408468196862],[-73.236944178331029,5.314687406627792],[-73.236936715162656,5.3150088831276934],[-73.237062829015429,5.3160207674158739],[-73.237026988596639,5.3175650376645907],[-73.237044087493999,5.3176327150125564],[-73.237072665203911,5.3177458254302392],[-73.237129820635872,5.3179720462708264]],[[-73.243100619596504,5.3103660662694931],[-73.243364651182802,5.310506424070951],[-73.243142884026113,5.3109605620076312],[-73.243100619596504,5.3103660662694931]],[[-73.242485701412051,5.3121238672096149],[-73.242871573589483,5.3116087343213882],[-73.243033102733762,5.3117344443240588],[-73.242906373299164,5.3123745063785766],[-73.24236810168118,5.3127721523680762],[-73.242485701412051,5.3121238672096149]],[[-73.255277042360291,5.311078773845856],[-73.255238052509142,5.3112164722047739],[-73.255139450499442,5.3111170785689561],[-73.255277042360291,5.311078773845856],[-73.255277360296503,5.3109657449263006],[-73.255390123091416,5.3109660635991318],[-73.255474047762789,5.3105320907055269],[-73.255836290966272,5.3102382875425889],[-73.256175354779742,5.3099632838637358],[-73.25639609582224,5.3097842476762045],[-73.256498460721289,5.3099425122745894],[-73.25643424092199,5.3100018195252847],[-73.255946163250385,5.3104525605624557],[-73.255390123091416,5.3109660635991318],[-73.255389805175739,5.3110790925255067],[-73.255277042360291,5.311078773845856]],[[-73.239775093617894,5.3020553198809361],[-73.239673156810881,5.3022490256540395],[-73.239628719220136,5.3019920384592423],[-73.239775093617894,5.3020553198809361]]]]},"properties":{"OBJECTID":5,"gridcode":5,"Shape_Length":96297.625992974761,"Shape_Area":9065893.1144702435,"Categoria":"Muy Alta"}}]}