{"type":"FeatureCollection","features":[{"type":"Feature","id":1,"geometry":{"type":"Polygon","coordinates":[[[-73.211830374963625,5.3394177801037817],[-73.211830450473201,5.3396377616371025],[-73.212049924427404,5.3396376859121109],[-73.212049848839598,5.3394177043819315],[-73.211830374963625,5.3394177801037817]]]},"properties":{"OBJECTID":1,"Id":1,"gridcode":2,"Shape_Length":97.228480624035001,"Shape_Area":590.83609027864679,"Sensibilidad":"Baja"}},{"type":"Feature","id":2,"geometry":{"type":"Polygon","coordinates":[[[-73.211610901084512,5.3394178557472278],[-73.211610976515843,5.3396378372836795],[-73.211830450473201,5.3396377616371025],[-73.211830374963625,5.3394177801037817],[-73.211610901084512,5.3394178557472278]]]},"properties":{"OBJECTID":2,"Id":2,"gridcode":1,"Shape_Length":97.228480622172356,"Shape_Area":590.83609025600913,"Sensibilidad":"Muy Baja"}},{"type":"Feature","id":3,"geometry":{"type":"Polygon","coordinates":[[[-73.212269247049491,5.3391976470530436],[-73.212269322712373,5.339417628581657],[-73.212488796582022,5.3394175527029759],[-73.212488720840909,5.3391975711775048],[-73.212269247049491,5.3391976470530436]]]},"properties":{"OBJECTID":3,"Id":3,"gridcode":2,"Shape_Length":97.228480622172356,"Shape_Area":590.83609025600913,"Sensibilidad":"Baja"}},{"type":"Feature","id":4,"geometry":{"type":"Polygon","coordinates":[[[-73.211830299457205,5.339197798568895],[-73.211830374963625,5.3394177801037817],[-73.212049848839598,5.3394177043819315],[-73.212049924427404,5.3396376859121109],[-73.212269398378425,5.3396376101087055],[-73.212269322712373,5.339417628581657],[-73.212269247049491,5.3391976470530436],[-73.212049773254947,5.3391977228501721],[-73.211830299457205,5.339197798568895]]]},"properties":{"OBJECTID":4,"Id":4,"gridcode":1,"Shape_Length":194.45696124061942,"Shape_Area":1772.5082706548383,"Sensibilidad":"Muy Baja"}},{"type":"Feature","id":5,"geometry":{"type":"Polygon","coordinates":[[[-73.211391351852285,5.3391979497711057],[-73.21139142720223,5.3394179313122621],[-73.211610901084512,5.3394178557472278],[-73.211830374963625,5.3394177801037817],[-73.211830299457205,5.339197798568895],[-73.211391351852285,5.3391979497711057]]]},"properties":{"OBJECTID":5,"Id":5,"gridcode":2,"Shape_Length":145.84272093325853,"Shape_Area":1181.6721805120183,"Sensibilidad":"Baja"}},{"type":"Feature","id":6,"geometry":{"type":"Polygon","coordinates":[[[-73.212049773254947,5.3391977228501721],[-73.211939939604136,5.3389160135385394],[-73.211830299457205,5.339197798568895],[-73.212049773254947,5.3391977228501721]]]},"properties":{"OBJECTID":6,"Id":6,"gridcode":2,"Shape_Length":91.147518658318788,"Shape_Area":378.36449013651838,"Sensibilidad":"Baja"}},{"type":"Feature","id":7,"geometry":{"type":"Polygon","coordinates":[[[-73.210952253857172,5.338758137560129],[-73.210952329044403,5.3389781191106822],[-73.211391276505466,5.3389779682283569],[-73.211391351852285,5.3391979497711057],[-73.211830299457205,5.339197798568895],[-73.211939939604136,5.3389160135385394],[-73.212049773254947,5.3391977228501721],[-73.212269247049491,5.3391976470530436],[-73.212488720840909,5.3391975711775048],[-73.21248856936819,5.3387576081218322],[-73.210952253857172,5.338758137560129]]]},"properties":{"OBJECTID":7,"Id":7,"gridcode":3,"Shape_Length":480.06144114514552,"Shape_Area":6711.6685930714175,"Sensibilidad":"Moderada"}},{"type":"Feature","id":8,"geometry":{"type":"Polygon","coordinates":[[[-73.21051330653998,5.3387582881225919],[-73.210690797765693,5.3391096498122366],[-73.211391351852285,5.3391979497711057],[-73.211391276505466,5.3389779682283569],[-73.210952329044403,5.3389781191106822],[-73.210952253857172,5.338758137560129],[-73.21051330653998,5.3387582881225919]]]},"properties":{"OBJECTID":8,"Id":8,"gridcode":2,"Shape_Length":267.55840764362438,"Shape_Area":2591.9100770238028,"Sensibilidad":"Baja"}},{"type":"Feature","id":9,"geometry":{"type":"Polygon","coordinates":[[[-73.197783828990765,5.3387625180137457],[-73.197783899484591,5.3389824997458044],[-73.198003373399459,5.3389824290481842],[-73.198003302827416,5.3387624473190627],[-73.197783828990765,5.3387625180137457]]]},"properties":{"OBJECTID":9,"Id":9,"gridcode":3,"Shape_Length":97.228480622172356,"Shape_Area":590.83609025600913,"Sensibilidad":"Moderada"}},{"type":"Feature","id":10,"geometry":{"type":"Polygon","coordinates":[[[-73.21270796719017,5.338537550647132],[-73.212488493636585,5.3385376265916449],[-73.21248856936819,5.3387576081218322],[-73.212708043000006,5.338757532174176],[-73.21270796719017,5.338537550647132]]]},"properties":{"OBJECTID":10,"Id":10,"gridcode":3,"Shape_Length":97.228480624035001,"Shape_Area":590.83609027864679,"Sensibilidad":"Moderada"}},{"type":"Feature","id":11,"geometry":{"type":"Polygon","coordinates":[[[-73.199759022219339,5.3385418972319458],[-73.199539548484594,5.3385419685508984],[-73.199539619601239,5.3387619502609995],[-73.199759093414201,5.3387618789390929],[-73.199759022219339,5.3385418972319458]]]},"properties":{"OBJECTID":11,"Id":11,"gridcode":4,"Shape_Length":97.228480624035001,"Shape_Area":590.83609027864679,"Sensibilidad":"Alta"}},{"type":"Feature","id":12,"geometry":{"type":"Polygon","coordinates":[[[-73.199978424680978,5.338321844128834],[-73.199758951027462,5.3383219155232196],[-73.199759022219339,5.3385418972319458],[-73.1999784959511,5.3385418258345911],[-73.199978424680978,5.338321844128834]]]},"properties":{"OBJECTID":12,"Id":12,"gridcode":4,"Shape_Length":97.22848061658442,"Shape_Area":590.8360901880958,"Sensibilidad":"Alta"}},{"type":"Feature","id":13,"geometry":{"type":"Polygon","coordinates":[[[-73.197783758499895,5.3385425362801175],[-73.197673931390923,5.3382608242623135],[-73.19756428473849,5.3385426068934754],[-73.197783758499895,5.3385425362801175]]]},"properties":{"OBJECTID":13,"Id":13,"gridcode":3,"Shape_Length":91.147497054883218,"Shape_Area":378.36434920190487,"Sensibilidad":"Moderada"}},{"type":"Feature","id":14,"geometry":{"type":"Polygon","coordinates":[[[-73.201295194803251,5.33810143242665],[-73.201295266539645,5.3383214141161686],[-73.201514740172286,5.3383213421730034],[-73.201514668357675,5.3381013604864691],[-73.201295194803251,5.33810143242665]]]},"properties":{"OBJECTID":14,"Id":14,"gridcode":3,"Shape_Length":97.228480622172356,"Shape_Area":590.83609025600913,"Sensibilidad":"Moderada"}},{"type":"Feature","id":15,"geometry":{"type":"Polygon","coordinates":[[[-73.216438862844015,5.3380962846446662],[-73.2156852156252,5.3377861777102824],[-73.213494120906461,5.3382254542327159],[-73.213366311790566,5.3383173408240658],[-73.213645338347547,5.3387708798478002],[-73.214766857289689,5.338400720801415],[-73.216355235000123,5.3382324275693547],[-73.216438862844015,5.3380962846446662]]]},"properties":{"OBJECTID":15,"Id":15,"gridcode":3,"Shape_Length":739.33215128101688,"Shape_Area":16181.280188658615,"Sensibilidad":"Moderada"}},{"type":"Feature","id":16,"geometry":{"type":"Polygon","coordinates":[[[-73.216877654950622,5.3376561669234492],[-73.216658181770654,5.3376562443446991],[-73.216658258975528,5.3378762258208301],[-73.216877732233698,5.3378761483963695],[-73.216877654950622,5.3376561669234492]]]},"properties":{"OBJECTID":16,"Id":16,"gridcode":3,"Shape_Length":97.228480624035001,"Shape_Area":590.83609027864679,"Sensibilidad":"Moderada"}},{"type":"Feature","id":17,"geometry":{"type":"Polygon","coordinates":[[[-73.205684372145456,5.3372200521955682],[-73.205794202652967,5.3375017626597332],[-73.205903845326375,5.337219978699717],[-73.205684372145456,5.3372200521955682]]]},"properties":{"OBJECTID":17,"Id":17,"gridcode":3,"Shape_Length":91.147497058353451,"Shape_Area":378.36434922454265,"Sensibilidad":"Moderada"}},{"type":"Feature","id":18,"geometry":{"type":"Polygon","coordinates":[[[-73.20656219125263,5.3369997761169365],[-73.206342718159092,5.3369998498448785],[-73.206342791679049,5.3372198314728649],[-73.20656226485076,5.3372197577418676],[-73.20656219125263,5.3369997761169365]]]},"properties":{"OBJECTID":18,"Id":18,"gridcode":3,"Shape_Length":97.228480622172356,"Shape_Area":590.83609025600913,"Sensibilidad":"Moderada"}},{"type":"Feature","id":19,"geometry":{"type":"Polygon","coordinates":[[[-73.207440009688085,5.3367794988071733],[-73.207001063679002,5.3367796468055548],[-73.207001137430439,5.3369996284259331],[-73.207805325386076,5.3370732571095285],[-73.208391828681471,5.3373652216049665],[-73.209196017210104,5.3374388484427664],[-73.208743095246518,5.336912281068205],[-73.207440009688085,5.3367794988071733]]]},"properties":{"OBJECTID":19,"Id":19,"gridcode":4,"Shape_Length":546.20588449935713,"Shape_Area":8557.228859491388,"Sensibilidad":"Alta"}},{"type":"Feature","id":20,"geometry":{"type":"Polygon","coordinates":[[[-73.199758452767597,5.3367820435181894],[-73.199312899268605,5.3375189993465799],[-73.200085567605342,5.3370968561690439],[-73.199758452767597,5.3367820435181894]]]},"properties":{"OBJECTID":20,"Id":20,"gridcode":4,"Shape_Length":242.90221413701411,"Shape_Area":2333.326886875941,"Sensibilidad":"Alta"}},{"type":"Feature","id":21,"geometry":{"type":"Polygon","coordinates":[[[-73.194710778638409,5.3374436088377122],[-73.194544824269499,5.3367962900035728],[-73.194052220111303,5.3370038535203461],[-73.194125995341125,5.3371499118951533],[-73.194710778638409,5.3374436088377122]]]},"properties":{"OBJECTID":21,"Id":21,"gridcode":4,"Shape_Length":223.56252317311635,"Shape_Area":2551.9384189880966,"Sensibilidad":"Alta"}},{"type":"Feature","id":22,"geometry":{"type":"Polygon","coordinates":[[[-73.199758310434405,5.3363420800740213],[-73.199833526264641,5.3366102626419432],[-73.20002592465022,5.3364172991769481],[-73.199758310434405,5.3363420800740213]]]},"properties":{"OBJECTID":22,"Id":22,"gridcode":4,"Shape_Length":91.708067444343385,"Shape_Area":404.52773237372662,"Sensibilidad":"Alta"}},{"type":"Feature","id":23,"geometry":{"type":"Polygon","coordinates":[[[-73.19361306664517,5.336344046554462],[-73.193613135621021,5.3365640283588514],[-73.193832608731043,5.3365639591824916],[-73.193832539677004,5.3363439773809782],[-73.19361306664517,5.336344046554462]]]},"properties":{"OBJECTID":23,"Id":23,"gridcode":2,"Shape_Length":97.228480618447065,"Shape_Area":590.83609021073357,"Sensibilidad":"Baja"}},{"type":"Feature","id":24,"geometry":{"type":"Polygon","coordinates":[[[-73.213146078868434,5.3361176016910576],[-73.212878515326778,5.336193000490896],[-73.213071042473075,5.33638583429547],[-73.213146078868434,5.3361176016910576]]]},"properties":{"OBJECTID":24,"Id":24,"gridcode":3,"Shape_Length":91.708028736920369,"Shape_Area":404.52738889125453,"Sensibilidad":"Moderada"}},{"type":"Feature","id":25,"geometry":{"type":"Polygon","coordinates":[[[-73.204806114558792,5.3361204371330269],[-73.204881332527307,5.3363886187931033],[-73.205073729209289,5.3361956540189786],[-73.204806114558792,5.3361204371330269]]]},"properties":{"OBJECTID":25,"Id":25,"gridcode":2,"Shape_Length":91.708028736106769,"Shape_Area":404.52738888350495,"Sensibilidad":"Baja"}},{"type":"Feature","id":26,"geometry":{"type":"Polygon","coordinates":[[[-73.198441472673522,5.3363425066349111],[-73.198709038283639,5.3362671140494609],[-73.198516515487853,5.3360742755708834],[-73.198441472673522,5.3363425066349111]]]},"properties":{"OBJECTID":26,"Id":26,"gridcode":2,"Shape_Length":91.708028734551561,"Shape_Area":404.52738886970474,"Sensibilidad":"Baja"}},{"type":"Feature","id":27,"geometry":{"type":"Polygon","coordinates":[[[-73.198441472673522,5.3363425066349111],[-73.197692919280328,5.3365235440320697],[-73.19742269690758,5.3361459047632183],[-73.19695993264834,5.3367934925115934],[-73.195277541507352,5.3371321188854361],[-73.194838620469469,5.3374466784689947],[-73.196375032462669,5.3377549033378715],[-73.196466775853168,5.3381029952772652],[-73.19719904306605,5.3384688241081335],[-73.19756428473849,5.3385426068934754],[-73.197673931390923,5.3382608242623135],[-73.197783758499895,5.3385425362801175],[-73.197783828990765,5.3387625180137457],[-73.198003302827416,5.3387624473190627],[-73.198003373399459,5.3389824290481842],[-73.198442321220355,5.3389822874177426],[-73.198569354800412,5.3386580880045127],[-73.19826362479462,5.3367963857197598],[-73.198441472673522,5.3363425066349111]]]},"properties":{"OBJECTID":27,"Id":27,"gridcode":2,"Shape_Length":1308.8786140456364,"Shape_Area":58522.637129209244,"Sensibilidad":"Baja"}},{"type":"Feature","id":28,"geometry":{"type":"Polygon","coordinates":[[[-73.193393524715674,5.336124133840765],[-73.193393593610452,5.3363441156495863],[-73.19361306664517,5.336344046554462],[-73.193612997672204,5.3361240647485042],[-73.193393524715674,5.336124133840765]]]},"properties":{"OBJECTID":28,"Id":28,"gridcode":2,"Shape_Length":97.228480622172356,"Shape_Area":590.83609025600913,"Sensibilidad":"Baja"}},{"type":"Feature","id":29,"geometry":{"type":"Polygon","coordinates":[[[-73.200197042384374,5.3356819920998522],[-73.200272258311969,5.3359501744058804],[-73.20046465635744,5.3357572110221385],[-73.200197042384374,5.3356819920998522]]]},"properties":{"OBJECTID":29,"Id":29,"gridcode":4,"Shape_Length":91.708028735293254,"Shape_Area":404.527388875756,"Sensibilidad":"Alta"}},{"type":"Feature","id":30,"geometry":{"type":"Polygon","coordinates":[[[-73.195368572442504,5.335463563831131],[-73.195443786265045,5.3357317468087322],[-73.195636185809562,5.3355387848813516],[-73.195368572442504,5.335463563831131]]]},"properties":{"OBJECTID":30,"Id":30,"gridcode":3,"Shape_Length":91.708028732924447,"Shape_Area":404.52738885420621,"Sensibilidad":"Moderada"}},{"type":"Feature","id":31,"geometry":{"type":"Polygon","coordinates":[[[-73.19383226348971,5.335464050159179],[-73.193612790770601,5.3354641193212045],[-73.193612859734912,5.3356841011318741],[-73.193832332532196,5.335684031966986],[-73.19383226348971,5.335464050159179]]]},"properties":{"OBJECTID":31,"Id":31,"gridcode":3,"Shape_Length":97.228480618447065,"Shape_Area":590.83609021073357,"Sensibilidad":"Moderada"}},{"type":"Feature","id":32,"geometry":{"type":"Polygon","coordinates":[[[-73.214023664640351,5.3352373705236937],[-73.214098886445015,5.3355055509103346],[-73.214291279869457,5.3353125833698298],[-73.214023664640351,5.3352373705236937]]]},"properties":{"OBJECTID":32,"Id":32,"gridcode":3,"Shape_Length":91.708028734479655,"Shape_Area":404.52738886800643,"Sensibilidad":"Moderada"}},{"type":"Feature","id":33,"geometry":{"type":"Polygon","coordinates":[[[-73.210073161646704,5.3352387331493771],[-73.210148381755275,5.3355069140876923],[-73.210340776463511,5.3353139477343801],[-73.210073161646704,5.3352387331493771]]]},"properties":{"OBJECTID":33,"Id":33,"gridcode":4,"Shape_Length":91.708028734144861,"Shape_Area":404.52738886583057,"Sensibilidad":"Alta"}},{"type":"Feature","id":34,"geometry":{"type":"Polygon","coordinates":[[[-73.194051667088161,5.3352439991123051],[-73.193832194450096,5.3352440683498079],[-73.19383226348971,5.335464050159179],[-73.194051736205935,5.3354639809188047],[-73.194051667088161,5.3352439991123051]]]},"properties":{"OBJECTID":34,"Id":34,"gridcode":3,"Shape_Length":97.228480622172356,"Shape_Area":590.83609025600913,"Sensibilidad":"Moderada"}},{"type":"Feature","id":35,"geometry":{"type":"Polygon","coordinates":[[[-73.21863250562302,5.335015767243271],[-73.218632583492663,5.335235748709275],[-73.218852055783373,5.3352356706181645],[-73.218851977835556,5.3350156891553988],[-73.21863250562302,5.335015767243271]]]},"properties":{"OBJECTID":35,"Id":35,"gridcode":2,"Shape_Length":97.228480622172356,"Shape_Area":590.83609025600913,"Sensibilidad":"Baja"}},{"type":"Feature","id":36,"geometry":{"type":"Polygon","coordinates":[[[-73.21863250562302,5.335015767243271],[-73.216494681445809,5.335496048323046],[-73.215897581064709,5.3359239721127079],[-73.216736434440307,5.3362987982413479],[-73.216155340375423,5.3368009557129232],[-73.215898015955446,5.3371677660144226],[-73.216980082782598,5.3370802355501139],[-73.217096973414471,5.3372161264796958],[-73.217415839175004,5.3370190439878904],[-73.217752839830879,5.3360266954170665],[-73.21854903435154,5.3355918733742014],[-73.218632583492663,5.335235748709275],[-73.21863250562302,5.335015767243271]]]},"properties":{"OBJECTID":36,"Id":36,"gridcode":3,"Shape_Length":1022.7069495951704,"Shape_Area":36306.429578543772,"Sensibilidad":"Moderada"}},{"type":"Feature","id":37,"geometry":{"type":"Polygon","coordinates":[[[-73.208536780378125,5.3350192745922831],[-73.208244862810801,5.3357478814604171],[-73.208849953029585,5.3352526075793394],[-73.208536780378125,5.3350192745922831]]]},"properties":{"OBJECTID":37,"Id":37,"gridcode":3,"Shape_Length":216.49638102667555,"Shape_Area":1812.9802081773632,"Sensibilidad":"Moderada"}},{"type":"Feature","id":38,"geometry":{"type":"Polygon","coordinates":[[[-73.19800210355389,5.3350227576834151],[-73.198152490075259,5.3355493105782044],[-73.198538697877865,5.335176345885265],[-73.19800210355389,5.3350227576834151]]]},"properties":{"OBJECTID":38,"Id":38,"gridcode":4,"Shape_Length":181.72021477831913,"Shape_Area":1587.5225379091153,"Sensibilidad":"Alta"}},{"type":"Feature","id":39,"geometry":{"type":"Polygon","coordinates":[[[-73.194051597973271,5.3350240173042218],[-73.194051667088161,5.3352439991123051],[-73.19433272462922,5.3351339194191247],[-73.194051597973271,5.3350240173042218]]]},"properties":{"OBJECTID":39,"Id":39,"gridcode":3,"Shape_Length":91.146849240267215,"Shape_Area":378.36012322832818,"Sensibilidad":"Moderada"}},{"type":"Feature","id":40,"geometry":{"type":"Polygon","coordinates":[[[-73.205025149193915,5.3348004740175829],[-73.205120898574648,5.3356418830939676],[-73.205683566175139,5.334800254100605],[-73.205025149193915,5.3348004740175829]]]},"properties":{"OBJECTID":40,"Id":40,"gridcode":2,"Shape_Length":278.44204911599388,"Shape_Area":3389.9666943372213,"Sensibilidad":"Baja"}},{"type":"Feature","id":41,"geometry":{"type":"Polygon","coordinates":[[[-73.200635701954255,5.3348019221116223],[-73.200728573719843,5.3352775780652344],[-73.201181225543948,5.3355335957366812],[-73.201365888059499,5.3348911755897328],[-73.200635701954255,5.3348019221116223]]]},"properties":{"OBJECTID":41,"Id":41,"gridcode":4,"Shape_Length":266.45973614204297,"Shape_Area":4143.0640821996658,"Sensibilidad":"Alta"}},{"type":"Feature","id":42,"geometry":{"type":"Polygon","coordinates":[[[-73.199757812362023,5.3348022079699149],[-73.199490247524949,5.3348776009869576],[-73.199682770226474,5.335070439170627],[-73.199757812362023,5.3348022079699149]]]},"properties":{"OBJECTID":42,"Id":42,"gridcode":3,"Shape_Length":91.708028737183213,"Shape_Area":404.52738889173247,"Sensibilidad":"Moderada"}},{"type":"Feature","id":43,"geometry":{"type":"Polygon","coordinates":[[[-73.197563088173581,5.3348029171315527],[-73.197563158536212,5.3350228988948416],[-73.197844215293458,5.3349128176222651],[-73.197563088173581,5.3348029171315527]]]},"properties":{"OBJECTID":43,"Id":43,"gridcode":2,"Shape_Length":91.146849241072118,"Shape_Area":378.3601232460029,"Sensibilidad":"Baja"}},{"type":"Feature","id":44,"geometry":{"type":"Polygon","coordinates":[[[-73.197563088173581,5.3348029171315527],[-73.197282031410765,5.3349129982760175],[-73.197563158536212,5.3350228988948416],[-73.197563088173581,5.3348029171315527]]]},"properties":{"OBJECTID":44,"Id":44,"gridcode":3,"Shape_Length":91.146849242807235,"Shape_Area":378.36012325732179,"Sensibilidad":"Moderada"}},{"type":"Feature","id":45,"geometry":{"type":"Polygon","coordinates":[[[-73.211828714551388,5.3345781859730099],[-73.210722354041437,5.3348792270077547],[-73.211169338322449,5.3355521752621717],[-73.211828714551388,5.3345781859730099]]]},"properties":{"OBJECTID":45,"Id":45,"gridcode":4,"Shape_Length":346.35688692419302,"Shape_Area":5378.9975437941821,"Sensibilidad":"Alta"}},{"type":"Feature","id":46,"geometry":{"type":"Polygon","coordinates":[[[-73.205902965166274,5.3345801989869273],[-73.205683492923498,5.3345802724462352],[-73.205683566175139,5.334800254100605],[-73.205903038496089,5.3348001806382648],[-73.205902965166274,5.3345801989869273]]]},"properties":{"OBJECTID":46,"Id":46,"gridcode":2,"Shape_Length":97.228480610996485,"Shape_Area":590.83609012018246,"Sensibilidad":"Baja"}},{"type":"Feature","id":47,"geometry":{"type":"Polygon","coordinates":[[[-73.203488770327624,5.3345810027305012],[-73.203563987517228,5.3348491845942352],[-73.203756384165359,5.3346562202253969],[-73.203488770327624,5.3345810027305012]]]},"properties":{"OBJECTID":47,"Id":47,"gridcode":3,"Shape_Length":91.708028729957988,"Shape_Area":404.52738883000188,"Sensibilidad":"Moderada"}},{"type":"Feature","id":48,"geometry":{"type":"Polygon","coordinates":[[[-73.199757812362023,5.3348022079699149],[-73.199684036125973,5.3346561502988203],[-73.199222860747454,5.3345084996557812],[-73.199025759985375,5.3350937392920574],[-73.19971683527865,5.3354438706815328],[-73.200051061925564,5.3349507822357021],[-73.199757812362023,5.3348022079699149],[-73.199682770226474,5.335070439170627],[-73.199490247524949,5.3348776009869576],[-73.199757812362023,5.3348022079699149]]]},"properties":{"OBJECTID":48,"Id":48,"gridcode":2,"Shape_Length":419.68919752023987,"Shape_Area":6200.5968560808315,"Sensibilidad":"Baja"}},{"type":"Feature","id":49,"geometry":{"type":"Polygon","coordinates":[[[-73.21336517155234,5.3350176178481199],[-73.213283980062997,5.3343740381278009],[-73.212852408405453,5.3347578413156054],[-73.21336517155234,5.3350176178481199]]]},"properties":{"OBJECTID":49,"Id":49,"gridcode":2,"Shape_Length":199.210641095813,"Shape_Area":1890.1941767824087,"Sensibilidad":"Baja"}},{"type":"Feature","id":50,"geometry":{"type":"Polygon","coordinates":[[[-73.211828714551388,5.3345781859730099],[-73.212096277547559,5.334502787648904],[-73.211903751303879,5.3343099534917364],[-73.211828714551388,5.3345781859730099]]]},"properties":{"OBJECTID":50,"Id":50,"gridcode":4,"Shape_Length":91.708028733738018,"Shape_Area":404.52738886195613,"Sensibilidad":"Alta"}},{"type":"Feature","id":51,"geometry":{"type":"Polygon","coordinates":[[[-73.209634067480224,5.3347989197917336],[-73.21027615428558,5.3347175416883141],[-73.209893243611546,5.3342849680458064],[-73.209634067480224,5.3347989197917336]]]},"properties":{"OBJECTID":51,"Id":51,"gridcode":2,"Shape_Length":199.20995080717,"Shape_Area":1890.1818151015129,"Sensibilidad":"Baja"}},{"type":"Feature","id":52,"geometry":{"type":"Polygon","coordinates":[[[-73.206122364001089,5.3343601437993957],[-73.205902891839543,5.3343602173339821],[-73.205902965166274,5.3345801989869273],[-73.206122437405995,5.3345801254492962],[-73.206122364001089,5.3343601437993957]]]},"properties":{"OBJECTID":52,"Id":52,"gridcode":2,"Shape_Length":97.228480618447065,"Shape_Area":590.83609021073357,"Sensibilidad":"Baja"}},{"type":"Feature","id":53,"geometry":{"type":"Polygon","coordinates":[[[-73.196026641444178,5.3343634453112143],[-73.195759076279757,5.334438836715397],[-73.195951597717794,5.334631676118498],[-73.196026641444178,5.3343634453112143]]]},"properties":{"OBJECTID":53,"Id":53,"gridcode":1,"Shape_Length":91.708028731513195,"Shape_Area":404.5273888438021,"Sensibilidad":"Muy Baja"}},{"type":"Feature","id":54,"geometry":{"type":"Polygon","coordinates":[[[-73.196026641444178,5.3343634453112143],[-73.196294206539378,5.3342880537927728],[-73.19610168510934,5.3340952144947869],[-73.196026641444178,5.3343634453112143]]]},"properties":{"OBJECTID":54,"Id":54,"gridcode":1,"Shape_Length":91.708028736848433,"Shape_Area":404.52738888955662,"Sensibilidad":"Muy Baja"}},{"type":"Feature","id":55,"geometry":{"type":"Polygon","coordinates":[[[-73.218412644498613,5.3339159378830789],[-73.218487871351925,5.334184117672149],[-73.218680256256988,5.3339911488247509],[-73.218412644498613,5.3339159378830789]]]},"properties":{"OBJECTID":55,"Id":55,"gridcode":2,"Shape_Length":91.707247368718356,"Shape_Area":404.52034977776827,"Sensibilidad":"Baja"}},{"type":"Feature","id":56,"geometry":{"type":"Polygon","coordinates":[[[-73.198440695212867,5.3339227073851543],[-73.198266458724959,5.3342743233340268],[-73.19879172256158,5.3345404489663357],[-73.198953452054567,5.3341824962046491],[-73.198440695212867,5.3339227073851543]]]},"properties":{"OBJECTID":56,"Id":56,"gridcode":2,"Shape_Length":215.61571043452244,"Shape_Area":2793.9843312623357,"Sensibilidad":"Baja"}},{"type":"Feature","id":57,"geometry":{"type":"Polygon","coordinates":[[[-73.197123792313022,5.3337031491546236],[-73.197211859940509,5.3342030369031681],[-73.197409075412594,5.3338254073243272],[-73.197123792313022,5.3337031491546236]]]},"properties":{"OBJECTID":57,"Id":57,"gridcode":3,"Shape_Length":137.55048489776161,"Shape_Area":806.72690999382712,"Sensibilidad":"Moderada"}},{"type":"Feature","id":58,"geometry":{"type":"Polygon","coordinates":[[[-73.194929071679553,5.3337038487698702],[-73.194709599600188,5.3337039183005936],[-73.194709668932163,5.3339239001094807],[-73.194929141089673,5.3339238305758716],[-73.194929071679553,5.3337038487698702]]]},"properties":{"OBJECTID":58,"Id":58,"gridcode":3,"Shape_Length":97.228480622172356,"Shape_Area":590.83609025600913,"Sensibilidad":"Moderada"}},{"type":"Feature","id":59,"geometry":{"type":"Polygon","coordinates":[[[-73.221046148766987,5.3334750339121451],[-73.220916284247195,5.333385231844356],[-73.21999187167313,5.3331778658200033],[-73.220112888014114,5.33371804278082],[-73.219380281119854,5.3342254236576201],[-73.219290766052367,5.3345755698273747],[-73.219875348687211,5.3342814795420246],[-73.220461567482644,5.3337691252636334],[-73.220972472263895,5.333621141835752],[-73.221046148766987,5.3334750339121451]]]},"properties":{"OBJECTID":59,"Id":59,"gridcode":4,"Shape_Length":557.69653862747668,"Shape_Area":8964.0427691205768,"Sensibilidad":"Alta"}},{"type":"Feature","id":60,"geometry":{"type":"Polygon","coordinates":[[[-73.218631882783086,5.3332559154586994],[-73.218749852085949,5.3337722301246124],[-73.2193720204898,5.3333607184327301],[-73.218631882783086,5.3332559154586994]]]},"properties":{"OBJECTID":60,"Id":60,"gridcode":2,"Shape_Length":223.87156044516365,"Shape_Area":2262.6446436302854,"Sensibilidad":"Baja"}},{"type":"Feature","id":61,"geometry":{"type":"Polygon","coordinates":[[[-73.206122364001089,5.3343601437993957],[-73.206663609594472,5.3338385680344524],[-73.206357179192324,5.3331523656843167],[-73.206122364001089,5.3343601437993957]]]},"properties":{"OBJECTID":61,"Id":61,"gridcode":2,"Shape_Length":302.19182190052339,"Shape_Area":3250.5325002455174,"Sensibilidad":"Baja"}},{"type":"Feature","id":62,"geometry":{"type":"Polygon","coordinates":[[[-73.215778675028105,5.3330369416151715],[-73.215689158042821,5.333387087350502],[-73.21533656669267,5.3336312781223754],[-73.21549714071439,5.3343480584092324],[-73.216451359611824,5.3339459492201362],[-73.215927059154211,5.3331395535782136],[-73.215778675028105,5.3330369416151715]]]},"properties":{"OBJECTID":62,"Id":62,"gridcode":3,"Shape_Length":409.54198133453627,"Shape_Area":9266.8757523157346,"Sensibilidad":"Moderada"}},{"type":"Feature","id":63,"geometry":{"type":"Polygon","coordinates":[[[-73.200635130406425,5.3330420682789619],[-73.200754474541299,5.3333213424886514],[-73.201139874832265,5.3331310687589557],[-73.200635130406425,5.3330420682789619]]]},"properties":{"OBJECTID":63,"Id":63,"gridcode":2,"Shape_Length":137.91178689318303,"Shape_Area":797.53672055801371,"Sensibilidad":"Baja"}},{"type":"Feature","id":64,"geometry":{"type":"Polygon","coordinates":[[[-73.220167791922094,5.3321554600774022],[-73.220243019282734,5.332423639644567],[-73.220435403091642,5.3322306707019038],[-73.220167791922094,5.3321554600774022]]]},"properties":{"OBJECTID":64,"Id":64,"gridcode":4,"Shape_Length":91.707227122268876,"Shape_Area":404.52015691808202,"Sensibilidad":"Alta"}},{"type":"Feature","id":65,"geometry":{"type":"Polygon","coordinates":[[[-73.202171072846511,5.3319416565855038],[-73.201979978204292,5.3324081945551161],[-73.202134872196268,5.3331925045688466],[-73.201150312553082,5.3339003020217159],[-73.200763454989541,5.3345335259069389],[-73.202150431536637,5.3342583443693234],[-73.202579112481118,5.3336584378911835],[-73.20247773449583,5.3331450931596196],[-73.202920991051499,5.3320629205700127],[-73.202171072846511,5.3319416565855038]]]},"properties":{"OBJECTID":65,"Id":65,"gridcode":4,"Shape_Length":869.64715461087565,"Shape_Area":24437.835309286689,"Sensibilidad":"Alta"}},{"type":"Feature","id":66,"geometry":{"type":"Polygon","coordinates":[[[-73.223898642033078,5.3317141505110595],[-73.223679171068454,5.3317142303512224],[-73.223679250685962,5.3319342117655033],[-73.223898721728702,5.3319341319220275],[-73.223898642033078,5.3317141505110595]]]},"properties":{"OBJECTID":66,"Id":66,"gridcode":3,"Shape_Length":97.228480622172356,"Shape_Area":590.83609025600913,"Sensibilidad":"Moderada"}},{"type":"Feature","id":67,"geometry":{"type":"Polygon","coordinates":[[[-73.21863250562302,5.335015767243271],[-73.218437226386257,5.33477151985708],[-73.218068748663498,5.3344759770870347],[-73.218098181687822,5.3342381042584304],[-73.217849297695281,5.3338140644648968],[-73.21790472098651,5.3333661642955947],[-73.217404583130588,5.3331551353264857],[-73.217709291245271,5.3323597289231133],[-73.216718740083991,5.3327417661315364],[-73.216217493087754,5.3326794525947632],[-73.215817260493921,5.3327294939912786],[-73.215902870377235,5.3320376487152261],[-73.215508995080256,5.331619323906498],[-73.215242178345733,5.3331592882532508],[-73.214597757641414,5.3340441730024137],[-73.213863096416574,5.3339528397589548],[-73.214023664640351,5.3352373705236937],[-73.214291279869457,5.3353125833698298],[-73.214098886445015,5.3355055509103346],[-73.214023664640351,5.3352373705236937],[-73.213730412730285,5.3350913910386257],[-73.21336517155234,5.3350176178481199],[-73.213244468746637,5.3355732058333833],[-73.213686204687662,5.3359543996011523],[-73.213146078868434,5.3361176016910576],[-73.213071042473075,5.33638583429547],[-73.212878515326778,5.336193000490896],[-73.213146078868434,5.3361176016910576],[-73.21304843674838,5.3359954768941655],[-73.212682710914322,5.3357021343610711],[-73.212267866850468,5.3351832545097464],[-73.211882689798472,5.3356657068990456],[-73.212001843665405,5.3366231643818702],[-73.211387391933243,5.3373159400940038],[-73.21084538961901,5.3364222217744928],[-73.209537411202106,5.3375795116213949],[-73.210854611719043,5.3386360125293484],[-73.210952253857172,5.338758137560129],[-73.21248856936819,5.3387576081218322],[-73.212488493636585,5.3385376265916449],[-73.21270796719017,5.338537550647132],[-73.213001119725604,5.3383913675868246],[-73.213366311790566,5.3383173408240658],[-73.213494120906461,5.3382254542327159],[-73.2156852156252,5.3377861777102824],[-73.216438862844015,5.3380962846446662],[-73.216658336183627,5.3380962072953917],[-73.216658258975528,5.3378762258208301],[-73.216658181770654,5.3376562443446991],[-73.216877654950622,5.3376561669234492],[-73.217096973414471,5.3372161264796958],[-73.216980082782598,5.3370802355501139],[-73.215898015955446,5.3371677660144226],[-73.216155340375423,5.3368009557129232],[-73.216736434440307,5.3362987982413479],[-73.215897581064709,5.3359239721127079],[-73.216494681445809,5.335496048323046],[-73.21863250562302,5.335015767243271]],[[-73.215778675028105,5.3330369416151715],[-73.215927059154211,5.3331395535782136],[-73.216451359611824,5.3339459492201362],[-73.21549714071439,5.3343480584092324],[-73.21533656669267,5.3336312781223754],[-73.215689158042821,5.333387087350502],[-73.215778675028105,5.3330369416151715]]]},"properties":{"OBJECTID":67,"Id":67,"gridcode":2,"Shape_Length":4545.8301866249194,"Shape_Area":303808.55415993038,"Sensibilidad":"Baja"}},{"type":"Feature","id":68,"geometry":{"type":"Polygon","coordinates":[[[-73.205902012157935,5.3317204373760374],[-73.205634449492408,5.3317958334140219],[-73.205826973041894,5.3319886692374006],[-73.205902012157935,5.3317204373760374]]]},"properties":{"OBJECTID":68,"Id":68,"gridcode":3,"Shape_Length":91.708008483526754,"Shape_Area":404.52719597504023,"Sensibilidad":"Moderada"}},{"type":"Feature","id":69,"geometry":{"type":"Polygon","coordinates":[[[-73.204804655992362,5.3317208036915593],[-73.20487987335143,5.331988985410697],[-73.205072268716421,5.3317960210818391],[-73.204804655992362,5.3317208036915593]]]},"properties":{"OBJECTID":69,"Id":69,"gridcode":3,"Shape_Length":91.708008485081962,"Shape_Area":404.52719598884045,"Sensibilidad":"Moderada"}},{"type":"Feature","id":70,"geometry":{"type":"Polygon","coordinates":[[[-73.205902012157935,5.3317204373760374],[-73.20618063804605,5.3316008161137587],[-73.205990802806085,5.3312145187251883],[-73.205902012157935,5.3317204373760374]]]},"properties":{"OBJECTID":70,"Id":70,"gridcode":3,"Shape_Length":137.9122028881097,"Shape_Area":797.54150098333082,"Sensibilidad":"Moderada"}},{"type":"Feature","id":71,"geometry":{"type":"Polygon","coordinates":[[[-73.218850575332397,5.3310560225569841],[-73.218685676223785,5.3314499288745063],[-73.219459868529341,5.3319852958657838],[-73.219836297605283,5.3325313507109851],[-73.220038011720092,5.3323013269967428],[-73.219304068922696,5.3311724996806262],[-73.218850575332397,5.3310560225569841]]]},"properties":{"OBJECTID":71,"Id":71,"gridcode":4,"Shape_Length":459.27993145375547,"Shape_Area":8328.4458344227824,"Sensibilidad":"Alta"}},{"type":"Feature","id":72,"geometry":{"type":"Polygon","coordinates":[[[-73.193830883246221,5.3310644136731815],[-73.193830952230968,5.3312843955124034],[-73.194050423462514,5.3312843263265739],[-73.194050354399664,5.3310643444902306],[-73.193830883246221,5.3310644136731815]]]},"properties":{"OBJECTID":72,"Id":72,"gridcode":4,"Shape_Length":97.228480622172356,"Shape_Area":590.83609025600913,"Sensibilidad":"Alta"}},{"type":"Feature","id":73,"geometry":{"type":"Polygon","coordinates":[[[-73.209852269646703,5.3310591575736996],[-73.210119831410992,5.3309837597321224],[-73.209927306899544,5.3307909252859424],[-73.209852269646703,5.3310591575736996]]]},"properties":{"OBJECTID":73,"Id":73,"gridcode":2,"Shape_Length":91.708008482929046,"Shape_Area":404.52719597238547,"Sensibilidad":"Baja"}},{"type":"Feature","id":74,"geometry":{"type":"Polygon","coordinates":[[[-73.193391872105082,5.3308445699577129],[-73.193391940930709,5.3310645518042392],[-73.193830883246221,5.3310644136731815],[-73.193830814264373,5.3308444318323946],[-73.193391872105082,5.3308445699577129]]]},"properties":{"OBJECTID":74,"Id":74,"gridcode":4,"Shape_Length":145.84272092953324,"Shape_Area":1181.6721804667427,"Sensibilidad":"Alta"}},{"type":"Feature","id":75,"geometry":{"type":"Polygon","coordinates":[[[-73.221264675238544,5.3308351776076428],[-73.221532231965767,5.3307597748640756],[-73.221339710808564,5.3305669441266765],[-73.221264675238544,5.3308351776076428]]]},"properties":{"OBJECTID":75,"Id":75,"gridcode":3,"Shape_Length":91.707227118967552,"Shape_Area":404.52015689170366,"Sensibilidad":"Moderada"}},{"type":"Feature","id":76,"geometry":{"type":"Polygon","coordinates":[[[-73.216875183597963,5.3306167589600815],[-73.216950409331744,5.3308849390096249],[-73.217142793751492,5.3306919710644589],[-73.216875183597963,5.3306167589600815]]]},"properties":{"OBJECTID":76,"Id":76,"gridcode":2,"Shape_Length":91.707227123082447,"Shape_Area":404.52015692583166,"Sensibilidad":"Baja"}},{"type":"Feature","id":77,"geometry":{"type":"Polygon","coordinates":[[[-73.215777906959474,5.3308371263093912],[-73.215156703201501,5.3305758614681622],[-73.214331361157576,5.3311474618640444],[-73.214149138116582,5.3316361045659821],[-73.213739580541841,5.3315442277243124],[-73.213274434558102,5.3318480588189709],[-73.212703774682993,5.3320623101547753],[-73.212396776685367,5.3325083072891744],[-73.211828111143802,5.3328183333731936],[-73.211677771157213,5.333202034202591],[-73.211751107401284,5.3336982863100788],[-73.211700683656204,5.3340411047810168],[-73.212277044718718,5.3342338976660812],[-73.212592017884361,5.3330986377193961],[-73.213706291247348,5.3332632880704942],[-73.214181922578902,5.3320973072813018],[-73.215682343726357,5.3309613123157602],[-73.215777906959474,5.3308371263093912]]]},"properties":{"OBJECTID":77,"Id":77,"gridcode":4,"Shape_Length":1376.6768835586795,"Shape_Area":51018.222887730386,"Sensibilidad":"Alta"}},{"type":"Feature","id":78,"geometry":{"type":"Polygon","coordinates":[[[-73.201073215096343,5.3304021440611296],[-73.201148430671481,5.3306703263158193],[-73.201340826850938,5.330477363116839],[-73.201073215096343,5.3304021440611296]]]},"properties":{"OBJECTID":78,"Id":78,"gridcode":3,"Shape_Length":91.708008488192405,"Shape_Area":404.52719601644162,"Sensibilidad":"Moderada"}},{"type":"Feature","id":79,"geometry":{"type":"Polygon","coordinates":[[[-73.224776125867891,5.3306139233554237],[-73.224441023200157,5.3300896798224144],[-73.224337344416767,5.3310540463734224],[-73.224628775254843,5.3309061400128286],[-73.224776125867891,5.3306139233554237]]]},"properties":{"OBJECTID":79,"Id":79,"gridcode":4,"Shape_Length":248.32971299271543,"Shape_Area":2697.7181365665538,"Sensibilidad":"Alta"}},{"type":"Feature","id":80,"geometry":{"type":"Polygon","coordinates":[[[-73.221483909477612,5.3301751542719549],[-73.221559137126121,5.3304433336817016],[-73.221751519916268,5.3302503643576928],[-73.221483909477612,5.3301751542719549]]]},"properties":{"OBJECTID":80,"Id":80,"gridcode":3,"Shape_Length":91.707227123561182,"Shape_Area":404.52015693140544,"Sensibilidad":"Moderada"}},{"type":"Feature","id":81,"geometry":{"type":"Polygon","coordinates":[[[-73.215777906959474,5.3308371263093912],[-73.216306101579647,5.3304713166612423],[-73.215969614955654,5.3300872659993814],[-73.215777906959474,5.3308371263093912]]]},"properties":{"OBJECTID":81,"Id":81,"gridcode":4,"Shape_Length":213.11644164248338,"Shape_Area":1994.4202499707305,"Sensibilidad":"Alta"}},{"type":"Feature","id":82,"geometry":{"type":"Polygon","coordinates":[[[-73.199097906716389,5.3301828045809794],[-73.198645033411935,5.3308900431025332],[-73.198344347842379,5.331627091396367],[-73.198010884626285,5.332181596697148],[-73.199161186361181,5.3320108356149314],[-73.199413066019659,5.330426468746972],[-73.199097906716389,5.3301828045809794]]]},"properties":{"OBJECTID":82,"Id":82,"gridcode":1,"Shape_Length":602.53215930170472,"Shape_Area":16714.758932354976,"Sensibilidad":"Muy Baja"}},{"type":"Feature","id":83,"geometry":{"type":"Polygon","coordinates":[[[-73.202828837241015,5.3299616043569973],[-73.202560045299379,5.330352092030199],[-73.201871380965059,5.330829012067281],[-73.20245310852323,5.3313714670195465],[-73.202699254630275,5.3307114407324407],[-73.203075369088481,5.3301320948340267],[-73.202828837241015,5.3299616043569973]]]},"properties":{"OBJECTID":83,"Id":83,"gridcode":2,"Shape_Length":420.53192159665809,"Shape_Area":7276.8526919994629,"Sensibilidad":"Baja"}},{"type":"Feature","id":84,"geometry":{"type":"Polygon","coordinates":[[[-73.207876587264835,5.329739938206516],[-73.207970799940554,5.3304647346993228],[-73.208171827819015,5.3298956811391633],[-73.207876587264835,5.329739938206516]]]},"properties":{"OBJECTID":84,"Id":84,"gridcode":3,"Shape_Length":184.41861968151039,"Shape_Area":1219.5994723478393,"Sensibilidad":"Moderada"}},{"type":"Feature","id":85,"geometry":{"type":"Polygon","coordinates":[[[-73.217313738315482,5.3295166964806793],[-73.217411437317793,5.330467900238169],[-73.217614956744356,5.3296955398755594],[-73.217313738315482,5.3295166964806793]]]},"properties":{"OBJECTID":85,"Id":85,"gridcode":2,"Shape_Length":232.70392601961095,"Shape_Area":1646.2794865963244,"Sensibilidad":"Baja"}},{"type":"Feature","id":86,"geometry":{"type":"Polygon","coordinates":[[[-73.191635694208003,5.3295252280787215],[-73.191783241668276,5.3298173455742113],[-73.192074772158691,5.3299650549845987],[-73.192074635476146,5.3295250912400514],[-73.191635694208003,5.3295252280787215]]]},"properties":{"OBJECTID":86,"Id":86,"gridcode":3,"Shape_Length":169.58587460546653,"Shape_Area":1569.4083647603866,"Sensibilidad":"Moderada"}},{"type":"Feature","id":87,"geometry":{"type":"Polygon","coordinates":[[[-73.223458825386885,5.3292945144159987],[-73.223532765504572,5.3298805319268299],[-73.223931486382924,5.3300281870029931],[-73.223611373293849,5.3293717962419693],[-73.223458825386885,5.3292945144159987]]]},"properties":{"OBJECTID":87,"Id":87,"gridcode":4,"Shape_Length":212.00673570547576,"Shape_Area":1824.2470544302855,"Sensibilidad":"Alta"}},{"type":"Feature","id":88,"geometry":{"type":"Polygon","coordinates":[[[-73.21906950045593,5.3295160739905603],[-73.21933705692598,5.3294406722107572],[-73.21914453685288,5.3292478407329735],[-73.21906950045593,5.3295160739905603]]]},"properties":{"OBJECTID":88,"Id":88,"gridcode":3,"Shape_Length":91.707227128968384,"Shape_Area":404.52015697885679,"Sensibilidad":"Moderada"}},{"type":"Feature","id":89,"geometry":{"type":"Polygon","coordinates":[[[-73.215338505659915,5.3295173907947273],[-73.215263280807775,5.3292492105010956],[-73.215070896208374,5.3294421778732968],[-73.215338505659915,5.3295173907947273]]]},"properties":{"OBJECTID":89,"Id":89,"gridcode":3,"Shape_Length":91.707227125857997,"Shape_Area":404.52015695125635,"Sensibilidad":"Moderada"}},{"type":"Feature","id":90,"geometry":{"type":"Polygon","coordinates":[[[-73.209852269646703,5.3310591575736996],[-73.209969157572388,5.3311950495737479],[-73.210444080068569,5.331156637400932],[-73.21039194559097,5.3305090191554738],[-73.210409499103307,5.3302890315088218],[-73.210391372118366,5.3300638129679774],[-73.21063187737802,5.3294066800286304],[-73.210347628113695,5.328977342923169],[-73.209871710205562,5.3295314111599712],[-73.209525401299246,5.3303100244390373],[-73.20913870402687,5.3298604474579347],[-73.207511595863636,5.3310176400335196],[-73.206174372295607,5.3325744241610238],[-73.205801139837888,5.3338184777811497],[-73.205025149193915,5.3348004740175829],[-73.205683566175139,5.334800254100605],[-73.205683492923498,5.3345802724462352],[-73.205902965166274,5.3345801989869273],[-73.205902891839543,5.3343602173339821],[-73.206122364001089,5.3343601437993957],[-73.206357179192324,5.3331523656843167],[-73.206663609594472,5.3338385680344524],[-73.206122364001089,5.3343601437993957],[-73.206122437405995,5.3345801254492962],[-73.205902965166274,5.3345801989869273],[-73.205903038496089,5.3348001806382648],[-73.205683566175139,5.334800254100605],[-73.205120898574648,5.3356418830939676],[-73.205025149193915,5.3348004740175829],[-73.204298043615566,5.3352168904203179],[-73.204019274017199,5.337097006424842],[-73.204102534419718,5.3373203962062394],[-73.204800606848238,5.3364775005246656],[-73.204587079092292,5.3374404001498936],[-73.205115552575677,5.3370901094578151],[-73.205464825754291,5.337000143972868],[-73.205778285412308,5.3367483758667058],[-73.20600111119299,5.3362178607624129],[-73.206643657427136,5.3357017702020331],[-73.206177823071229,5.3353281313275431],[-73.206683368819,5.3349220775117168],[-73.206976038797066,5.334555503371412],[-73.207344316376705,5.3342597055074572],[-73.207315256818717,5.3340262130441758],[-73.207566377980797,5.3329163992885196],[-73.209052220422564,5.3311989903714956],[-73.209852269646703,5.3310591575736996],[-73.209927306899544,5.3307909252859424],[-73.210119831410992,5.3309837597321224],[-73.209852269646703,5.3310591575736996]],[[-73.204806114558792,5.3361204371330269],[-73.205073729209289,5.3361956540189786],[-73.204881332527307,5.3363886187931033],[-73.204806114558792,5.3361204371330269]]]},"properties":{"OBJECTID":90,"Id":90,"gridcode":3,"Shape_Length":3860.4113455822139,"Shape_Area":157286.65222915108,"Sensibilidad":"Moderada"}},{"type":"Feature","id":91,"geometry":{"type":"Polygon","coordinates":[[[-73.208754246405462,5.329079696089436],[-73.20902892135237,5.3295815694785045],[-73.209270931314961,5.3291909170573932],[-73.208754246405462,5.329079696089436]]]},"properties":{"OBJECTID":91,"Id":91,"gridcode":3,"Shape_Length":172.59103122597611,"Shape_Area":1399.7690154603497,"Sensibilidad":"Moderada"}},{"type":"Feature","id":92,"geometry":{"type":"Polygon","coordinates":[[[-73.20326741692547,5.3288615508960859],[-73.20304794667716,5.3288616233371071],[-73.203048091150322,5.3293015867986604],[-73.203267561554782,5.3293015143516191],[-73.20326741692547,5.3288615508960859]]]},"properties":{"OBJECTID":92,"Id":92,"gridcode":2,"Shape_Length":145.84272093325853,"Shape_Area":1181.6721805120183,"Sensibilidad":"Baja"}},{"type":"Feature","id":93,"geometry":{"type":"Polygon","coordinates":[[[-73.216216079187461,5.3286371568150139],[-73.216408230371343,5.3293865609488007],[-73.216744785929933,5.3290027729617879],[-73.216216079187461,5.3286371568150139]]]},"properties":{"OBJECTID":93,"Id":93,"gridcode":4,"Shape_Length":213.09777898121487,"Shape_Area":1994.5347117323004,"Sensibilidad":"Alta"}},{"type":"Feature","id":94,"geometry":{"type":"Polygon","coordinates":[[[-73.20326741692547,5.3288615508960859],[-73.203534978662788,5.3287861559179603],[-73.203342456836381,5.3285933192915733],[-73.20326741692547,5.3288615508960859]]]},"properties":{"OBJECTID":94,"Id":94,"gridcode":2,"Shape_Length":91.708008485153869,"Shape_Area":404.52719599053876,"Sensibilidad":"Baja"}},{"type":"Feature","id":95,"geometry":{"type":"Polygon","coordinates":[[[-73.207876069595642,5.3282000665539808],[-73.207951287785235,5.3284682478931833],[-73.208143681101234,5.3282752826617514],[-73.207876069595642,5.3282000665539808]]]},"properties":{"OBJECTID":95,"Id":95,"gridcode":3,"Shape_Length":91.708008479339995,"Shape_Area":404.52719593921222,"Sensibilidad":"Moderada"}},{"type":"Feature","id":96,"geometry":{"type":"Polygon","coordinates":[[[-73.204584020025067,5.3282011694658467],[-73.20445138965863,5.3287199123885109],[-73.203715438185228,5.3298535309775037],[-73.203932413225999,5.3304910515126274],[-73.204235332904162,5.3300509875808713],[-73.204494930396649,5.32987120453042],[-73.20467398292007,5.3291709149227939],[-73.205031805656759,5.328316193184671],[-73.204584020025067,5.3282011694658467]]]},"properties":{"OBJECTID":96,"Id":96,"gridcode":4,"Shape_Length":610.56689464878741,"Shape_Area":13252.283847853565,"Sensibilidad":"Alta"}},{"type":"Feature","id":97,"geometry":{"type":"Polygon","coordinates":[[[-73.227189574312106,5.3286332042955618],[-73.226540965210461,5.3278791696563976],[-73.226210030952444,5.3283867833036869],[-73.226750715330709,5.3288533475420055],[-73.227189655132136,5.3288531856783816],[-73.227189574312106,5.3286332042955618]]]},"properties":{"OBJECTID":97,"Id":97,"gridcode":4,"Shape_Length":328.95211981117836,"Shape_Area":6113.5634821967296,"Sensibilidad":"Alta"}},{"type":"Feature","id":98,"geometry":{"type":"Polygon","coordinates":[[[-73.222580469845113,5.3279749438139126],[-73.222094041646585,5.3280432863720764],[-73.222365311579495,5.3283049938042621],[-73.222109444908071,5.3285521952870383],[-73.222517299665043,5.3286888751472095],[-73.222580469845113,5.3279749438139126]]]},"properties":{"OBJECTID":98,"Id":98,"gridcode":3,"Shape_Length":262.28537581771275,"Shape_Area":2535.6530294157537,"Sensibilidad":"Moderada"}},{"type":"Feature","id":99,"geometry":{"type":"Polygon","coordinates":[[[-73.216874257693632,5.327976980559221],[-73.216949483059381,5.328245160644931],[-73.217141866691506,5.3280521927170108],[-73.216874257693632,5.327976980559221]]]},"properties":{"OBJECTID":99,"Id":99,"gridcode":4,"Shape_Length":91.70722712470959,"Shape_Area":404.52015694133087,"Sensibilidad":"Alta"}},{"type":"Feature","id":100,"geometry":{"type":"Polygon","coordinates":[[[-73.224994475804763,5.3275341033447337],[-73.224828507480268,5.3279305785418174],[-73.225423347273548,5.3288454460097974],[-73.224645847152317,5.3293839305841901],[-73.224247327622209,5.3300122680367163],[-73.225168605051351,5.3298049043379336],[-73.225743032682203,5.3289314411887485],[-73.225223262442995,5.3276923109377936],[-73.224994475804763,5.3275341033447337]]]},"properties":{"OBJECTID":100,"Id":100,"gridcode":2,"Shape_Length":754.59526949957763,"Shape_Area":14715.731644305337,"Sensibilidad":"Baja"}},{"type":"Feature","id":101,"geometry":{"type":"Polygon","coordinates":[[[-73.208973121994248,5.3273197683729405],[-73.208757975500362,5.3278450444507985],[-73.209503739725335,5.3274598903043202],[-73.208973121994248,5.3273197683729405]]]},"properties":{"OBJECTID":101,"Id":101,"gridcode":3,"Shape_Length":216.43089921717734,"Shape_Area":1889.9413769092639,"Sensibilidad":"Moderada"}},{"type":"Feature","id":102,"geometry":{"type":"Polygon","coordinates":[[[-73.205681077338141,5.3273208769691731],[-73.205182356918542,5.3274091555700522],[-73.205559107087325,5.3276068249769652],[-73.205681077338141,5.3273208769691731]]]},"properties":{"OBJECTID":102,"Id":102,"gridcode":2,"Shape_Length":137.55006999099925,"Shape_Area":806.72485137635499,"Sensibilidad":"Baja"}},{"type":"Feature","id":103,"geometry":{"type":"Polygon","coordinates":[[[-73.190318193339664,5.3273258176730343],[-73.189670954196558,5.328195538683338],[-73.189802341308436,5.329084837136544],[-73.19091903258628,5.3289190806988493],[-73.191635557849224,5.3290852643165163],[-73.191559727481703,5.3287212181366348],[-73.191052704600565,5.3285695876657728],[-73.190901180595674,5.3282814589030068],[-73.190588903154094,5.3281167185976299],[-73.190823689962073,5.3275924911641699],[-73.190318193339664,5.3273258176730343]]]},"properties":{"OBJECTID":103,"Id":103,"gridcode":3,"Shape_Length":727.23508223645854,"Shape_Area":21940.656636031454,"Sensibilidad":"Moderada"}},{"type":"Feature","id":104,"geometry":{"type":"Polygon","coordinates":[[[-73.227627947205633,5.3270931724487021],[-73.227360392900792,5.3271685777528335],[-73.227552914753844,5.3273614065936092],[-73.227627947205633,5.3270931724487021]]]},"properties":{"OBJECTID":104,"Id":104,"gridcode":2,"Shape_Length":91.707227122412775,"Shape_Area":404.52015692147995,"Sensibilidad":"Baja"}},{"type":"Feature","id":105,"geometry":{"type":"Polygon","coordinates":[[[-73.218849173885516,5.3270963554498083],[-73.218581618349845,5.3271717569839545],[-73.218774137581818,5.3273645886845884],[-73.218849173885516,5.3270963554498083]]]},"properties":{"OBJECTID":105,"Id":105,"gridcode":2,"Shape_Length":91.707227127078355,"Shape_Area":404.52015696288072,"Sensibilidad":"Baja"}},{"type":"Feature","id":106,"geometry":{"type":"Polygon","coordinates":[[[-73.1898791860595,5.3271059712845812],[-73.189879253587378,5.3273259532031707],[-73.190098723464928,5.3273258854772187],[-73.190098655859018,5.3271059035614474],[-73.1898791860595,5.3271059712845812]]]},"properties":{"OBJECTID":106,"Id":106,"gridcode":3,"Shape_Length":97.228480624035001,"Shape_Area":590.83609027864679,"Sensibilidad":"Moderada"}},{"type":"Feature","id":107,"geometry":{"type":"Polygon","coordinates":[[[-73.227847335442917,5.3268731098846303],[-73.227627866256597,5.3268731910600016],[-73.227627947205633,5.3270931724487021],[-73.227847416470013,5.3270930912699548],[-73.227847335442917,5.3268731098846303]]]},"properties":{"OBJECTID":107,"Id":107,"gridcode":2,"Shape_Length":97.228480624035001,"Shape_Area":590.83609027864679,"Sensibilidad":"Baja"}},{"type":"Feature","id":108,"geometry":{"type":"Polygon","coordinates":[[[-73.189440179083064,5.3268861245703842],[-73.189440246452023,5.3271061064961618],[-73.189659716257168,5.3271060389294833],[-73.189659648810178,5.3268860570065177],[-73.189440179083064,5.3268861245703842]]]},"properties":{"OBJECTID":108,"Id":108,"gridcode":3,"Shape_Length":97.228480622172356,"Shape_Area":590.83609025600913,"Sensibilidad":"Moderada"}},{"type":"Feature","id":109,"geometry":{"type":"Polygon","coordinates":[[[-73.227847335442917,5.3268731098846303],[-73.22811488955314,5.3267977043761379],[-73.227922367715308,5.3266048757076021],[-73.227847335442917,5.3268731098846303]]]},"properties":{"OBJECTID":109,"Id":109,"gridcode":2,"Shape_Length":91.707227122268876,"Shape_Area":404.52015691808202,"Sensibilidad":"Baja"}},{"type":"Feature","id":110,"geometry":{"type":"Polygon","coordinates":[[[-73.202827755022085,5.3266618782680091],[-73.202560194096023,5.3267372729121512],[-73.20275271508811,5.326930109826133],[-73.202827755022085,5.3266618782680091]]]},"properties":{"OBJECTID":110,"Id":110,"gridcode":3,"Shape_Length":91.708008483263882,"Shape_Area":404.52719597456269,"Sensibilidad":"Moderada"}},{"type":"Feature","id":111,"geometry":{"type":"Polygon","coordinates":[[[-73.194707382508128,5.3266644995876398],[-73.194428756394359,5.3267841156747116],[-73.194618583080654,5.3271704170081469],[-73.194707382508128,5.3266644995876398]]]},"properties":{"OBJECTID":111,"Id":111,"gridcode":1,"Shape_Length":137.91220289014547,"Shape_Area":797.54150102309029,"Sensibilidad":"Muy Baja"}},{"type":"Feature","id":112,"geometry":{"type":"Polygon","coordinates":[[[-73.205681077338141,5.3273208769691731],[-73.205582849418008,5.3265358251188228],[-73.205132161451203,5.3265921675079424],[-73.204687002203457,5.3265368175506289],[-73.203603683520981,5.3269546103643686],[-73.203291197919924,5.3273460064844835],[-73.202925674325982,5.3276395960945067],[-73.202663403448213,5.3294499443294878],[-73.203048091150322,5.3293015867986604],[-73.20304794667716,5.3288616233371071],[-73.20326741692547,5.3288615508960859],[-73.203342456836381,5.3285933192915733],[-73.203534978662788,5.3287861559179603],[-73.20326741692547,5.3288615508960859],[-73.203267561554782,5.3293015143516191],[-73.203048091150322,5.3293015867986604],[-73.202974482982412,5.3296676744645435],[-73.202828837241015,5.3299616043569973],[-73.203075369088481,5.3301320948340267],[-73.202699254630275,5.3307114407324407],[-73.20245310852323,5.3313714670195465],[-73.201871380965059,5.330829012067281],[-73.202560045299379,5.330352092030199],[-73.202828837241015,5.3299616043569973],[-73.202254127260403,5.330045661225852],[-73.20111596679196,5.3310613814070402],[-73.200672043960438,5.3323684585977382],[-73.200780399303923,5.3327167433559177],[-73.200635130406425,5.3330420682789619],[-73.201139874832265,5.3331310687589557],[-73.200754474541299,5.3333213424886514],[-73.200635130406425,5.3330420682789619],[-73.199932377659735,5.3332543916002768],[-73.20031426295624,5.3335839466846924],[-73.200442785930292,5.3342438500715712],[-73.199653861560989,5.3338029939797371],[-73.199423056209568,5.3338216580312423],[-73.198244728193515,5.3333883696134619],[-73.198440695212867,5.3339227073851543],[-73.198953452054567,5.3341824962046491],[-73.19879172256158,5.3345404489663357],[-73.198266458724959,5.3342743233340268],[-73.198440695212867,5.3339227073851543],[-73.198091422584113,5.3340126688610292],[-73.197563088173581,5.3348029171315527],[-73.197844215293458,5.3349128176222651],[-73.197563158536212,5.3350228988948416],[-73.197460777084302,5.3351716257585133],[-73.19668730511934,5.335676823826514],[-73.194928008845181,5.3361299504111379],[-73.194222267739747,5.3365909031978855],[-73.193872651374107,5.3360836988347087],[-73.193612928702109,5.3359040829409805],[-73.193393455823752,5.3359041520303743],[-73.193393524715674,5.336124133840765],[-73.193612997672204,5.3361240647485042],[-73.19361306664517,5.336344046554462],[-73.193832539677004,5.3363439773809782],[-73.193832608731043,5.3365639591824916],[-73.193832746847789,5.3370039227808173],[-73.194052220111303,5.3370038535203461],[-73.194544824269499,5.3367962900035728],[-73.194710778638409,5.3374436088377122],[-73.195101441459741,5.3379322698282134],[-73.196466775853168,5.3381029952772652],[-73.196375032462669,5.3377549033378715],[-73.194838620469469,5.3374466784689947],[-73.195277541507352,5.3371321188854361],[-73.19695993264834,5.3367934925115934],[-73.19742269690758,5.3361459047632183],[-73.197692919280328,5.3365235440320697],[-73.198441472673522,5.3363425066349111],[-73.198516515487853,5.3360742755708834],[-73.198709038283639,5.3362671140494609],[-73.198441472673522,5.3363425066349111],[-73.19826362479462,5.3367963857197598],[-73.198569354800412,5.3386580880045127],[-73.198442321220355,5.3389822874177426],[-73.199246463457726,5.3389081270264027],[-73.199539619601239,5.3387619502609995],[-73.199539548484594,5.3385419685508984],[-73.199759022219339,5.3385418972319458],[-73.199758951027462,5.3383219155232196],[-73.199978424680978,5.338321844128834],[-73.200417300555614,5.3381017194034603],[-73.200603629784453,5.337121764220174],[-73.201185131162376,5.33709847195433],[-73.201751590746554,5.3371207903145486],[-73.201258811532199,5.3361880941142275],[-73.202486399365554,5.3365100732681476],[-73.202506120181638,5.3360072243989691],[-73.201765879268663,5.3355284505384084],[-73.20205812094585,5.3349072538452402],[-73.202953254061057,5.3346932282195842],[-73.202930947547387,5.3341337504857522],[-73.204282339210067,5.3321639064013482],[-73.204242904300983,5.3311749323889224],[-73.204479381877988,5.3309551691809727],[-73.20469040507453,5.3307267306899622],[-73.20514690148741,5.3303024972338147],[-73.205121621586414,5.3296685032458591],[-73.205545755704804,5.3287669363171881],[-73.205798368368008,5.328532171395107],[-73.205564913930161,5.3280903038478353],[-73.20622367341754,5.3271300525774485],[-73.205681077338141,5.3273208769691731],[-73.205559107087325,5.3276068249769652],[-73.205182356918542,5.3274091555700522],[-73.205681077338141,5.3273208769691731]],[[-73.199758452767597,5.3367820435181894],[-73.200085567605342,5.3370968561690439],[-73.199312899268605,5.3375189993465799],[-73.199758452767597,5.3367820435181894]],[[-73.199758310434405,5.3363420800740213],[-73.20002592465022,5.3364172991769481],[-73.199833526264641,5.3366102626419432],[-73.199758310434405,5.3363420800740213]],[[-73.200197042384374,5.3356819920998522],[-73.20046465635744,5.3357572110221385],[-73.200272258311969,5.3359501744058804],[-73.200197042384374,5.3356819920998522]],[[-73.200635701954255,5.3348019221116223],[-73.201365888059499,5.3348911755897328],[-73.201181225543948,5.3355335957366812],[-73.200728573719843,5.3352775780652344],[-73.200635701954255,5.3348019221116223]],[[-73.199757812362023,5.3348022079699149],[-73.200051061925564,5.3349507822357021],[-73.19971683527865,5.3354438706815328],[-73.199025759985375,5.3350937392920574],[-73.199222860747454,5.3345084996557812],[-73.199684036125973,5.3346561502988203],[-73.199757812362023,5.3348022079699149]],[[-73.19800210355389,5.3350227576834151],[-73.198538697877865,5.335176345885265],[-73.198152490075259,5.3355493105782044],[-73.19800210355389,5.3350227576834151]],[[-73.202171072846511,5.3319416565855038],[-73.202920991051499,5.3320629205700127],[-73.20247773449583,5.3331450931596196],[-73.202579112481118,5.3336584378911835],[-73.202150431536637,5.3342583443693234],[-73.200763454989541,5.3345335259069389],[-73.201150312553082,5.3339003020217159],[-73.202134872196268,5.3331925045688466],[-73.201979978204292,5.3324081945551161],[-73.202171072846511,5.3319416565855038]],[[-73.204584020025067,5.3282011694658467],[-73.205031805656759,5.328316193184671],[-73.20467398292007,5.3291709149227939],[-73.204494930396649,5.32987120453042],[-73.204235332904162,5.3300509875808713],[-73.203932413225999,5.3304910515126274],[-73.203715438185228,5.3298535309775037],[-73.20445138965863,5.3287199123885109],[-73.204584020025067,5.3282011694658467]]]},"properties":{"OBJECTID":112,"Id":112,"gridcode":3,"Shape_Length":10113.541107779665,"Shape_Area":461386.0663024353,"Sensibilidad":"Moderada"}},{"type":"Feature","id":113,"geometry":{"type":"Polygon","coordinates":[[[-73.194927337369933,5.3282043031098265],[-73.195855381928652,5.327564243179995],[-73.196457202009597,5.3265703996334883],[-73.195738563914929,5.326346367727357],[-73.195411423625856,5.3274945951642483],[-73.194616992968861,5.3273958044463683],[-73.194927337369933,5.3282043031098265]]]},"properties":{"OBJECTID":113,"Id":113,"gridcode":1,"Shape_Length":652.90712719525914,"Shape_Area":14330.680014366233,"Sensibilidad":"Muy Baja"}},{"type":"Feature","id":114,"geometry":{"type":"Polygon","coordinates":[[[-73.194707382508128,5.3266644995876398],[-73.194974944487058,5.3265891083210377],[-73.194782425939096,5.3263962688785069],[-73.194707382508128,5.3266644995876398]]]},"properties":{"OBJECTID":114,"Id":114,"gridcode":1,"Shape_Length":91.708008484412275,"Shape_Area":404.52719598448812,"Sensibilidad":"Muy Baja"}},{"type":"Feature","id":115,"geometry":{"type":"Polygon","coordinates":[[[-73.222140898531379,5.3262152505954292],[-73.222260247426959,5.3264945203635365],[-73.222645639742083,5.3263042335548105],[-73.222140898531379,5.3262152505954292]]]},"properties":{"OBJECTID":115,"Id":115,"gridcode":2,"Shape_Length":137.91197375033829,"Shape_Area":797.53854765106007,"Sensibilidad":"Baja"}},{"type":"Feature","id":116,"geometry":{"type":"Polygon","coordinates":[[[-73.203486018712539,5.3262216975479646],[-73.203561234745777,5.3264898795236686],[-73.203753628892599,5.3262969156225237],[-73.203486018712539,5.3262216975479646]]]},"properties":{"OBJECTID":116,"Id":116,"gridcode":3,"Shape_Length":91.708008485967483,"Shape_Area":404.52719599828833,"Sensibilidad":"Moderada"}},{"type":"Feature","id":117,"geometry":{"type":"Polygon","coordinates":[[[-73.202827755022085,5.3266618782680091],[-73.203317447738115,5.3265561239411312],[-73.203110776172622,5.3261439344352981],[-73.202827755022085,5.3266618782680091]]]},"properties":{"OBJECTID":117,"Id":117,"gridcode":3,"Shape_Length":171.70637378863762,"Shape_Area":1368.8231570897062,"Sensibilidad":"Moderada"}},{"type":"Feature","id":118,"geometry":{"type":"Polygon","coordinates":[[[-73.200852458228454,5.3264425439638083],[-73.201120019264565,5.3263671500579406],[-73.200927498943955,5.3261743126039987],[-73.200852458228454,5.3264425439638083]]]},"properties":{"OBJECTID":118,"Id":118,"gridcode":2,"Shape_Length":91.708008485967483,"Shape_Area":404.52719599828833,"Sensibilidad":"Baja"}},{"type":"Feature","id":119,"geometry":{"type":"Polygon","coordinates":[[[-73.193610241118421,5.3273247912222246],[-73.193221928909267,5.3272165393339437],[-73.192836625156332,5.3262737498708184],[-73.192636752539769,5.3273259416246495],[-73.194345571826332,5.3289602618766301],[-73.194927337369933,5.3282043031098265],[-73.19404638652766,5.3284092024193592],[-73.193610241118421,5.3273247912222246]]]},"properties":{"OBJECTID":119,"Id":119,"gridcode":1,"Shape_Length":872.00607931259674,"Shape_Area":16859.482259028784,"Sensibilidad":"Muy Baja"}},{"type":"Feature","id":120,"geometry":{"type":"Polygon","coordinates":[[[-73.229163824542155,5.3259926957138477],[-73.228944355688412,5.3259927773450109],[-73.228944437092068,5.326212758719711],[-73.229163906023857,5.3262126770851568],[-73.229163824542155,5.3259926957138477]]]},"properties":{"OBJECTID":120,"Id":120,"gridcode":2,"Shape_Length":97.228480622172356,"Shape_Area":590.83609025600913,"Sensibilidad":"Baja"}},{"type":"Feature","id":121,"geometry":{"type":"Polygon","coordinates":[[[-73.21906825378943,5.3259963697964388],[-73.218850862187722,5.3264351195667405],[-73.219012537359561,5.3267666439226762],[-73.218849173885516,5.3270963554498083],[-73.219199976279128,5.3272709821533164],[-73.219507397645771,5.326661334010045],[-73.219220800362308,5.326073652775305],[-73.21906825378943,5.3259963697964388]]]},"properties":{"OBJECTID":121,"Id":121,"gridcode":2,"Shape_Length":345.65128088439934,"Shape_Area":6114.8114645578653,"Sensibilidad":"Baja"}},{"type":"Feature","id":122,"geometry":{"type":"Polygon","coordinates":[[[-73.193610241118421,5.3273247912222246],[-73.193740040954253,5.3272349019064107],[-73.193745447876296,5.3259150079969473],[-73.193470295716054,5.3269911087916757],[-73.193610241118421,5.3273247912222246]]]},"properties":{"OBJECTID":122,"Id":122,"gridcode":1,"Shape_Length":326.06134839109023,"Shape_Area":2528.6157749489967,"Sensibilidad":"Muy Baja"}},{"type":"Feature","id":123,"geometry":{"type":"Polygon","coordinates":[[[-73.226968974458941,5.325553545691065],[-73.226893390985765,5.3259176425537289],[-73.226167246323868,5.3267296417328556],[-73.22601603384814,5.3273366862274534],[-73.226658974739919,5.3270468716454253],[-73.226901318061721,5.3265852832540261],[-73.227694077124156,5.326166374389719],[-73.227465590065137,5.325657119887631],[-73.226968974458941,5.325553545691065]]]},"properties":{"OBJECTID":123,"Id":123,"gridcode":4,"Shape_Length":583.56727917448382,"Shape_Area":13545.72888962127,"Sensibilidad":"Alta"}},{"type":"Feature","id":124,"geometry":{"type":"Polygon","coordinates":[[[-73.225652081795346,5.3253340481419684],[-73.225761918929464,5.3256157550762682],[-73.225871550465826,5.3253339676940357],[-73.225652081795346,5.3253340481419684]]]},"properties":{"OBJECTID":124,"Id":124,"gridcode":2,"Shape_Length":91.14754025227495,"Shape_Area":378.36463099686239,"Sensibilidad":"Baja"}},{"type":"Feature","id":125,"geometry":{"type":"Polygon","coordinates":[[[-73.214020161445973,5.3251182183689583],[-73.214095381842057,5.3253863988935652],[-73.214287772245086,5.3251934318371932],[-73.214020161445973,5.3251182183689583]]]},"properties":{"OBJECTID":125,"Id":125,"gridcode":3,"Shape_Length":91.708008487378777,"Shape_Area":404.52719600869204,"Sensibilidad":"Moderada"}},{"type":"Feature","id":126,"geometry":{"type":"Polygon","coordinates":[[[-73.205022012213917,5.3253412610672592],[-73.205520731005734,5.3252529826538302],[-73.205143982310389,5.3250553123133475],[-73.205022012213917,5.3253412610672592]]]},"properties":{"OBJECTID":126,"Id":126,"gridcode":2,"Shape_Length":137.55019826918988,"Shape_Area":806.72741240283779,"Sensibilidad":"Baja"}},{"type":"Feature","id":127,"geometry":{"type":"Polygon","coordinates":[[[-73.201949374490951,5.3251222944371097],[-73.201734222631231,5.3256475674599075],[-73.202479988960647,5.3252624234044559],[-73.201949374490951,5.3251222944371097]]]},"properties":{"OBJECTID":127,"Id":127,"gridcode":4,"Shape_Length":216.43075222843794,"Shape_Area":1889.9397584547219,"Sensibilidad":"Alta"}},{"type":"Feature","id":128,"geometry":{"type":"Polygon","coordinates":[[[-73.225871550465826,5.3253339676940357],[-73.225761629585691,5.3248226910734653],[-73.225652081795346,5.3253340481419684],[-73.225871550465826,5.3253339676940357]]]},"properties":{"OBJECTID":128,"Id":128,"gridcode":3,"Shape_Length":139.88911637653212,"Shape_Area":686.6589829272416,"Sensibilidad":"Moderada"}},{"type":"Feature","id":129,"geometry":{"type":"Polygon","coordinates":[[[-73.229602272484627,5.3246726439968546],[-73.229382804105839,5.3246727257640591],[-73.229382885645066,5.3248927071413892],[-73.229602354101885,5.3248926253707802],[-73.229602272484627,5.3246726439968546]]]},"properties":{"OBJECTID":129,"Id":129,"gridcode":3,"Shape_Length":97.228480622172356,"Shape_Area":590.83609025600913,"Sensibilidad":"Moderada"}},{"type":"Feature","id":130,"geometry":{"type":"Polygon","coordinates":[[[-73.2278465253588,5.3246732959451162],[-73.227940760297088,5.325398087734019],[-73.228141768079823,5.3248290292198179],[-73.2278465253588,5.3246732959451162]]]},"properties":{"OBJECTID":130,"Id":130,"gridcode":2,"Shape_Length":184.4184403341001,"Shape_Area":1219.5979566245178,"Sensibilidad":"Baja"}},{"type":"Feature","id":131,"geometry":{"type":"Polygon","coordinates":[[[-73.203485512313478,5.3246818252934993],[-73.20356072813388,5.3249500072897638],[-73.20375312182037,5.3247570433975291],[-73.203485512313478,5.3246818252934993]]]},"properties":{"OBJECTID":131,"Id":131,"gridcode":4,"Shape_Length":91.708008479746752,"Shape_Area":404.52719594308667,"Sensibilidad":"Alta"}},{"type":"Feature","id":132,"geometry":{"type":"Polygon","coordinates":[[[-73.229602272484627,5.3246726439968546],[-73.229869825408258,5.324597237770754],[-73.229677303761093,5.3244044096311063],[-73.229602272484627,5.3246726439968546]]]},"properties":{"OBJECTID":132,"Id":132,"gridcode":3,"Shape_Length":91.707227128154813,"Shape_Area":404.52015697110716,"Sensibilidad":"Moderada"}},{"type":"Feature","id":133,"geometry":{"type":"Polygon","coordinates":[[[-73.198876596978195,5.3244633487569857],[-73.198300471625743,5.3252375358701292],[-73.1988675509551,5.3256590900578313],[-73.199411276741088,5.3248767394683316],[-73.198876596978195,5.3244633487569857]]]},"properties":{"OBJECTID":133,"Id":133,"gridcode":3,"Shape_Length":365.05746575941544,"Shape_Area":8107.4395233554742,"Sensibilidad":"Moderada"}},{"type":"Feature","id":134,"geometry":{"type":"Polygon","coordinates":[[[-73.197559784449865,5.3244637724864479],[-73.197634997699396,5.3247319553060874],[-73.197827393237944,5.3245389931961871],[-73.197559784449865,5.3244637724864479]]]},"properties":{"OBJECTID":134,"Id":134,"gridcode":3,"Shape_Length":91.708008480153552,"Shape_Area":404.52719594696151,"Sensibilidad":"Moderada"}},{"type":"Feature","id":135,"geometry":{"type":"Polygon","coordinates":[[[-73.227407426879253,5.324233495330029],[-73.227407507709586,5.3244534767409162],[-73.227626976041009,5.3244533956808207],[-73.227626895132659,5.324233414273297],[-73.227407426879253,5.324233495330029]]]},"properties":{"OBJECTID":135,"Id":135,"gridcode":3,"Shape_Length":97.228480622172356,"Shape_Area":590.83609025600913,"Sensibilidad":"Moderada"}},{"type":"Feature","id":136,"geometry":{"type":"Polygon","coordinates":[[[-73.227407426879253,5.324233495330029],[-73.22657707034675,5.3247920626402632],[-73.227262222791296,5.3249833423784425],[-73.227626976041009,5.3244533956808207],[-73.227407507709586,5.3244534767409162],[-73.227407426879253,5.324233495330029]]]},"properties":{"OBJECTID":136,"Id":136,"gridcode":2,"Shape_Length":309.28321337789924,"Shape_Area":4220.9559630897174,"Sensibilidad":"Baja"}},{"type":"Feature","id":137,"geometry":{"type":"Polygon","coordinates":[[[-73.226310166001767,5.3244538808685427],[-73.22623493715497,5.3241857020433621],[-73.226042557629199,5.3243786726679252],[-73.226310166001767,5.3244538808685427]]]},"properties":{"OBJECTID":137,"Id":137,"gridcode":3,"Shape_Length":91.707227128968384,"Shape_Area":404.52015697885679,"Sensibilidad":"Moderada"}},{"type":"Feature","id":138,"geometry":{"type":"Polygon","coordinates":[[[-73.206118990695131,5.3242409862066209],[-73.20639366124891,5.3247428618563752],[-73.206635671141299,5.3243522087405246],[-73.206118990695131,5.3242409862066209]]]},"properties":{"OBJECTID":138,"Id":138,"gridcode":4,"Shape_Length":172.59125054423737,"Shape_Area":1399.7730777606052,"Sensibilidad":"Alta"}},{"type":"Feature","id":139,"geometry":{"type":"Polygon","coordinates":[[[-73.196023433357638,5.3242442814207607],[-73.196098645918156,5.3245124644555748],[-73.196291041887704,5.3243195028089039],[-73.196023433357638,5.3242442814207607]]]},"properties":{"OBJECTID":139,"Id":139,"gridcode":1,"Shape_Length":91.708008485967483,"Shape_Area":404.52719599828833,"Sensibilidad":"Muy Baja"}},{"type":"Feature","id":140,"geometry":{"type":"Polygon","coordinates":[[[-73.227407426879253,5.324233495330029],[-73.227318488771829,5.3239595818423799],[-73.226482591570488,5.3240826088616418],[-73.226796590789107,5.3243855351107872],[-73.226310166001767,5.3244538808685427],[-73.226146807056537,5.3247835941677879],[-73.226307349486518,5.3251127890606806],[-73.225871550465826,5.3253339676940357],[-73.225761918929464,5.3256157550762682],[-73.225652081795346,5.3253340481419684],[-73.225404425542933,5.3255257968724772],[-73.22465798917645,5.3264958337315154],[-73.224459043630034,5.3274425279603808],[-73.223592877245807,5.3273145527825694],[-73.223362707770136,5.3278788314560463],[-73.223115049783772,5.3280705793228718],[-73.222924165033717,5.3289788978108401],[-73.222647200402207,5.3294394986868987],[-73.222727057480498,5.3299798158982661],[-73.222004823195618,5.3302764037101813],[-73.222337469291119,5.3308286985500333],[-73.22289645240815,5.3304904547156298],[-73.223522220324128,5.3302334808615823],[-73.224085148579249,5.3305735557251577],[-73.223898642033078,5.3317141505110595],[-73.224044357679247,5.3316401974440737],[-73.224337344416767,5.3310540463734224],[-73.224441023200157,5.3300896798224144],[-73.224776125867891,5.3306139233554237],[-73.225974687903872,5.3296153877838606],[-73.226649265459884,5.3291915371926963],[-73.226750715330709,5.3288533475420055],[-73.226210030952444,5.3283867833036869],[-73.226540965210461,5.3278791696563976],[-73.227189574312106,5.3286332042955618],[-73.227920119788735,5.3282656688918379],[-73.228360191437474,5.3273867827056698],[-73.228651619541267,5.3272388745371497],[-73.228798804688992,5.3265066942552659],[-73.228944437092068,5.326212758719711],[-73.228944355688412,5.3259927773450109],[-73.229163824542155,5.3259926957138477],[-73.228967141717021,5.3255238113175531],[-73.229382885645066,5.3248927071413892],[-73.228509819385252,5.3247443824087748],[-73.228132032117244,5.3242541678753277],[-73.227626976041009,5.3244533956808207],[-73.227262222791296,5.3249833423784425],[-73.22657707034675,5.3247920626402632],[-73.227407426879253,5.324233495330029]],[[-73.224994475804763,5.3275341033447337],[-73.225223262442995,5.3276923109377936],[-73.225743032682203,5.3289314411887485],[-73.225168605051351,5.3298049043379336],[-73.224247327622209,5.3300122680367163],[-73.224645847152317,5.3293839305841901],[-73.225423347273548,5.3288454460097974],[-73.224828507480268,5.3279305785418174],[-73.224994475804763,5.3275341033447337]],[[-73.223458825386885,5.3292945144159987],[-73.223611373293849,5.3293717962419693],[-73.223931486382924,5.3300281870029931],[-73.223532765504572,5.3298805319268299],[-73.223458825386885,5.3292945144159987]],[[-73.226968974458941,5.325553545691065],[-73.227465590065137,5.325657119887631],[-73.227694077124156,5.326166374389719],[-73.226901318061721,5.3265852832540261],[-73.226658974739919,5.3270468716454253],[-73.22601603384814,5.3273366862274534],[-73.226167246323868,5.3267296417328556],[-73.226893390985765,5.3259176425537289],[-73.226968974458941,5.325553545691065]],[[-73.227847335442917,5.3268731098846303],[-73.227847416470013,5.3270930912699548],[-73.227627947205633,5.3270931724487021],[-73.227552914753844,5.3273614065936092],[-73.227360392900792,5.3271685777528335],[-73.227627947205633,5.3270931724487021],[-73.227627866256597,5.3268731910600016],[-73.227847335442917,5.3268731098846303],[-73.227922367715308,5.3266048757076021],[-73.22811488955314,5.3267977043761379],[-73.227847335442917,5.3268731098846303]],[[-73.2278465253588,5.3246732959451162],[-73.228141768079823,5.3248290292198179],[-73.227940760297088,5.325398087734019],[-73.2278465253588,5.3246732959451162]]]},"properties":{"OBJECTID":140,"Id":140,"gridcode":3,"Shape_Length":5501.3054809341065,"Shape_Area":244615.27228193756,"Sensibilidad":"Moderada"}},{"type":"Feature","id":141,"geometry":{"type":"Polygon","coordinates":[[[-73.205021574944709,5.3240213706574551],[-73.205096791332352,5.3242895524494411],[-73.205289184324101,5.3240965880995992],[-73.205021574944709,5.3240213706574551]]]},"properties":{"OBJECTID":141,"Id":141,"gridcode":4,"Shape_Length":91.708008489819505,"Shape_Area":404.52719603194015,"Sensibilidad":"Alta"}},{"type":"Feature","id":142,"geometry":{"type":"Polygon","coordinates":[[[-73.196023433357638,5.3242442814207607],[-73.195935368399375,5.3237443940921132],[-73.195738154998295,5.3241220219777521],[-73.196023433357638,5.3242442814207607]]]},"properties":{"OBJECTID":142,"Id":142,"gridcode":1,"Shape_Length":137.55028862145957,"Shape_Area":806.72521968536739,"Sensibilidad":"Muy Baja"}},{"type":"Feature","id":143,"geometry":{"type":"Polygon","coordinates":[[[-73.224554179655371,5.3237945790389887],[-73.2244789516526,5.3235263999579958],[-73.224286571752472,5.323719370052836],[-73.224554179655371,5.3237945790389887]]]},"properties":{"OBJECTID":143,"Id":143,"gridcode":3,"Shape_Length":91.707227122412775,"Shape_Area":404.52015692147995,"Sensibilidad":"Moderada"}},{"type":"Feature","id":144,"geometry":{"type":"Polygon","coordinates":[[[-73.215556059635745,5.324017774695327],[-73.215757951268174,5.3235024863043527],[-73.215240901006581,5.3237741197006763],[-73.215556059635745,5.324017774695327]]]},"properties":{"OBJECTID":144,"Id":144,"gridcode":3,"Shape_Length":169.90736531525468,"Shape_Area":1294.7113703793714,"Sensibilidad":"Moderada"}},{"type":"Feature","id":145,"geometry":{"type":"Polygon","coordinates":[[[-73.202387880726931,5.3238022597248174],[-73.202312665567661,5.3235340775506117],[-73.202120271780672,5.3237270410032673],[-73.202387880726931,5.3238022597248174]]]},"properties":{"OBJECTID":145,"Id":145,"gridcode":3,"Shape_Length":91.708008486302262,"Shape_Area":404.52719600046419,"Sensibilidad":"Moderada"}},{"type":"Feature","id":146,"geometry":{"type":"Polygon","coordinates":[[[-73.194486944973292,5.3235848227153175],[-73.194611946917803,5.32432098381505],[-73.195021621164059,5.3239982173852098],[-73.194486944973292,5.3235848227153175]]]},"properties":{"OBJECTID":146,"Id":146,"gridcode":1,"Shape_Length":215.01278104654779,"Shape_Area":2092.2723516305482,"Sensibilidad":"Muy Baja"}},{"type":"Feature","id":147,"geometry":{"type":"Polygon","coordinates":[[[-73.188561696762051,5.3249065565403644],[-73.189571343208371,5.3247985415309662],[-73.190179422642231,5.3241403164792702],[-73.190870136628078,5.3243516965172422],[-73.191178618631966,5.3250063572870161],[-73.191634299771934,5.3250243181368626],[-73.192073232433671,5.3250067435786841],[-73.192819944038632,5.325036174733822],[-73.193392721855801,5.3242012867170976],[-73.192841032005177,5.3239089000860833],[-73.192182734539131,5.3242583157016696],[-73.191110793522057,5.3236901991335621],[-73.188780830292856,5.3238065795495588],[-73.188651164504449,5.3243364325820712],[-73.188561696762051,5.3249065565403644]]]},"properties":{"OBJECTID":147,"Id":147,"gridcode":3,"Shape_Length":1333.7935420587701,"Shape_Area":49131.39407367578,"Sensibilidad":"Moderada"}},{"type":"Feature","id":148,"geometry":{"type":"Polygon","coordinates":[[[-73.21906950045593,5.3295160739905603],[-73.21895035583043,5.3298492716274781],[-73.219185600290501,5.3300597993128624],[-73.219394739054479,5.3307378011251778],[-73.219856446903691,5.3304861089993718],[-73.219830968053131,5.3300601951149327],[-73.220264630019585,5.3296715428832684],[-73.220489765236067,5.3291794073737959],[-73.221283496656483,5.3281520383894989],[-73.221589473864128,5.3258526808313071],[-73.222037761507025,5.3254509144781901],[-73.222011442614246,5.3250109609364698],[-73.222443974894531,5.3246233113545838],[-73.223282956285843,5.3232512736173145],[-73.222413653377288,5.3237251729767729],[-73.221597966725597,5.3250117341709435],[-73.220907990161578,5.3260025794630064],[-73.220975527463466,5.3271315893400528],[-73.220077170332559,5.3291793914121834],[-73.219831433089695,5.3293996243891382],[-73.219616238079468,5.3296412064273548],[-73.219227225930581,5.3287924495871675],[-73.218526825030693,5.3290304159038282],[-73.21906950045593,5.3295160739905603],[-73.21914453685288,5.3292478407329735],[-73.21933705692598,5.3294406722107572],[-73.21906950045593,5.3295160739905603]]]},"properties":{"OBJECTID":148,"Id":148,"gridcode":4,"Shape_Length":2352.7419293540397,"Shape_Area":58340.546832962289,"Sensibilidad":"Alta"}},{"type":"Feature","id":149,"geometry":{"type":"Polygon","coordinates":[[[-73.221261999868787,5.3233558071431579],[-73.221337226470368,5.3236239866777844],[-73.221529607300013,5.3234310174659845],[-73.221261999868787,5.3233558071431579]]]},"properties":{"OBJECTID":149,"Id":149,"gridcode":3,"Shape_Length":91.707227125857997,"Shape_Area":404.52015695125635,"Sensibilidad":"Moderada"}},{"type":"Feature","id":150,"geometry":{"type":"Polygon","coordinates":[[[-73.219067319337768,5.3233565913872543],[-73.219142544999656,5.3236247712292455],[-73.219334926542032,5.323431802674377],[-73.219067319337768,5.3233565913872543]]]},"properties":{"OBJECTID":150,"Id":150,"gridcode":3,"Shape_Length":91.707227128968384,"Shape_Area":404.52015697885679,"Sensibilidad":"Moderada"}},{"type":"Feature","id":151,"geometry":{"type":"Polygon","coordinates":[[[-73.194486944973292,5.3235848227153175],[-73.194411733231348,5.3233166394458786],[-73.194219336954745,5.3235096005219722],[-73.194486944973292,5.3235848227153175]]]},"properties":{"OBJECTID":151,"Id":151,"gridcode":1,"Shape_Length":91.708008486374283,"Shape_Area":404.52719600216318,"Sensibilidad":"Muy Baja"}},{"type":"Feature","id":152,"geometry":{"type":"Polygon","coordinates":[[[-73.220164581404561,5.3231362187143549],[-73.220233876824039,5.3236116754722245],[-73.220651521177658,5.323207165270591],[-73.220164581404561,5.3231362187143549]]]},"properties":{"OBJECTID":152,"Id":152,"gridcode":3,"Shape_Length":171.91431734761025,"Shape_Area":1386.5779917829884,"Sensibilidad":"Moderada"}},{"type":"Feature","id":153,"geometry":{"type":"Polygon","coordinates":[[[-73.229382151914962,5.3229128746889565],[-73.229457381930743,5.3231810530890273],[-73.229649759990082,5.3229880814523254],[-73.229382151914962,5.3229128746889565]]]},"properties":{"OBJECTID":153,"Id":153,"gridcode":3,"Shape_Length":91.707227123417283,"Shape_Area":404.52015692800751,"Sensibilidad":"Moderada"}},{"type":"Feature","id":154,"geometry":{"type":"Polygon","coordinates":[[[-73.223017585552583,5.3229152111469356],[-73.223092812844357,5.3231833904414501],[-73.223285192972668,5.3229904207074012],[-73.223017585552583,5.3229152111469356]]]},"properties":{"OBJECTID":154,"Id":154,"gridcode":4,"Shape_Length":91.70722712186209,"Shape_Area":404.52015691420723,"Sensibilidad":"Alta"}},{"type":"Feature","id":155,"geometry":{"type":"Polygon","coordinates":[[[-73.221481310491811,5.3229157652703618],[-73.221556537125906,5.3231839447802818],[-73.22174891775326,5.3229909755058591],[-73.221481310491811,5.3229157652703618]]]},"properties":{"OBJECTID":155,"Id":155,"gridcode":3,"Shape_Length":91.707227121120468,"Shape_Area":404.52015690815665,"Sensibilidad":"Moderada"}},{"type":"Feature","id":156,"geometry":{"type":"Polygon","coordinates":[[[-73.215556059635745,5.324017774695327],[-73.216096512486288,5.3238544688012626],[-73.215836436753762,5.3230680424468195],[-73.215219403439761,5.3230185647080717],[-73.215015285202782,5.3232562081434684],[-73.214779565623218,5.323459911662999],[-73.214576504873406,5.3236963243801068],[-73.213717387679409,5.3239559160958017],[-73.214612445387573,5.3243558707376204],[-73.214003757526697,5.3248818821083015],[-73.213478725011598,5.3254931396982954],[-73.212604589248386,5.3254230429792546],[-73.2125849892155,5.3256686695132203],[-73.212611551670889,5.3259986328126274],[-73.212576432935819,5.3264386082237341],[-73.21261841902961,5.3269600876017558],[-73.212045589318961,5.3270064215093047],[-73.21171026759275,5.3269795309442278],[-73.210528359365398,5.3276410308542506],[-73.209721350294544,5.3272114615815056],[-73.209982824713649,5.3269855090887299],[-73.209194963500622,5.3267480414094637],[-73.208120373890992,5.3261475652589052],[-73.207348205565836,5.3260856378396575],[-73.206541119746689,5.3265373472404924],[-73.205317291808498,5.3260873370588202],[-73.204262309624042,5.3261726574282013],[-73.204519633470852,5.325805851562377],[-73.204920481311262,5.3254594659033767],[-73.205022012213917,5.3253412610672592],[-73.203538387250788,5.3255277622187247],[-73.20247404778236,5.3259777135790785],[-73.200972556912205,5.3268630534800456],[-73.200852458228454,5.3264425439638083],[-73.200295653162399,5.3265445360651444],[-73.199154141882005,5.327441204857573],[-73.198268442033779,5.3284723014117628],[-73.197325532047486,5.3292870870045448],[-73.196560695718688,5.3301774792758323],[-73.195688116375621,5.3307256728232408],[-73.195046176373864,5.3311822006929086],[-73.194370060278061,5.3316069671251123],[-73.194489850531525,5.3328240604902621],[-73.194749572117573,5.3330036760694428],[-73.194929071679553,5.3337038487698702],[-73.194929141089673,5.3339238305758716],[-73.194709668932163,5.3339239001094807],[-73.194360534107858,5.3344538231070917],[-73.194051597973271,5.3350240173042218],[-73.19433272462922,5.3351339194191247],[-73.194051667088161,5.3352439991123051],[-73.194051736205935,5.3354639809188047],[-73.19383226348971,5.335464050159179],[-73.193832332532196,5.335684031966986],[-73.193612859734912,5.3356841011318741],[-73.193612928702109,5.3359040829409805],[-73.193872651374107,5.3360836988347087],[-73.194222267739747,5.3365909031978855],[-73.194928008845181,5.3361299504111379],[-73.19668730511934,5.335676823826514],[-73.197460777084302,5.3351716257585133],[-73.197563158536212,5.3350228988948416],[-73.197282031410765,5.3349129982760175],[-73.197563088173581,5.3348029171315527],[-73.198091422584113,5.3340126688610292],[-73.198440695212867,5.3339227073851543],[-73.198244728193515,5.3333883696134619],[-73.199423056209568,5.3338216580312423],[-73.199653861560989,5.3338029939797371],[-73.200442785930292,5.3342438500715712],[-73.20031426295624,5.3335839466846924],[-73.199932377659735,5.3332543916002768],[-73.200635130406425,5.3330420682789619],[-73.200780399303923,5.3327167433559177],[-73.200672043960438,5.3323684585977382],[-73.20111596679196,5.3310613814070402],[-73.202254127260403,5.330045661225852],[-73.202828837241015,5.3299616043569973],[-73.202974482982412,5.3296676744645435],[-73.203048091150322,5.3293015867986604],[-73.202663403448213,5.3294499443294878],[-73.202925674325982,5.3276395960945067],[-73.203291197919924,5.3273460064844835],[-73.203603683520981,5.3269546103643686],[-73.204687002203457,5.3265368175506289],[-73.205132161451203,5.3265921675079424],[-73.205582849418008,5.3265358251188228],[-73.205681077338141,5.3273208769691731],[-73.20622367341754,5.3271300525774485],[-73.205564913930161,5.3280903038478353],[-73.205798368368008,5.328532171395107],[-73.205545755704804,5.3287669363171881],[-73.205121621586414,5.3296685032458591],[-73.20514690148741,5.3303024972338147],[-73.20469040507453,5.3307267306899622],[-73.204479381877988,5.3309551691809727],[-73.204242904300983,5.3311749323889224],[-73.204282339210067,5.3321639064013482],[-73.202930947547387,5.3341337504857522],[-73.202953254061057,5.3346932282195842],[-73.20205812094585,5.3349072538452402],[-73.201765879268663,5.3355284505384084],[-73.202506120181638,5.3360072243989691],[-73.202486399365554,5.3365100732681476],[-73.201258811532199,5.3361880941142275],[-73.201751590746554,5.3371207903145486],[-73.201185131162376,5.33709847195433],[-73.200603629784453,5.337121764220174],[-73.200417300555614,5.3381017194034603],[-73.201295194803251,5.33810143242665],[-73.201514668357675,5.3381013604864691],[-73.201514740172286,5.3383213421730034],[-73.202459865623084,5.337948575004396],[-73.204272035899777,5.3375646570971504],[-73.204587079092292,5.3374404001498936],[-73.204800606848238,5.3364775005246656],[-73.204102534419718,5.3373203962062394],[-73.204019274017199,5.337097006424842],[-73.204298043615566,5.3352168904203179],[-73.205025149193915,5.3348004740175829],[-73.205801139837888,5.3338184777811497],[-73.206174372295607,5.3325744241610238],[-73.207511595863636,5.3310176400335196],[-73.20913870402687,5.3298604474579347],[-73.209525401299246,5.3303100244390373],[-73.209871710205562,5.3295314111599712],[-73.210347628113695,5.328977342923169],[-73.21063187737802,5.3294066800286304],[-73.210391372118366,5.3300638129679774],[-73.210409499103307,5.3302890315088218],[-73.21039194559097,5.3305090191554738],[-73.210444080068569,5.331156637400932],[-73.209969157572388,5.3311950495737479],[-73.209852269646703,5.3310591575736996],[-73.209052220422564,5.3311989903714956],[-73.207566377980797,5.3329163992885196],[-73.207315256818717,5.3340262130441758],[-73.207344316376705,5.3342597055074572],[-73.206976038797066,5.334555503371412],[-73.206683368819,5.3349220775117168],[-73.206177823071229,5.3353281313275431],[-73.206643657427136,5.3357017702020331],[-73.20600111119299,5.3362178607624129],[-73.205778285412308,5.3367483758667058],[-73.205464825754291,5.337000143972868],[-73.205464898961438,5.3372201256130412],[-73.205684372145456,5.3372200521955682],[-73.205903845326375,5.337219978699717],[-73.206342791679049,5.3372198314728649],[-73.206342718159092,5.3369998498448785],[-73.20656219125263,5.3369997761169365],[-73.207001137430439,5.3369996284259331],[-73.207001063679002,5.3367796468055548],[-73.207440009688085,5.3367794988071733],[-73.207665880416727,5.3360266267018792],[-73.207988429868166,5.336000539665589],[-73.208562384573739,5.3360465688228418],[-73.209634067480224,5.3347989197917336],[-73.208795810239693,5.3347036595804624],[-73.209105375204444,5.3344892694019252],[-73.20950844725445,5.3337808968056581],[-73.209756932679369,5.3338366416318674],[-73.211008853425895,5.333514162179168],[-73.211486530790751,5.3326746703687098],[-73.211828111143802,5.3328183333731936],[-73.211933033988771,5.332357641925733],[-73.212451613960965,5.3313867290767893],[-73.213300027884131,5.3311919854485907],[-73.213081717242815,5.3305554936969637],[-73.213859240322421,5.3308228238544082],[-73.214542567002425,5.3302594881852388],[-73.215256945154493,5.3298755078600051],[-73.215338505659915,5.3295173907947273],[-73.215070896208374,5.3294421778732968],[-73.215263280807775,5.3292492105010956],[-73.215338505659915,5.3295173907947273],[-73.215462336222899,5.3294215183805029],[-73.215755101648583,5.327690415265204],[-73.215433388919791,5.3274416942275122],[-73.215242013907016,5.3269734745304493],[-73.214994220395852,5.3267819029375874],[-73.214802873169972,5.3263921255259934],[-73.215461186713839,5.3261217949071948],[-73.215652262483559,5.3257318830028586],[-73.21492865121526,5.3254353289522536],[-73.215030546423719,5.3247425255018364],[-73.215460226219648,5.3248060158158603],[-73.215556059635745,5.324017774695327],[-73.215240901006581,5.3237741197006763],[-73.215757951268174,5.3235024863043527],[-73.215556059635745,5.324017774695327]],[[-73.195368572442504,5.335463563831131],[-73.195636185809562,5.3355387848813516],[-73.195443786265045,5.3357317468087322],[-73.195368572442504,5.335463563831131]],[[-73.196026641444178,5.3343634453112143],[-73.195951597717794,5.334631676118498],[-73.195759076279757,5.334438836715397],[-73.196026641444178,5.3343634453112143],[-73.19610168510934,5.3340952144947869],[-73.196294206539378,5.3342880537927728],[-73.196026641444178,5.3343634453112143]],[[-73.197123792313022,5.3337031491546236],[-73.197409075412594,5.3338254073243272],[-73.197211859940509,5.3342030369031681],[-73.197123792313022,5.3337031491546236]],[[-73.199097906716389,5.3301828045809794],[-73.199413066019659,5.330426468746972],[-73.199161186361181,5.3320108356149314],[-73.198010884626285,5.332181596697148],[-73.198344347842379,5.331627091396367],[-73.198645033411935,5.3308900431025332],[-73.199097906716389,5.3301828045809794]],[[-73.201073215096343,5.3304021440611296],[-73.201340826850938,5.330477363116839],[-73.201148430671481,5.3306703263158193],[-73.201073215096343,5.3304021440611296]],[[-73.202827755022085,5.3266618782680091],[-73.20275271508811,5.326930109826133],[-73.202560194096023,5.3267372729121512],[-73.202827755022085,5.3266618782680091],[-73.203110776172622,5.3261439344352981],[-73.203317447738115,5.3265561239411312],[-73.202827755022085,5.3266618782680091]],[[-73.203488770327624,5.3345810027305012],[-73.203756384165359,5.3346562202253969],[-73.203563987517228,5.3348491845942352],[-73.203488770327624,5.3345810027305012]],[[-73.204804655992362,5.3317208036915593],[-73.205072268716421,5.3317960210818391],[-73.20487987335143,5.331988985410697],[-73.204804655992362,5.3317208036915593]],[[-73.205902012157935,5.3317204373760374],[-73.205826973041894,5.3319886692374006],[-73.205634449492408,5.3317958334140219],[-73.205902012157935,5.3317204373760374],[-73.205990802806085,5.3312145187251883],[-73.20618063804605,5.3316008161137587],[-73.205902012157935,5.3317204373760374]],[[-73.207876587264835,5.329739938206516],[-73.208171827819015,5.3298956811391633],[-73.207970799940554,5.3304647346993228],[-73.207876587264835,5.329739938206516]],[[-73.208754246405462,5.329079696089436],[-73.209270931314961,5.3291909170573932],[-73.20902892135237,5.3295815694785045],[-73.208754246405462,5.329079696089436]],[[-73.208536780378125,5.3350192745922831],[-73.208849953029585,5.3352526075793394],[-73.208244862810801,5.3357478814604171],[-73.208536780378125,5.3350192745922831]],[[-73.207876069595642,5.3282000665539808],[-73.208143681101234,5.3282752826617514],[-73.207951287785235,5.3284682478931833],[-73.207876069595642,5.3282000665539808]],[[-73.208973121994248,5.3273197683729405],[-73.209503739725335,5.3274598903043202],[-73.208757975500362,5.3278450444507985],[-73.208973121994248,5.3273197683729405]],[[-73.203486018712539,5.3262216975479646],[-73.203753628892599,5.3262969156225237],[-73.203561234745777,5.3264898795236686],[-73.203486018712539,5.3262216975479646]],[[-73.214020161445973,5.3251182183689583],[-73.214287772245086,5.3251934318371932],[-73.214095381842057,5.3253863988935652],[-73.214020161445973,5.3251182183689583]]]},"properties":{"OBJECTID":156,"Id":156,"gridcode":2,"Shape_Length":17710.735021247754,"Shape_Area":1552026.2329704452,"Sensibilidad":"Baja"}},{"type":"Feature","id":157,"geometry":{"type":"Polygon","coordinates":[[[-73.207654827804589,5.3229205800200994],[-73.207825868555005,5.3232095504770758],[-73.208614417689162,5.3230189297840962],[-73.207654827804589,5.3229205800200994]]]},"properties":{"OBJECTID":157,"Id":157,"gridcode":4,"Shape_Length":233.79938088427792,"Shape_Area":1593.8179441107975,"Sensibilidad":"Alta"}},{"type":"Feature","id":158,"geometry":{"type":"Polygon","coordinates":[[[-73.228065264273937,5.322693382075891],[-73.227985620855804,5.3228335114241618],[-73.227124252728387,5.3230253801497165],[-73.228070576125532,5.3232132245573291],[-73.228364490049245,5.3228642422405557],[-73.228065264273937,5.322693382075891]]]},"properties":{"OBJECTID":158,"Id":158,"gridcode":3,"Shape_Length":310.99854919449785,"Shape_Area":3305.2501249877173,"Sensibilidad":"Moderada"}},{"type":"Feature","id":159,"geometry":{"type":"Polygon","coordinates":[[[-73.221042296185303,5.3226959413697124],[-73.220750402175824,5.3234245536296072],[-73.221355463522258,5.3229292673103092],[-73.221042296185303,5.3226959413697124]]]},"properties":{"OBJECTID":159,"Id":159,"gridcode":3,"Shape_Length":216.49537367355987,"Shape_Area":1812.9589964402198,"Sensibilidad":"Moderada"}},{"type":"Feature","id":160,"geometry":{"type":"Polygon","coordinates":[[[-73.216872407280576,5.3226974230795019],[-73.216774932601808,5.3230395976568179],[-73.216457908004514,5.3253026033612256],[-73.216585425040748,5.3263272203970233],[-73.216461563695987,5.3273281900592995],[-73.216657983453288,5.3276349164880674],[-73.217301615603404,5.3265719416102524],[-73.217065809078591,5.3246771893610019],[-73.217295790168222,5.3228185967841641],[-73.216872407280576,5.3226974230795019]]]},"properties":{"OBJECTID":160,"Id":160,"gridcode":4,"Shape_Length":1161.730498016308,"Shape_Area":33083.090761747153,"Sensibilidad":"Alta"}},{"type":"Feature","id":161,"geometry":{"type":"Polygon","coordinates":[[[-73.209849359304329,5.3224798731256691],[-73.209483258605545,5.3225741770244737],[-73.209101763757047,5.3238099800946044],[-73.210096880789791,5.3241095099247824],[-73.210288593983194,5.323359650188813],[-73.209925937992153,5.3235404944526792],[-73.209849359304329,5.3224798731256691]]]},"properties":{"OBJECTID":161,"Id":161,"gridcode":2,"Shape_Length":547.77678147665301,"Shape_Area":12626.698284369444,"Sensibilidad":"Baja"}},{"type":"Feature","id":162,"geometry":{"type":"Polygon","coordinates":[[[-73.204143193073193,5.3224817898888102],[-73.204237399963304,5.3232065864963891],[-73.204438429222421,5.3226375348188144],[-73.204143193073193,5.3224817898888102]]]},"properties":{"OBJECTID":162,"Id":162,"gridcode":3,"Shape_Length":184.41844034130153,"Shape_Area":1219.5979566575072,"Sensibilidad":"Moderada"}},{"type":"Feature","id":163,"geometry":{"type":"Polygon","coordinates":[[[-73.188122290631796,5.3233668170169048],[-73.189000164597672,5.32336654834815],[-73.188999895954623,5.3224866205065906],[-73.187902555049959,5.3224869560913159],[-73.18790262181659,5.3227069380679985],[-73.188048451730921,5.3230007757759061],[-73.188122290631796,5.3233668170169048]]]},"properties":{"OBJECTID":163,"Id":163,"gridcode":3,"Shape_Length":417.82757626562386,"Shape_Area":10736.599577642139,"Sensibilidad":"Moderada"}},{"type":"Feature","id":164,"geometry":{"type":"Polygon","coordinates":[[[-73.212043962723058,5.3222591401872537],[-73.212119181875607,5.322527321026195],[-73.21231157206627,5.3223343545800725],[-73.212043962723058,5.3222591401872537]]]},"properties":{"OBJECTID":164,"Id":164,"gridcode":2,"Shape_Length":91.708008480823224,"Shape_Area":404.52719595131487,"Sensibilidad":"Baja"}},{"type":"Feature","id":165,"geometry":{"type":"Polygon","coordinates":[[[-73.210288593983194,5.323359650188813],[-73.210545887822846,5.3223081390300306],[-73.209849359304329,5.3224798731256691],[-73.209925937992153,5.3235404944526792],[-73.210288593983194,5.323359650188813]]]},"properties":{"OBJECTID":165,"Id":165,"gridcode":3,"Shape_Length":361.43789678056464,"Shape_Area":6649.5655710568653,"Sensibilidad":"Moderada"}},{"type":"Feature","id":166,"geometry":{"type":"Polygon","coordinates":[[[-73.230479326861399,5.3224725024566668],[-73.231226977208408,5.3222798880167907],[-73.230844075887788,5.3219425539938721],[-73.230479326861399,5.3224725024566668]]]},"properties":{"OBJECTID":166,"Id":166,"gridcode":2,"Shape_Length":213.09846627207696,"Shape_Area":1994.5525520423519,"Sensibilidad":"Baja"}},{"type":"Feature","id":167,"geometry":{"type":"Polygon","coordinates":[[[-73.220822592996072,5.3220360754843599],[-73.220941940423515,5.3223153464432258],[-73.221327330628569,5.3221250588469164],[-73.220822592996072,5.3220360754843599]]]},"properties":{"OBJECTID":167,"Id":167,"gridcode":3,"Shape_Length":137.91212479045888,"Shape_Area":797.54175155315818,"Sensibilidad":"Moderada"}},{"type":"Feature","id":168,"geometry":{"type":"Polygon","coordinates":[[[-73.216433240835215,5.32203763263976],[-73.216508465185555,5.3223058128680876],[-73.216700847189458,5.3221128451105724],[-73.216433240835215,5.32203763263976]]]},"properties":{"OBJECTID":168,"Id":168,"gridcode":2,"Shape_Length":91.707227121934039,"Shape_Area":404.52015691590623,"Sensibilidad":"Baja"}},{"type":"Feature","id":169,"geometry":{"type":"Polygon","coordinates":[[[-73.214458031940538,5.3220383231604194],[-73.214197788031854,5.3223643027729937],[-73.213458476717207,5.322576456464148],[-73.212678460335084,5.3228772910273934],[-73.211736014273654,5.3242222022274763],[-73.211508373124957,5.325021263078626],[-73.210711261963652,5.3256615243288676],[-73.209841221620778,5.3258774243210691],[-73.209094356916779,5.3254377149639209],[-73.208322221147071,5.3251118994543933],[-73.207896553214553,5.3241003106394631],[-73.207290736152501,5.3241760479143823],[-73.207339828129733,5.3245705491031963],[-73.20731136646306,5.324800502962006],[-73.208409750468135,5.3256815209610471],[-73.209857545309021,5.3262174553713075],[-73.211052815111643,5.3258749023093213],[-73.211284966053228,5.3259037637743578],[-73.211717728772513,5.3256485816308716],[-73.212581134016602,5.3241166314030215],[-73.213218876871579,5.3232408983900639],[-73.214141313132984,5.323040518578404],[-73.214959806851098,5.322440792346673],[-73.214458031940538,5.3220383231604194]]]},"properties":{"OBJECTID":169,"Id":169,"gridcode":4,"Shape_Length":2305.0443769830845,"Shape_Area":63105.787940581904,"Sensibilidad":"Alta"}},{"type":"Feature","id":170,"geometry":{"type":"Polygon","coordinates":[[[-73.212043962723058,5.3222591401872537],[-73.2119687436399,5.3219909593341868],[-73.211776353440598,5.3221839256754837],[-73.212043962723058,5.3222591401872537]]]},"properties":{"OBJECTID":170,"Id":170,"gridcode":2,"Shape_Length":91.708008486302262,"Shape_Area":404.52719600046419,"Sensibilidad":"Baja"}},{"type":"Feature","id":171,"geometry":{"type":"Polygon","coordinates":[[[-73.205020919247076,5.3220415349368713],[-73.20510210005807,5.322685116406026],[-73.205533668606421,5.3223013186443584],[-73.205020919247076,5.3220415349368713]]]},"properties":{"OBJECTID":171,"Id":171,"gridcode":3,"Shape_Length":199.21064109620789,"Shape_Area":1890.1941767907604,"Sensibilidad":"Moderada"}},{"type":"Feature","id":172,"geometry":{"type":"Polygon","coordinates":[[[-73.224333994077199,5.3218148257763858],[-73.224066441565242,5.321890229582797],[-73.224258960723887,5.322083059599362],[-73.224333994077199,5.3218148257763858]]]},"properties":{"OBJECTID":172,"Id":172,"gridcode":4,"Shape_Length":91.707227123082447,"Shape_Area":404.52015692583166,"Sensibilidad":"Alta"}},{"type":"Feature","id":173,"geometry":{"type":"Polygon","coordinates":[[[-73.208532329625982,5.3218203750332602],[-73.208357707240054,5.3221727905459275],[-73.208699441059821,5.3223341820325807],[-73.209264491335489,5.3219126647971429],[-73.208532329625982,5.3218203750332602]]]},"properties":{"OBJECTID":173,"Id":173,"gridcode":4,"Shape_Length":245.05930801705549,"Shape_Area":3116.9029837524167,"Sensibilidad":"Alta"}},{"type":"Feature","id":174,"geometry":{"type":"Polygon","coordinates":[[[-73.19821734545755,5.3218237789120462],[-73.198292558625838,5.3220919616756994],[-73.198484953161739,5.3218989993821895],[-73.19821734545755,5.3218237789120462]]]},"properties":{"OBJECTID":174,"Id":174,"gridcode":2,"Shape_Length":91.708008481229967,"Shape_Area":404.52719595518931,"Sensibilidad":"Baja"}},{"type":"Feature","id":175,"geometry":{"type":"Polygon","coordinates":[[[-73.192291713282984,5.3218256562574151],[-73.192366923911408,5.3220938398385691],[-73.192559320362335,5.3219008793270488],[-73.192291713282984,5.3218256562574151]]]},"properties":{"OBJECTID":175,"Id":175,"gridcode":2,"Shape_Length":91.708008485081962,"Shape_Area":404.52719598884045,"Sensibilidad":"Baja"}},{"type":"Feature","id":176,"geometry":{"type":"Polygon","coordinates":[[[-73.223017110120722,5.3215953221921852],[-73.223143446452994,5.3223644632554183],[-73.223109495679083,5.3225953191910005],[-73.223282612770547,5.3227909626969758],[-73.223721497871352,5.321714998387991],[-73.223017110120722,5.3215953221921852]]]},"properties":{"OBJECTID":176,"Id":176,"gridcode":4,"Shape_Length":348.38169432988508,"Shape_Area":5569.4161066355528,"Sensibilidad":"Alta"}},{"type":"Feature","id":177,"geometry":{"type":"Polygon","coordinates":[[[-73.224553301970985,5.3213747829029101],[-73.224333834684259,5.3213748628218216],[-73.224333994077199,5.3218148257763858],[-73.224553461519861,5.3218147458508183],[-73.224553301970985,5.3213747829029101]]]},"properties":{"OBJECTID":177,"Id":177,"gridcode":4,"Shape_Length":145.84272092208266,"Shape_Area":1181.672180330916,"Sensibilidad":"Alta"}},{"type":"Feature","id":178,"geometry":{"type":"Polygon","coordinates":[[[-73.221480759653659,5.3213758946565131],[-73.221555986072758,5.3216440741876658],[-73.221748366241755,5.3214511049237148],[-73.221480759653659,5.3213758946565131]]]},"properties":{"OBJECTID":178,"Id":178,"gridcode":3,"Shape_Length":91.707227123561182,"Shape_Area":404.52015693140544,"Sensibilidad":"Moderada"}},{"type":"Feature","id":179,"geometry":{"type":"Polygon","coordinates":[[[-73.201509219230388,5.3213827477142512],[-73.200993947363074,5.321701214264305],[-73.201509362406355,5.3218227113243337],[-73.201509219230388,5.3213827477142512]]]},"properties":{"OBJECTID":179,"Id":179,"gridcode":2,"Shape_Length":174.30215467802012,"Shape_Area":1387.4586885397525,"Sensibilidad":"Baja"}},{"type":"Feature","id":180,"geometry":{"type":"Polygon","coordinates":[[[-73.224553301970985,5.3213747829029101],[-73.224820854194689,5.3212993788958292],[-73.224628335122375,5.3211065490469682],[-73.224553301970985,5.3213747829029101]]]},"properties":{"OBJECTID":180,"Id":180,"gridcode":4,"Shape_Length":91.707227125857997,"Shape_Area":404.52015695125635,"Sensibilidad":"Alta"}},{"type":"Feature","id":181,"geometry":{"type":"Polygon","coordinates":[[[-73.201509362406355,5.3218227113243337],[-73.202702200828412,5.3214893482611823],[-73.202285049895465,5.3212547425980894],[-73.201509219230388,5.3213827477142512],[-73.201509362406355,5.3218227113243337]]]},"properties":{"OBJECTID":181,"Id":181,"gridcode":3,"Shape_Length":325.82655053645954,"Shape_Area":4652.0553618766671,"Sensibilidad":"Moderada"}},{"type":"Feature","id":182,"geometry":{"type":"Polygon","coordinates":[[[-73.226967280653113,5.3209339357565204],[-73.226669944250247,5.321676150332646],[-73.227499976462468,5.3213308160565607],[-73.226967280653113,5.3209339357565204]]]},"properties":{"OBJECTID":182,"Id":182,"gridcode":3,"Shape_Length":261.42369960830086,"Shape_Area":3141.3876672934089,"Sensibilidad":"Moderada"}},{"type":"Feature","id":183,"geometry":{"type":"Polygon","coordinates":[[[-73.206117892108765,5.3209412601868484],[-73.206223402337429,5.3214320954673511],[-73.206634627322899,5.3212249410577677],[-73.206117892108765,5.3209412601868484]]]},"properties":{"OBJECTID":183,"Id":183,"gridcode":3,"Shape_Length":171.70648051230276,"Shape_Area":1368.8231356465312,"Sensibilidad":"Moderada"}},{"type":"Feature","id":184,"geometry":{"type":"Polygon","coordinates":[[[-73.212043435421549,5.3207192685747415],[-73.212131512774221,5.3212191531671307],[-73.212328715118531,5.3208415204191777],[-73.212043435421549,5.3207192685747415]]]},"properties":{"OBJECTID":184,"Id":184,"gridcode":3,"Shape_Length":137.55028861456958,"Shape_Area":806.72521964318992,"Sensibilidad":"Moderada"}},{"type":"Feature","id":185,"geometry":{"type":"Polygon","coordinates":[[[-73.209190361080744,5.3207202433978562],[-73.209593995708985,5.3212440280592528],[-73.209944414796723,5.3208483740460961],[-73.209190361080744,5.3207202433978562]]]},"properties":{"OBJECTID":185,"Id":185,"gridcode":4,"Shape_Length":216.29771528465403,"Shape_Area":2100.309057032086,"Sensibilidad":"Alta"}},{"type":"Feature","id":186,"geometry":{"type":"Polygon","coordinates":[[[-73.203264743467741,5.3207222258369979],[-73.203264887873004,5.3211621894085965],[-73.203964284193788,5.3210735541229734],[-73.203264743467741,5.3207222258369979]]]},"properties":{"OBJECTID":186,"Id":186,"gridcode":2,"Shape_Length":213.35170791203316,"Shape_Area":1882.9474508308995,"Sensibilidad":"Baja"}},{"type":"Feature","id":187,"geometry":{"type":"Polygon","coordinates":[[[-73.192291371737582,5.3207257466083622],[-73.19237968302852,5.3214259800512123],[-73.192692001508846,5.3208066847980406],[-73.192291371737582,5.3207257466083622]]]},"properties":{"OBJECTID":187,"Id":187,"gridcode":2,"Shape_Length":199.9283428297112,"Shape_Area":1672.8496964257147,"Sensibilidad":"Baja"}},{"type":"Feature","id":188,"geometry":{"type":"Polygon","coordinates":[[[-73.210287622735834,5.3204998883384],[-73.210393136152646,5.3209907227855044],[-73.21080435934725,5.3207835656573419],[-73.210287622735834,5.3204998883384]]]},"properties":{"OBJECTID":188,"Id":188,"gridcode":4,"Shape_Length":171.70648050597185,"Shape_Area":1368.8231355466799,"Sensibilidad":"Alta"}},{"type":"Feature","id":189,"geometry":{"type":"Polygon","coordinates":[[[-73.205020409431043,5.3205016626219956],[-73.205095625332007,5.3207698444611724],[-73.205288017272522,5.3205768801319513],[-73.205020409431043,5.3205016626219956]]]},"properties":{"OBJECTID":189,"Id":189,"gridcode":3,"Shape_Length":91.708008487522676,"Shape_Area":404.52719601208855,"Sensibilidad":"Moderada"}},{"type":"Feature","id":190,"geometry":{"type":"Polygon","coordinates":[[[-73.203264743467741,5.3207222258369979],[-73.203189528357626,5.3204540437432986],[-73.202997135774908,5.3206470074420169],[-73.203264743467741,5.3207222258369979]]]},"properties":{"OBJECTID":190,"Id":190,"gridcode":2,"Shape_Length":91.708008490633063,"Shape_Area":404.52719603968944,"Sensibilidad":"Baja"}},{"type":"Feature","id":191,"geometry":{"type":"Polygon","coordinates":[[[-73.196241716703085,5.3205045197511707],[-73.196316928843331,5.3207727028050824],[-73.196509323623005,5.3205797411123568],[-73.196241716703085,5.3205045197511707]]]},"properties":{"OBJECTID":191,"Id":191,"gridcode":3,"Shape_Length":91.708008487522676,"Shape_Area":404.52719601208855,"Sensibilidad":"Moderada"}},{"type":"Feature","id":192,"geometry":{"type":"Polygon","coordinates":[[[-73.231575842076566,5.3202722773796358],[-73.231356375288257,5.3202723597820674],[-73.231356457460677,5.3204923411600733],[-73.231575924326947,5.3204922587542089],[-73.231575842076566,5.3202722773796358]]]},"properties":{"OBJECTID":192,"Id":192,"gridcode":2,"Shape_Length":97.228480622172356,"Shape_Area":590.83609025600913,"Sensibilidad":"Baja"}},{"type":"Feature","id":193,"geometry":{"type":"Polygon","coordinates":[[[-73.228283839891461,5.320273505212632],[-73.228359069067565,5.3205416838039801],[-73.228551446699186,5.3203487125141828],[-73.228283839891461,5.320273505212632]]]},"properties":{"OBJECTID":193,"Id":193,"gridcode":3,"Shape_Length":91.707227127078355,"Shape_Area":404.52015696288072,"Sensibilidad":"Moderada"}},{"type":"Feature","id":194,"geometry":{"type":"Polygon","coordinates":[[[-73.225211303828175,5.3202746353299055],[-73.225286531689989,5.3205428143530051],[-73.225478910320021,5.3203498439811572],[-73.225211303828175,5.3202746353299055]]]},"properties":{"OBJECTID":194,"Id":194,"gridcode":4,"Shape_Length":91.707227124302804,"Shape_Area":404.52015693745608,"Sensibilidad":"Alta"}},{"type":"Feature","id":195,"geometry":{"type":"Polygon","coordinates":[[[-73.230479326861399,5.3224725024566668],[-73.230603601220182,5.3227962098759072],[-73.230549903925748,5.3232302431125609],[-73.231319634537869,5.3229228950144654],[-73.231698336699765,5.3219342596968868],[-73.231904609596512,5.320976914297602],[-73.23235898874384,5.3206119173231556],[-73.232330367369769,5.3203819841817115],[-73.232382427296542,5.3199611648833454],[-73.231575842076566,5.3202722773796358],[-73.231575924326947,5.3204922587542089],[-73.231356457460677,5.3204923411600733],[-73.231266950905876,5.3208424884357566],[-73.230401718121797,5.3211673669446489],[-73.230983518420857,5.3215696853606635],[-73.229690882597112,5.3219027017125589],[-73.229072825583032,5.3223159390352182],[-73.229883155950276,5.3226195131312064],[-73.230479326861399,5.3224725024566668],[-73.230844075887788,5.3219425539938721],[-73.231226977208408,5.3222798880167907],[-73.230479326861399,5.3224725024566668]]]},"properties":{"OBJECTID":195,"Id":195,"gridcode":3,"Shape_Length":1512.5083025220063,"Shape_Area":43821.420649081563,"Sensibilidad":"Moderada"}},{"type":"Feature","id":196,"geometry":{"type":"Polygon","coordinates":[[[-73.231575842076566,5.3202722773796358],[-73.231502060352668,5.3201262236872164],[-73.231026124471995,5.3199786022103828],[-73.230843891770959,5.3207479626323755],[-73.231356457460677,5.3204923411600733],[-73.231356375288257,5.3202723597820674],[-73.231575842076566,5.3202722773796358]]]},"properties":{"OBJECTID":196,"Id":196,"gridcode":3,"Shape_Length":272.66448732081102,"Shape_Area":3325.7367639623844,"Sensibilidad":"Moderada"}},{"type":"Feature","id":197,"geometry":{"type":"Polygon","coordinates":[[[-73.190974363150929,5.3200662101147014],[-73.191124739651144,5.3205927644940667],[-73.191510942842186,5.3202198054750225],[-73.190974363150929,5.3200662101147014]]]},"properties":{"OBJECTID":197,"Id":197,"gridcode":2,"Shape_Length":181.72004190361949,"Shape_Area":1587.5193972821392,"Sensibilidad":"Baja"}},{"type":"Feature","id":198,"geometry":{"type":"Polygon","coordinates":[[[-73.214237803264979,5.319838583181145],[-73.214313023021049,5.3201067637470407],[-73.214505411778845,5.3199137966586267],[-73.214237803264979,5.319838583181145]]]},"properties":{"OBJECTID":198,"Id":198,"gridcode":2,"Shape_Length":91.708008486709076,"Shape_Area":404.52719600433898,"Sensibilidad":"Baja"}},{"type":"Feature","id":199,"geometry":{"type":"Polygon","coordinates":[[[-73.234867593247756,5.3196110879898146],[-73.234942825146703,5.3198792656626894],[-73.235135200441078,5.3196862924127695],[-73.234867593247756,5.3196110879898146]]]},"properties":{"OBJECTID":199,"Id":199,"gridcode":4,"Shape_Length":91.707227128154813,"Shape_Area":404.52015697110716,"Sensibilidad":"Alta"}},{"type":"Feature","id":200,"geometry":{"type":"Polygon","coordinates":[[[-73.228064130062535,5.3196136421467157],[-73.227628153471358,5.3199044489452012],[-73.227318575077746,5.3209568027194232],[-73.22796234585816,5.3207939671340521],[-73.228064130062535,5.3196136421467157]]]},"properties":{"OBJECTID":200,"Id":200,"gridcode":3,"Shape_Length":383.67603697900398,"Shape_Area":6804.7104992884506,"Sensibilidad":"Moderada"}},{"type":"Feature","id":201,"geometry":{"type":"Polygon","coordinates":[[[-73.205459052061116,5.3196215894366716],[-73.205257156211701,5.3201368748068392],[-73.20577420820905,5.3198652497014018],[-73.205459052061116,5.3196215894366716]]]},"properties":{"OBJECTID":201,"Id":201,"gridcode":3,"Shape_Length":169.90752322901449,"Shape_Area":1294.7169328778116,"Sensibilidad":"Moderada"}},{"type":"Feature","id":202,"geometry":{"type":"Polygon","coordinates":[[[-73.20238651460123,5.3196226056707783],[-73.201540607043015,5.3197240993853123],[-73.200730952738283,5.3208158274150783],[-73.199458416407325,5.3210358464088223],[-73.199220529152328,5.3201574358829067],[-73.19909465093771,5.320063641202383],[-73.198917962348304,5.3205463955816574],[-73.198999563686442,5.3215602927720242],[-73.20071575058833,5.3210889030890467],[-73.202147018990573,5.3199014293781595],[-73.20238651460123,5.3196226056707783]]]},"properties":{"OBJECTID":202,"Id":202,"gridcode":4,"Shape_Length":1118.3659586089566,"Shape_Area":20569.218473798781,"Sensibilidad":"Alta"}},{"type":"Feature","id":203,"geometry":{"type":"Polygon","coordinates":[[[-73.198655575463576,5.3196238190847325],[-73.19880312364441,5.3199159349573319],[-73.19909465093771,5.320063641202383],[-73.199094509524471,5.3196236775019443],[-73.198655575463576,5.3196238190847325]]]},"properties":{"OBJECTID":203,"Id":203,"gridcode":4,"Shape_Length":169.5858746072289,"Shape_Area":1569.4083647980574,"Sensibilidad":"Alta"}},{"type":"Feature","id":204,"geometry":{"type":"Polygon","coordinates":[[[-73.228064130062535,5.3196136421467157],[-73.228331681042434,5.3195382366622361],[-73.228139161494283,5.3193454079221043],[-73.228064130062535,5.3196136421467157]]]},"properties":{"OBJECTID":204,"Id":204,"gridcode":3,"Shape_Length":91.707227119302388,"Shape_Area":404.52015689387952,"Sensibilidad":"Moderada"}},{"type":"Feature","id":205,"geometry":{"type":"Polygon","coordinates":[[[-73.224333117581409,5.3193950294485948],[-73.223832424889991,5.3196703578369684],[-73.224222168591055,5.3199129205940094],[-73.224333117581409,5.3193950294485948]]]},"properties":{"OBJECTID":205,"Id":205,"gridcode":4,"Shape_Length":172.59112328314288,"Shape_Area":1399.7691172958996,"Sensibilidad":"Alta"}},{"type":"Feature","id":206,"geometry":{"type":"Polygon","coordinates":[[[-73.208092581223539,5.3194007244631987],[-73.208167798288002,5.31966890589052],[-73.208360188905587,5.3194759406462442],[-73.208092581223539,5.3194007244631987]]]},"properties":{"OBJECTID":206,"Id":206,"gridcode":3,"Shape_Length":91.708008481780652,"Shape_Area":404.52719596246004,"Sensibilidad":"Moderada"}},{"type":"Feature","id":207,"geometry":{"type":"Polygon","coordinates":[[[-73.20238651460123,5.3196226056707783],[-73.203331639077064,5.3199465157989287],[-73.203810833242329,5.3195617468855003],[-73.202700591798035,5.3192947300397275],[-73.20238651460123,5.3196226056707783]]]},"properties":{"OBJECTID":207,"Id":207,"gridcode":4,"Shape_Length":355.31007651820619,"Shape_Area":5915.5838832474219,"Sensibilidad":"Alta"}},{"type":"Feature","id":208,"geometry":{"type":"Polygon","coordinates":[[[-73.198655575463576,5.3196238190847325],[-73.198506777912698,5.3193408722802271],[-73.197921427401567,5.3195284374547267],[-73.198655575463576,5.3196238190847325]]]},"properties":{"OBJECTID":208,"Id":208,"gridcode":4,"Shape_Length":185.39581471284316,"Shape_Area":1184.2255371173342,"Sensibilidad":"Alta"}},{"type":"Feature","id":209,"geometry":{"type":"Polygon","coordinates":[[[-73.224333117581409,5.3193950294485948],[-73.224600668990846,5.3193196255672364],[-73.224408150625493,5.3191267956083692],[-73.224333117581409,5.3193950294485948]]]},"properties":{"OBJECTID":209,"Id":209,"gridcode":4,"Shape_Length":91.707227124230855,"Shape_Area":404.52015693575709,"Sensibilidad":"Alta"}},{"type":"Feature","id":210,"geometry":{"type":"Polygon","coordinates":[[[-73.211603974886557,5.3191795476738335],[-73.211754368490048,5.3197060963793099],[-73.212140558238161,5.3193331249192699],[-73.211603974886557,5.3191795476738335]]]},"properties":{"OBJECTID":210,"Id":210,"gridcode":4,"Shape_Length":181.72004189671074,"Shape_Area":1587.5193971640747,"Sensibilidad":"Alta"}},{"type":"Feature","id":211,"geometry":{"type":"Polygon","coordinates":[[[-73.237062005534654,5.3189503041667416],[-73.236842539301193,5.3189503885013574],[-73.236842623401145,5.3191703698021406],[-73.237062089712538,5.3191702854640157],[-73.237062005534654,5.3189503041667416]]]},"properties":{"OBJECTID":211,"Id":211,"gridcode":3,"Shape_Length":97.22848061658442,"Shape_Area":590.8360901880958,"Sensibilidad":"Moderada"}},{"type":"Feature","id":212,"geometry":{"type":"Polygon","coordinates":[[[-73.224771891117328,5.3189549066166633],[-73.224847118606775,5.3192230857196456],[-73.22503949698698,5.3190301154882835],[-73.224771891117328,5.3189549066166633]]]},"properties":{"OBJECTID":212,"Id":212,"gridcode":2,"Shape_Length":91.707227119637224,"Shape_Area":404.52015689605537,"Sensibilidad":"Baja"}},{"type":"Feature","id":213,"geometry":{"type":"Polygon","coordinates":[[[-73.222357997127816,5.3196157264564192],[-73.223111841683973,5.3191797170677786],[-73.222586533259104,5.3188538887326722],[-73.222357997127816,5.3196157264564192]]]},"properties":{"OBJECTID":213,"Id":213,"gridcode":3,"Shape_Length":252.71777608648637,"Shape_Area":2904.4784101493756,"Sensibilidad":"Moderada"}},{"type":"Feature","id":214,"geometry":{"type":"Polygon","coordinates":[[[-73.200850031681156,5.3189631625547271],[-73.200969372957019,5.3192424377880991],[-73.201354764568975,5.3190521624930307],[-73.200850031681156,5.3189631625547271]]]},"properties":{"OBJECTID":214,"Id":214,"gridcode":2,"Shape_Length":137.91193792711562,"Shape_Area":797.53992433264182,"Sensibilidad":"Baja"}},{"type":"Feature","id":215,"geometry":{"type":"Polygon","coordinates":[[[-73.218846218744062,5.3187370565543279],[-73.218578666779138,5.3188124579588791],[-73.218771183303858,5.3190052898195965],[-73.218846218744062,5.3187370565543279]]]},"properties":{"OBJECTID":215,"Id":215,"gridcode":3,"Shape_Length":91.707227120857581,"Shape_Area":404.52015690767973,"Sensibilidad":"Moderada"}},{"type":"Feature","id":216,"geometry":{"type":"Polygon","coordinates":[[[-73.200630493671056,5.3187432521646727],[-73.200630564909801,5.3189632340012283],[-73.200850031681156,5.3189631625547271],[-73.200849960364479,5.3187431807211469],[-73.200630493671056,5.3187432521646727]]]},"properties":{"OBJECTID":216,"Id":216,"gridcode":2,"Shape_Length":97.228480622172356,"Shape_Area":590.83609025600913,"Sensibilidad":"Baja"}},{"type":"Feature","id":217,"geometry":{"type":"Polygon","coordinates":[[[-73.232453048822606,5.3185120960454926],[-73.232727740854315,5.3190139592737662],[-73.232969728267662,5.3186232965260949],[-73.232453048822606,5.3185120960454926]]]},"properties":{"OBJECTID":217,"Id":217,"gridcode":2,"Shape_Length":172.59123306223782,"Shape_Area":1399.7707951385185,"Sensibilidad":"Baja"}},{"type":"Feature","id":218,"geometry":{"type":"Polygon","coordinates":[[[-73.217090410075159,5.3185176955473352],[-73.216822857959087,5.3185930961955199],[-73.217015373888728,5.3187859286309633],[-73.217090410075159,5.3185176955473352]]]},"properties":{"OBJECTID":218,"Id":218,"gridcode":4,"Shape_Length":91.70722711537843,"Shape_Area":404.52015685852939,"Sensibilidad":"Alta"}},{"type":"Feature","id":219,"geometry":{"type":"Polygon","coordinates":[[[-73.217090410075159,5.3185176955473352],[-73.217357962121753,5.3184422947855348],[-73.217165446200994,5.3182494624548715],[-73.217090410075159,5.3185176955473352]]]},"properties":{"OBJECTID":219,"Id":219,"gridcode":4,"Shape_Length":91.707227124230855,"Shape_Area":404.52015693575709,"Sensibilidad":"Alta"}},{"type":"Feature","id":220,"geometry":{"type":"Polygon","coordinates":[[[-73.204361281932322,5.3183020634262634],[-73.203920539724962,5.3189710599809716],[-73.204148182916697,5.3192719105493014],[-73.204456479533278,5.3188240237754245],[-73.204746942145405,5.3188891908617526],[-73.205109360983386,5.3184199844696858],[-73.204361281932322,5.3183020634262634]]]},"properties":{"OBJECTID":220,"Id":220,"gridcode":4,"Shape_Length":372.83971034526439,"Shape_Area":6287.8591909819943,"Sensibilidad":"Alta"}},{"type":"Feature","id":221,"geometry":{"type":"Polygon","coordinates":[[[-73.237939532510325,5.3180700408986672],[-73.238058886671993,5.3183493082790587],[-73.238444268742128,5.3181590102919145],[-73.237939532510325,5.3180700408986672]]]},"properties":{"OBJECTID":221,"Id":221,"gridcode":4,"Shape_Length":137.91212479145725,"Shape_Area":797.54175157775865,"Sensibilidad":"Alta"}},{"type":"Feature","id":222,"geometry":{"type":"Polygon","coordinates":[[[-73.234208611600764,5.3180714690380793],[-73.234391579674764,5.3195332606080328],[-73.234796463063745,5.3194826242290665],[-73.234744001918557,5.3190611816482178],[-73.234843945079774,5.318253285383153],[-73.234208611600764,5.3180714690380793]]]},"properties":{"OBJECTID":222,"Id":222,"gridcode":4,"Shape_Length":418.04020795204735,"Shape_Area":7993.2427095913499,"Sensibilidad":"Alta"}},{"type":"Feature","id":223,"geometry":{"type":"Polygon","coordinates":[[[-73.229599825557571,5.3180732020498258],[-73.229423657003807,5.318428773831271],[-73.229882141379917,5.3185869597916362],[-73.23011252302237,5.3181767482482876],[-73.229599825557571,5.3180732020498258]]]},"properties":{"OBJECTID":223,"Id":223,"gridcode":2,"Shape_Length":207.5119491392191,"Shape_Area":2600.9667380777864,"Sensibilidad":"Baja"}},{"type":"Feature","id":224,"geometry":{"type":"Polygon","coordinates":[[[-73.229160893474344,5.3180733653023475],[-73.228823571009201,5.3181753011246968],[-73.227533176666498,5.3191890222585387],[-73.227304282016249,5.3199520751188061],[-73.225973325502991,5.3215660830937805],[-73.22503216115615,5.3223794385791594],[-73.224671724889561,5.3228304757663309],[-73.22510799209617,5.3227951791172377],[-73.225533325315041,5.32297116049007],[-73.224566531586589,5.323263307290846],[-73.224099843826949,5.3232258911083461],[-73.223714815213086,5.3240916258099071],[-73.22408870255299,5.3243365220981707],[-73.224554179655371,5.3237945790389887],[-73.224286571752472,5.323719370052836],[-73.2244789516526,5.3235263999579958],[-73.224554179655371,5.3237945790389887],[-73.22485841587617,5.3240049636582576],[-73.224026130438716,5.3252447925535709],[-73.223766534144431,5.3254245852407012],[-73.223587431574771,5.325904896434082],[-73.223108524564168,5.3265247305874528],[-73.222771630965312,5.3278425479285527],[-73.222580469845113,5.3279749438139126],[-73.222517299665043,5.3286888751472095],[-73.222109444908071,5.3285521952870383],[-73.222365311579495,5.3283049938042621],[-73.222094041646585,5.3280432863720764],[-73.222580469845113,5.3279749438139126],[-73.222484581732502,5.3271908815465068],[-73.222315044955536,5.3269992847134651],[-73.221721114962705,5.3284553305872402],[-73.221828975128702,5.3291851132877968],[-73.221785272091736,5.3294822933633119],[-73.221141411602432,5.3293871609189685],[-73.220777364618115,5.3306993512256708],[-73.221264675238544,5.3308351776076428],[-73.221339710808564,5.3305669441266765],[-73.221532231965767,5.3307597748640756],[-73.221264675238544,5.3308351776076428],[-73.220835403685896,5.3314867932066301],[-73.220985618830454,5.3321573008018888],[-73.221667841322869,5.3320037486936558],[-73.221923640219416,5.3323748105710767],[-73.223118468755132,5.3320322382890479],[-73.223679250685962,5.3319342117655033],[-73.223679171068454,5.3317142303512224],[-73.223898642033078,5.3317141505110595],[-73.224085148579249,5.3305735557251577],[-73.223522220324128,5.3302334808615823],[-73.22289645240815,5.3304904547156298],[-73.222337469291119,5.3308286985500333],[-73.222004823195618,5.3302764037101813],[-73.222727057480498,5.3299798158982661],[-73.222647200402207,5.3294394986868987],[-73.222924165033717,5.3289788978108401],[-73.223115049783772,5.3280705793228718],[-73.223362707770136,5.3278788314560463],[-73.223592877245807,5.3273145527825694],[-73.224459043630034,5.3274425279603808],[-73.22465798917645,5.3264958337315154],[-73.225404425542933,5.3255257968724772],[-73.225652081795346,5.3253340481419684],[-73.225761629585691,5.3248226910734653],[-73.225871550465826,5.3253339676940357],[-73.226307349486518,5.3251127890606806],[-73.226146807056537,5.3247835941677879],[-73.226310166001767,5.3244538808685427],[-73.226042557629199,5.3243786726679252],[-73.22623493715497,5.3241857020433621],[-73.226310166001767,5.3244538808685427],[-73.226796590789107,5.3243855351107872],[-73.226482591570488,5.3240826088616418],[-73.227318488771829,5.3239595818423799],[-73.227407426879253,5.324233495330029],[-73.227626895132659,5.324233414273297],[-73.227626976041009,5.3244533956808207],[-73.228132032117244,5.3242541678753277],[-73.228509819385252,5.3247443824087748],[-73.229382885645066,5.3248927071413892],[-73.229382804105839,5.3246727257640591],[-73.229602272484627,5.3246726439968546],[-73.229677303761093,5.3244044096311063],[-73.229869825408258,5.324597237770754],[-73.229602272484627,5.3246726439968546],[-73.229602354101885,5.3248926253707802],[-73.229382885645066,5.3248927071413892],[-73.228967141717021,5.3255238113175531],[-73.229163824542155,5.3259926957138477],[-73.229287652163421,5.3258968206268511],[-73.229574331067923,5.3255242566102448],[-73.230147465053349,5.3250804983716007],[-73.230427094977074,5.3240725077277151],[-73.231481352767503,5.3232562234327867],[-73.231998345874842,5.3223890433392276],[-73.233461683914641,5.321853259540803],[-73.234209859230006,5.3213711891067055],[-73.233668797254126,5.3203615565923954],[-73.232795209124006,5.3206985154179733],[-73.233011978413913,5.3200882483391592],[-73.233614629430988,5.3196041458221766],[-73.232555341793841,5.3197366203774639],[-73.232136355316371,5.3194899638141413],[-73.231234137505282,5.3192946571333382],[-73.230991010721013,5.3187169311498375],[-73.230453811056009,5.3191484549922778],[-73.230139097383784,5.3195426852397816],[-73.229710083662354,5.3194893586799754],[-73.228857402853194,5.3195959909624113],[-73.228748767160198,5.3187232097990478],[-73.229160893474344,5.3180733653023475]],[[-73.228064130062535,5.3196136421467157],[-73.22796234585816,5.3207939671340521],[-73.227318575077746,5.3209568027194232],[-73.227628153471358,5.3199044489452012],[-73.228064130062535,5.3196136421467157],[-73.228139161494283,5.3193454079221043],[-73.228331681042434,5.3195382366622361],[-73.228064130062535,5.3196136421467157]],[[-73.231575842076566,5.3202722773796358],[-73.232382427296542,5.3199611648833454],[-73.232330367369769,5.3203819841817115],[-73.23235898874384,5.3206119173231556],[-73.231904609596512,5.320976914297602],[-73.231698336699765,5.3219342596968868],[-73.231319634537869,5.3229228950144654],[-73.230549903925748,5.3232302431125609],[-73.230603601220182,5.3227962098759072],[-73.230479326861399,5.3224725024566668],[-73.229883155950276,5.3226195131312064],[-73.229072825583032,5.3223159390352182],[-73.229690882597112,5.3219027017125589],[-73.230983518420857,5.3215696853606635],[-73.230401718121797,5.3211673669446489],[-73.231266950905876,5.3208424884357566],[-73.231356457460677,5.3204923411600733],[-73.230843891770959,5.3207479626323755],[-73.231026124471995,5.3199786022103828],[-73.231502060352668,5.3201262236872164],[-73.231575842076566,5.3202722773796358]],[[-73.228283839891461,5.320273505212632],[-73.228551446699186,5.3203487125141828],[-73.228359069067565,5.3205416838039801],[-73.228283839891461,5.320273505212632]],[[-73.221483909477612,5.3301751542719549],[-73.221751519916268,5.3302503643576928],[-73.221559137126121,5.3304433336817016],[-73.221483909477612,5.3301751542719549]],[[-73.229382151914962,5.3229128746889565],[-73.229649759990082,5.3229880814523254],[-73.229457381930743,5.3231810530890273],[-73.229382151914962,5.3229128746889565]],[[-73.228065264273937,5.322693382075891],[-73.228364490049245,5.3228642422405557],[-73.228070576125532,5.3232132245573291],[-73.227124252728387,5.3230253801497165],[-73.227985620855804,5.3228335114241618],[-73.228065264273937,5.322693382075891]],[[-73.226967280653113,5.3209339357565204],[-73.227499976462468,5.3213308160565607],[-73.226669944250247,5.321676150332646],[-73.226967280653113,5.3209339357565204]]]},"properties":{"OBJECTID":224,"Id":224,"gridcode":2,"Shape_Length":10625.154494581535,"Shape_Area":543875.84541202174,"Sensibilidad":"Baja"}},{"type":"Feature","id":225,"geometry":{"type":"Polygon","coordinates":[[[-73.199094014671545,5.3180838045011631],[-73.199169227700963,5.3183519871931049],[-73.19936162083529,5.3181590246563601],[-73.199094014671545,5.3180838045011631]]]},"properties":{"OBJECTID":225,"Id":225,"gridcode":3,"Shape_Length":91.708008489819505,"Shape_Area":404.52719603194015,"Sensibilidad":"Moderada"}},{"type":"Feature","id":226,"geometry":{"type":"Polygon","coordinates":[[[-73.229160893474344,5.3180733653023475],[-73.229428443643187,5.3179979593726197],[-73.22923592426757,5.3178051309593766],[-73.229160893474344,5.3180733653023475]]]},"properties":{"OBJECTID":226,"Id":226,"gridcode":2,"Shape_Length":91.707227121934039,"Shape_Area":404.52015691590623,"Sensibilidad":"Baja"}},{"type":"Feature","id":227,"geometry":{"type":"Polygon","coordinates":[[[-73.216212314229224,5.3178580590929228],[-73.216330278072988,5.3183743751019481],[-73.21695243311963,5.3179628657983562],[-73.216212314229224,5.3178580590929228]]]},"properties":{"OBJECTID":227,"Id":227,"gridcode":2,"Shape_Length":223.87163116094706,"Shape_Area":2262.6465437058705,"Sensibilidad":"Baja"}},{"type":"Feature","id":228,"geometry":{"type":"Polygon","coordinates":[[[-73.190754218523509,5.3178664583992488],[-73.190534752007679,5.3178665262385527],[-73.190534819650495,5.318086508214539],[-73.190754286244243,5.3180864403724097],[-73.190754218523509,5.3178664583992488]]]},"properties":{"OBJECTID":228,"Id":228,"gridcode":2,"Shape_Length":97.228480622172356,"Shape_Area":590.83609025600913,"Sensibilidad":"Baja"}},{"type":"Feature","id":229,"geometry":{"type":"Polygon","coordinates":[[[-73.226088207984844,5.3176345363686162],[-73.226176296047868,5.318134418554898],[-73.226373488740833,5.3177567816713323],[-73.226088207984844,5.3176345363686162]]]},"properties":{"OBJECTID":229,"Id":229,"gridcode":2,"Shape_Length":137.55028862495351,"Shape_Area":806.72521974587983,"Sensibilidad":"Baja"}},{"type":"Feature","id":230,"geometry":{"type":"Polygon","coordinates":[[[-73.194704546199347,5.3176452420141542],[-73.194801641900241,5.3185426625547771],[-73.195229499255021,5.3187819626932535],[-73.194955602172286,5.3178062302680082],[-73.194704546199347,5.3176452420141542]]]},"properties":{"OBJECTID":230,"Id":230,"gridcode":1,"Shape_Length":299.01825201252598,"Shape_Area":3436.4522885477613,"Sensibilidad":"Muy Baja"}},{"type":"Feature","id":231,"geometry":{"type":"Polygon","coordinates":[[[-73.237280882072909,5.3174103506538009],[-73.237356114694023,5.3176785280167431],[-73.237548488550388,5.3174855540640937],[-73.237280882072909,5.3174103506538009]]]},"properties":{"OBJECTID":231,"Id":231,"gridcode":2,"Shape_Length":91.707227125857997,"Shape_Area":404.52015695125635,"Sensibilidad":"Baja"}},{"type":"Feature","id":232,"geometry":{"type":"Polygon","coordinates":[[[-73.216870558728274,5.3174178646966901],[-73.216945782623498,5.3176860449268988],[-73.21713816310924,5.3174930770682014],[-73.216870558728274,5.3174178646966901]]]},"properties":{"OBJECTID":232,"Id":232,"gridcode":2,"Shape_Length":91.707227122412775,"Shape_Area":404.52015692147995,"Sensibilidad":"Baja"}},{"type":"Feature","id":233,"geometry":{"type":"Polygon","coordinates":[[[-73.206336187194879,5.3174214786658505],[-73.205601752466393,5.3175467862018051],[-73.205923774505223,5.31795740925104],[-73.206336187194879,5.3174214786658505]]]},"properties":{"OBJECTID":233,"Id":233,"gridcode":4,"Shape_Length":215.01249564199699,"Shape_Area":2092.265318122882,"Sensibilidad":"Alta"}},{"type":"Feature","id":234,"geometry":{"type":"Polygon","coordinates":[[[-73.22806323936355,5.3171938462725983],[-73.228138468014322,5.3174620249377424],[-73.228330844802358,5.3172690537357257],[-73.22806323936355,5.3171938462725983]]]},"properties":{"OBJECTID":234,"Id":234,"gridcode":4,"Shape_Length":91.707227125523161,"Shape_Area":404.5201569490805,"Sensibilidad":"Alta"}},{"type":"Feature","id":235,"geometry":{"type":"Polygon","coordinates":[[[-73.19316814429348,5.3172057611774823],[-73.192563903000263,5.318070799891764],[-73.19145177471961,5.3188499748585887],[-73.191516344203308,5.318409990848342],[-73.191949698546779,5.3176100516418812],[-73.190754218523509,5.3178664583992488],[-73.190754286244243,5.3180864403724097],[-73.190534819650495,5.318086508214539],[-73.190315353053904,5.3180865759785743],[-73.190315420621658,5.3183065579558084],[-73.190545131154934,5.3189050212493623],[-73.190140018061939,5.3195963024919051],[-73.188889160216362,5.3201250771313839],[-73.188682320884723,5.3208165517992274],[-73.189877258479797,5.3215435459548281],[-73.190860222569555,5.3212618704480183],[-73.191194286078215,5.3213034146520926],[-73.191511423135154,5.3217729210843396],[-73.190595594622877,5.3221600682667525],[-73.191535878092139,5.3223636786234616],[-73.19228334318197,5.3226513967583218],[-73.192840618562514,5.322581739792227],[-73.1932795719583,5.3226363275389659],[-73.193790313821552,5.3225724879735719],[-73.193484439207737,5.3215000932983578],[-73.193512264575688,5.3212753193903186],[-73.193443904446468,5.3207258676833611],[-73.192346286714354,5.319845407238164],[-73.192434567347178,5.3191321938455101],[-73.194074980952237,5.3188455212546728],[-73.193607076786222,5.3172056235636758],[-73.19316814429348,5.3172057611774823]],[[-73.192291713282984,5.3218256562574151],[-73.192559320362335,5.3219008793270488],[-73.192366923911408,5.3220938398385691],[-73.192291713282984,5.3218256562574151]],[[-73.192291371737582,5.3207257466083622],[-73.192692001508846,5.3208066847980406],[-73.19237968302852,5.3214259800512123],[-73.192291371737582,5.3207257466083622]],[[-73.190974363150929,5.3200662101147014],[-73.191510942842186,5.3202198054750225],[-73.191124739651144,5.3205927644940667],[-73.190974363150929,5.3200662101147014]]]},"properties":{"OBJECTID":235,"Id":235,"gridcode":1,"Shape_Length":3219.7858001909999,"Shape_Area":181268.49539036816,"Sensibilidad":"Muy Baja"}},{"type":"Feature","id":236,"geometry":{"type":"Polygon","coordinates":[[[-73.19316814429348,5.3172057611774823],[-73.192324667590228,5.3174097537848031],[-73.190945946638649,5.3171371162613301],[-73.190754218523509,5.3178664583992488],[-73.191949698546779,5.3176100516418812],[-73.191516344203308,5.318409990848342],[-73.19145177471961,5.3188499748585887],[-73.192563903000263,5.318070799891764],[-73.19316814429348,5.3172057611774823]]]},"properties":{"OBJECTID":236,"Id":236,"gridcode":2,"Shape_Length":887.17205923987854,"Shape_Area":19784.682863417758,"Sensibilidad":"Baja"}},{"type":"Feature","id":237,"geometry":{"type":"Polygon","coordinates":[[[-73.238597506719501,5.3169698801131844],[-73.238672739841221,5.3172380572962084],[-73.238865113138672,5.3170450829546914],[-73.238597506719501,5.3169698801131844]]]},"properties":{"OBJECTID":237,"Id":237,"gridcode":2,"Shape_Length":91.707227127078355,"Shape_Area":404.52015696288072,"Sensibilidad":"Baja"}},{"type":"Feature","id":238,"geometry":{"type":"Polygon","coordinates":[[[-73.234208195898788,5.3169715622701776],[-73.233940646839358,5.3170469702310141],[-73.234133167369365,5.3172397971268834],[-73.234208195898788,5.3169715622701776]]]},"properties":{"OBJECTID":238,"Id":238,"gridcode":4,"Shape_Length":91.707227125523161,"Shape_Area":404.5201569490805,"Sensibilidad":"Alta"}},{"type":"Feature","id":239,"geometry":{"type":"Polygon","coordinates":[[[-73.22477117294288,5.3169750731480816],[-73.224596564585042,5.3173274928813781],[-73.22493829954584,5.31748887532863],[-73.225503330530884,5.3170673437782705],[-73.22477117294288,5.3169750731480816]]]},"properties":{"OBJECTID":239,"Id":239,"gridcode":4,"Shape_Length":245.0588453180408,"Shape_Area":3116.897778156359,"Sensibilidad":"Alta"}},{"type":"Feature","id":240,"geometry":{"type":"Polygon","coordinates":[[[-73.225648955716579,5.3167547711540504],[-73.225724183273769,5.3170229501643744],[-73.225916560715106,5.3168299796862675],[-73.225648955716579,5.3167547711540504]]]},"properties":{"OBJECTID":240,"Id":240,"gridcode":4,"Shape_Length":91.707227122412775,"Shape_Area":404.52015692147995,"Sensibilidad":"Alta"}},{"type":"Feature","id":241,"geometry":{"type":"Polygon","coordinates":[[[-73.216650938923067,5.3169779785770395],[-73.216575715252347,5.3167097982960172],[-73.216383334817593,5.3169027659813981],[-73.216650938923067,5.3169779785770395]]]},"properties":{"OBJECTID":241,"Id":241,"gridcode":3,"Shape_Length":91.707227124302804,"Shape_Area":404.52015693745608,"Sensibilidad":"Moderada"}},{"type":"Feature","id":242,"geometry":{"type":"Polygon","coordinates":[[[-73.234208195898788,5.3169715622701776],[-73.23448680926569,5.3168519294889451],[-73.234296961621581,5.3164656395052701],[-73.234208195898788,5.3169715622701776]]]},"properties":{"OBJECTID":242,"Id":242,"gridcode":4,"Shape_Length":137.91242411782039,"Shape_Area":797.54338871326058,"Sensibilidad":"Alta"}},{"type":"Feature","id":243,"geometry":{"type":"Polygon","coordinates":[[[-73.223015288739816,5.3165357473430026],[-73.222747738296448,5.3166111505008082],[-73.222940255352384,5.3168039810484098],[-73.223015288739816,5.3165357473430026]]]},"properties":{"OBJECTID":243,"Id":243,"gridcode":3,"Shape_Length":91.707227123561182,"Shape_Area":404.52015693140544,"Sensibilidad":"Moderada"}},{"type":"Feature","id":244,"geometry":{"type":"Polygon","coordinates":[[[-73.219503838812571,5.3165370067631432],[-73.21959192141064,5.3170368901369871],[-73.219789117882755,5.31665925519121],[-73.219503838812571,5.3165370067631432]]]},"properties":{"OBJECTID":244,"Id":244,"gridcode":2,"Shape_Length":137.55028862072183,"Shape_Area":806.72521970332605,"Sensibilidad":"Baja"}},{"type":"Feature","id":245,"geometry":{"type":"Polygon","coordinates":[[[-73.206336187194879,5.3174214786658505],[-73.206994515663993,5.317251901383111],[-73.206845399719953,5.3165862023793737],[-73.206453393724587,5.3166744257696559],[-73.206336187194879,5.3174214786658505]]]},"properties":{"OBJECTID":245,"Id":245,"gridcode":4,"Shape_Length":278.72991816872167,"Shape_Area":4565.0712397064035,"Sensibilidad":"Alta"}},{"type":"Feature","id":246,"geometry":{"type":"Polygon","coordinates":[[[-73.20567742371783,5.3163217896577937],[-73.205677496715168,5.3165417714424139],[-73.205896962559876,5.3165416982328981],[-73.205896889484634,5.3163217164513119],[-73.20567742371783,5.3163217896577937]]]},"properties":{"OBJECTID":246,"Id":246,"gridcode":2,"Shape_Length":97.228480622172356,"Shape_Area":590.83609025600913,"Sensibilidad":"Baja"}},{"type":"Feature","id":247,"geometry":{"type":"Polygon","coordinates":[[[-73.20567742371783,5.3163217896577937],[-73.205396376809048,5.3164318741982814],[-73.205677496715168,5.3165417714424139],[-73.20567742371783,5.3163217896577937]]]},"properties":{"OBJECTID":247,"Id":247,"gridcode":3,"Shape_Length":91.146849240267215,"Shape_Area":378.36012322832818,"Sensibilidad":"Moderada"}},{"type":"Feature","id":248,"geometry":{"type":"Polygon","coordinates":[[[-73.24013376517226,5.3169692839796712],[-73.240531162543618,5.3161699733260024],[-73.239799224987109,5.3160155889334026],[-73.239621067407796,5.3168657461371449],[-73.24013376517226,5.3169692839796712]]]},"properties":{"OBJECTID":248,"Id":248,"gridcode":4,"Shape_Length":335.43703414151065,"Shape_Area":6735.3647972096251,"Sensibilidad":"Alta"}},{"type":"Feature","id":249,"geometry":{"type":"Polygon","coordinates":[[[-73.230696418722431,5.3160929598459807],[-73.230404539045125,5.3168215762170599],[-73.231009586044422,5.3163262809201202],[-73.230696418722431,5.3160929598459807]]]},"properties":{"OBJECTID":249,"Id":249,"gridcode":3,"Shape_Length":216.49537367052207,"Shape_Area":1812.9589964681959,"Sensibilidad":"Moderada"}},{"type":"Feature","id":250,"geometry":{"type":"Polygon","coordinates":[[[-73.228940696052959,5.3160936138606818],[-73.22901592492488,5.3163617924177515],[-73.229208301101139,5.3161688209617486],[-73.228940696052959,5.3160936138606818]]]},"properties":{"OBJECTID":250,"Id":250,"gridcode":4,"Shape_Length":91.707227121934039,"Shape_Area":404.52015691590623,"Sensibilidad":"Alta"}},{"type":"Feature","id":251,"geometry":{"type":"Polygon","coordinates":[[[-73.224770933611651,5.3163151286303654],[-73.224695706560865,5.3160469494764904],[-73.224503328956075,5.3162399195845929],[-73.224770933611651,5.3163151286303654]]]},"properties":{"OBJECTID":251,"Id":251,"gridcode":3,"Shape_Length":91.707227125523147,"Shape_Area":404.5201569490805,"Sensibilidad":"Moderada"}},{"type":"Feature","id":252,"geometry":{"type":"Polygon","coordinates":[[[-73.223454061311756,5.3160956254538432],[-73.223162636994346,5.3162435310477036],[-73.223015288739816,5.3165357473430026],[-73.223454219921209,5.3165355885101571],[-73.223454061311756,5.3160956254538432]]]},"properties":{"OBJECTID":252,"Id":252,"gridcode":3,"Shape_Length":169.58587460493607,"Shape_Area":1569.4083647906295,"Sensibilidad":"Moderada"}},{"type":"Feature","id":253,"geometry":{"type":"Polygon","coordinates":[[[-73.205896889484634,5.3163217164513119],[-73.205787063062886,5.3160400054587527],[-73.20567742371783,5.3163217896577937],[-73.205896889484634,5.3163217164513119]]]},"properties":{"OBJECTID":253,"Id":253,"gridcode":3,"Shape_Length":91.147540245334497,"Shape_Area":378.36463095158689,"Sensibilidad":"Moderada"}},{"type":"Feature","id":254,"geometry":{"type":"Polygon","coordinates":[[[-73.203043762218272,5.3161026802235254],[-73.203153662669393,5.3166139618587636],[-73.203263227943765,5.3161026079569069],[-73.203043762218272,5.3161026802235254]]]},"properties":{"OBJECTID":254,"Id":254,"gridcode":3,"Shape_Length":139.88911637289016,"Shape_Area":686.65898290460382,"Sensibilidad":"Moderada"}},{"type":"Feature","id":255,"geometry":{"type":"Polygon","coordinates":[[[-73.237062005534654,5.3189503041667416],[-73.236901495819623,5.3182963614379561],[-73.237098612443987,5.3174134249457179],[-73.23649809696424,5.3175486045295184],[-73.236313332875312,5.3172805898560602],[-73.23605360671543,5.3171009910944225],[-73.235874196578351,5.3167421651122355],[-73.236688953655857,5.316924916285557],[-73.236931014353942,5.3159111489205291],[-73.236402492730122,5.3160301233322853],[-73.235929551905244,5.3159240429213543],[-73.235506651016237,5.3170582333730652],[-73.235698476613052,5.3179143993592604],[-73.235377653260613,5.3184086441428695],[-73.235655437866427,5.318600729713312],[-73.235835062152759,5.3195208695849994],[-73.23596500950606,5.3198306503083836],[-73.236110720849567,5.3197566945414367],[-73.236356677783888,5.3192688960084977],[-73.236842623401145,5.3191703698021406],[-73.236842539301193,5.3189503885013574],[-73.237062005534654,5.3189503041667416]]]},"properties":{"OBJECTID":255,"Id":255,"gridcode":2,"Shape_Length":1335.1935934334235,"Shape_Area":47258.988155742642,"Sensibilidad":"Baja"}},{"type":"Feature","id":256,"geometry":{"type":"Polygon","coordinates":[[[-73.223673447364064,5.3158755643997226],[-73.223453982012018,5.3158756439233263],[-73.223454061311756,5.3160956254538432],[-73.223673526741692,5.3160955459269266],[-73.223673447364064,5.3158755643997226]]]},"properties":{"OBJECTID":256,"Id":256,"gridcode":3,"Shape_Length":97.228480622172356,"Shape_Area":590.83609025600913,"Sensibilidad":"Moderada"}},{"type":"Feature","id":257,"geometry":{"type":"Polygon","coordinates":[[[-73.218625743430735,5.3158773736924614],[-73.218700967862517,5.3161455536984885],[-73.218893347320844,5.315952585324907],[-73.218625743430735,5.3158773736924614]]]},"properties":{"OBJECTID":257,"Id":257,"gridcode":4,"Shape_Length":91.707227124230855,"Shape_Area":404.52015693575709,"Sensibilidad":"Alta"}},{"type":"Feature","id":258,"geometry":{"type":"Polygon","coordinates":[[[-73.216431089007031,5.3158781474608627],[-73.216550433189525,5.3161574194557],[-73.216935821102922,5.315967134668643],[-73.216431089007031,5.3158781474608627]]]},"properties":{"OBJECTID":258,"Id":258,"gridcode":3,"Shape_Length":137.91212478842311,"Shape_Area":797.54175151339882,"Sensibilidad":"Moderada"}},{"type":"Feature","id":259,"geometry":{"type":"Polygon","coordinates":[[[-73.203043690161664,5.3158826983994754],[-73.203043762218272,5.3161026802235254],[-73.203263227943765,5.3161026079569069],[-73.203263155809253,5.3158826261358572],[-73.203043690161664,5.3158826983994754]]]},"properties":{"OBJECTID":259,"Id":259,"gridcode":2,"Shape_Length":97.228480622172356,"Shape_Area":590.83609025600913,"Sensibilidad":"Baja"}},{"type":"Feature","id":260,"geometry":{"type":"Polygon","coordinates":[[[-73.203043690161664,5.3158826983994754],[-73.202762642935269,5.3159927817520689],[-73.203043762218272,5.3161026802235254],[-73.203043690161664,5.3158826983994754]]]},"properties":{"OBJECTID":260,"Id":260,"gridcode":3,"Shape_Length":91.146849240267215,"Shape_Area":378.36012322832818,"Sensibilidad":"Moderada"}},{"type":"Feature","id":261,"geometry":{"type":"Polygon","coordinates":[[[-73.242766833730002,5.3156483657882223],[-73.242842068446535,5.3159165423996786],[-73.24303443999554,5.3157235668273426],[-73.242766833730002,5.3156483657882223]]]},"properties":{"OBJECTID":261,"Id":261,"gridcode":3,"Shape_Length":91.707227124230855,"Shape_Area":404.52015693575709,"Sensibilidad":"Moderada"}},{"type":"Feature","id":262,"geometry":{"type":"Polygon","coordinates":[[[-73.24210843880293,5.3156486244887819],[-73.242227794291395,5.3159278910204737],[-73.242613173491804,5.3157375905400306],[-73.24210843880293,5.3156486244887819]]]},"properties":{"OBJECTID":262,"Id":262,"gridcode":3,"Shape_Length":137.91212479017591,"Shape_Area":797.54175152777054,"Sensibilidad":"Moderada"}},{"type":"Feature","id":263,"geometry":{"type":"Polygon","coordinates":[[[-73.24079164885147,5.3156491397822716],[-73.240879748329618,5.3161490193914824],[-73.241076931278556,5.3157713782056577],[-73.24079164885147,5.3156491397822716]]]},"properties":{"OBJECTID":263,"Id":263,"gridcode":4,"Shape_Length":137.55028861889238,"Shape_Area":806.7252196650129,"Sensibilidad":"Alta"}},{"type":"Feature","id":264,"geometry":{"type":"Polygon","coordinates":[[[-73.239913788812046,5.3156494817500528],[-73.239989022310183,5.3159176587655361],[-73.24018139478801,5.3157246840423333],[-73.239913788812046,5.3156494817500528]]]},"properties":{"OBJECTID":264,"Id":264,"gridcode":4,"Shape_Length":91.707227124230855,"Shape_Area":404.52015693575709,"Sensibilidad":"Alta"}},{"type":"Feature","id":265,"geometry":{"type":"Polygon","coordinates":[[[-73.234427162278607,5.3156515907517354],[-73.234691086946427,5.3166808187627019],[-73.235069881733139,5.3165955499063289],[-73.235394701117258,5.3157615067797979],[-73.234427162278607,5.3156515907517354]]]},"properties":{"OBJECTID":265,"Id":265,"gridcode":4,"Shape_Length":367.19984480096451,"Shape_Area":7679.6927034409928,"Sensibilidad":"Alta"}},{"type":"Feature","id":266,"geometry":{"type":"Polygon","coordinates":[[[-73.223892833260621,5.3156555032726009],[-73.22367336798979,5.3156555828709635],[-73.223673447364064,5.3158755643997226],[-73.223892912712785,5.3158754847980498],[-73.223892833260621,5.3156555032726009]]]},"properties":{"OBJECTID":266,"Id":266,"gridcode":3,"Shape_Length":97.228480622172356,"Shape_Area":590.83609025600913,"Sensibilidad":"Moderada"}},{"type":"Feature","id":267,"geometry":{"type":"Polygon","coordinates":[[[-73.20787185993747,5.3156611088083405],[-73.207991203632787,5.3159403826155369],[-73.208376590905658,5.3157501030750218],[-73.20787185993747,5.3156611088083405]]]},"properties":{"OBJECTID":267,"Id":267,"gridcode":4,"Shape_Length":137.91193793516186,"Shape_Area":797.53992444549135,"Sensibilidad":"Alta"}},{"type":"Feature","id":268,"geometry":{"type":"Polygon","coordinates":[[[-73.204579877032415,5.3156622091103261],[-73.204655092076834,5.3159303910752156],[-73.204847482715053,5.3157374269059989],[-73.204579877032415,5.3156622091103261]]]},"properties":{"OBJECTID":268,"Id":268,"gridcode":3,"Shape_Length":91.708008481636767,"Shape_Area":404.52719595906416,"Sensibilidad":"Moderada"}},{"type":"Feature","id":269,"geometry":{"type":"Polygon","coordinates":[[[-73.203263227943765,5.3161026079569069],[-73.203775852047229,5.315998701385916],[-73.203612550506904,5.3157083994774927],[-73.203263155809253,5.3158826261358572],[-73.203263227943765,5.3161026079569069]]]},"properties":{"OBJECTID":269,"Id":269,"gridcode":3,"Shape_Length":162.27907727222774,"Shape_Area":1484.8285111425234,"Sensibilidad":"Moderada"}},{"type":"Feature","id":270,"geometry":{"type":"Polygon","coordinates":[[[-73.203263155809253,5.3158826261358572],[-73.203153330651915,5.3156009146213377],[-73.203043690161664,5.3158826983994754],[-73.203263155809253,5.3158826261358572]]]},"properties":{"OBJECTID":270,"Id":270,"gridcode":3,"Shape_Length":91.147540245334497,"Shape_Area":378.36463095158689,"Sensibilidad":"Moderada"}},{"type":"Feature","id":271,"geometry":{"type":"Polygon","coordinates":[[[-73.223892833260621,5.3156555032726009],[-73.224160383136251,5.3155800996391447],[-73.223967866112801,5.3153872694646314],[-73.223892833260621,5.3156555032726009]]]},"properties":{"OBJECTID":271,"Id":271,"gridcode":3,"Shape_Length":91.707227117412359,"Shape_Area":404.52015687790339,"Sensibilidad":"Moderada"}},{"type":"Feature","id":272,"geometry":{"type":"Polygon","coordinates":[[[-73.241669337323543,5.3152088340681152],[-73.241401790067428,5.3152842451941265],[-73.241594312242768,5.3154770696931513],[-73.241669337323543,5.3152088340681152]]]},"properties":{"OBJECTID":272,"Id":272,"gridcode":4,"Shape_Length":91.707227127078355,"Shape_Area":404.52015696288072,"Sensibilidad":"Alta"}},{"type":"Feature","id":273,"geometry":{"type":"Polygon","coordinates":[[[-73.241669337323543,5.3152088340681152],[-73.241936884509727,5.3151334228288922],[-73.241744362344278,5.3149405984345757],[-73.241669337323543,5.3152088340681152]]]},"properties":{"OBJECTID":273,"Id":273,"gridcode":4,"Shape_Length":91.707227128968384,"Shape_Area":404.52015697885679,"Sensibilidad":"Alta"}},{"type":"Feature","id":274,"geometry":{"type":"Polygon","coordinates":[[[-73.235304688699458,5.3147713311794389],[-73.235026076424134,5.3148909642896838],[-73.235215923987255,5.3152772540699065],[-73.235304688699458,5.3147713311794389]]]},"properties":{"OBJECTID":274,"Id":274,"gridcode":4,"Shape_Length":137.91242411672306,"Shape_Area":797.54338868267689,"Sensibilidad":"Alta"}},{"type":"Feature","id":275,"geometry":{"type":"Polygon","coordinates":[[[-73.23749925205918,5.3145505091292726],[-73.237628074731376,5.3158584533422157],[-73.237547041953192,5.3168741930714809],[-73.238000120890092,5.3168375266235417],[-73.238259763812422,5.3159719145246829],[-73.238501622194192,5.3157628898348168],[-73.238259516454661,5.3153283309214601],[-73.238056113744264,5.3146521050926898],[-73.23749925205918,5.3145505091292726]]]},"properties":{"OBJECTID":275,"Id":275,"gridcode":4,"Shape_Length":639.13886716178217,"Shape_Area":17413.678898458948,"Sensibilidad":"Alta"}},{"type":"Feature","id":276,"geometry":{"type":"Polygon","coordinates":[[[-73.235304688699458,5.3147713311794389],[-73.23557223659688,5.3146959226723292],[-73.235379716463925,5.3145030961945041],[-73.235304688699458,5.3147713311794389]]]},"properties":{"OBJECTID":276,"Id":276,"gridcode":4,"Shape_Length":91.707227127006405,"Shape_Area":404.52015696118173,"Sensibilidad":"Alta"}},{"type":"Feature","id":277,"geometry":{"type":"Polygon","coordinates":[[[-73.227184489473558,5.314774374012746],[-73.227452038512681,5.3146989689830644],[-73.227259520794121,5.3145061398619369],[-73.227184489473558,5.314774374012746]]]},"properties":{"OBJECTID":277,"Id":277,"gridcode":2,"Shape_Length":91.70722712470959,"Shape_Area":404.52015694133087,"Sensibilidad":"Baja"}},{"type":"Feature","id":278,"geometry":{"type":"Polygon","coordinates":[[[-73.239693813511437,5.3143296793434134],[-73.239769046729791,5.3145978564086933],[-73.239961418888129,5.3144048817612388],[-73.239693813511437,5.3143296793434134]]]},"properties":{"OBJECTID":278,"Id":278,"gridcode":4,"Shape_Length":91.707227125857997,"Shape_Area":404.52015695125635,"Sensibilidad":"Alta"}},{"type":"Feature","id":279,"geometry":{"type":"Polygon","coordinates":[[[-73.236401844810999,5.3143309491109516],[-73.236060713373334,5.3148688652752965],[-73.235981391188091,5.3157488211066557],[-73.236718999606211,5.3145853219790986],[-73.236401844810999,5.3143309491109516]]]},"properties":{"OBJECTID":279,"Id":279,"gridcode":2,"Shape_Length":365.36878120176482,"Shape_Area":4981.8457604559881,"Sensibilidad":"Baja"}},{"type":"Feature","id":280,"geometry":{"type":"Polygon","coordinates":[[[-73.234426663209732,5.3143317025430381],[-73.234501894178791,5.3145998803521985],[-73.234694268050106,5.3144069072733062],[-73.234426663209732,5.3143317025430381]]]},"properties":{"OBJECTID":280,"Id":280,"gridcode":2,"Shape_Length":91.707227126671569,"Shape_Area":404.52015695900593,"Sensibilidad":"Baja"}},{"type":"Feature","id":281,"geometry":{"type":"Polygon","coordinates":[[[-73.222136638095549,5.3143362485297683],[-73.222255984477414,5.3146155193410003],[-73.222641369553756,5.3144252310930993],[-73.222136638095549,5.3143362485297683]]]},"properties":{"OBJECTID":281,"Id":281,"gridcode":3,"Shape_Length":137.91212479017591,"Shape_Area":797.54175152777054,"Sensibilidad":"Moderada"}},{"type":"Feature","id":282,"geometry":{"type":"Polygon","coordinates":[[[-73.228940127396982,5.3145537437001851],[-73.228789724145614,5.3140271996499919],[-73.228403548021902,5.3144001810440926],[-73.228940127396982,5.3145537437001851]]]},"properties":{"OBJECTID":282,"Id":282,"gridcode":2,"Shape_Length":181.71958333926369,"Shape_Area":1587.5117573824698,"Sensibilidad":"Baja"}},{"type":"Feature","id":283,"geometry":{"type":"Polygon","coordinates":[[[-73.226086924262589,5.3141148325067622],[-73.226156222900599,5.3145902885891338],[-73.226573857384452,5.3141857746769441],[-73.226086924262589,5.3141148325067622]]]},"properties":{"OBJECTID":283,"Id":283,"gridcode":3,"Shape_Length":171.91431735238493,"Shape_Area":1386.5779918563844,"Sensibilidad":"Moderada"}},{"type":"Feature","id":284,"geometry":{"type":"Polygon","coordinates":[[[-73.223014418265791,5.3141159503830782],[-73.223089644328539,5.314384129799234],[-73.223282021840248,5.3141911601260494],[-73.223014418265791,5.3141159503830782]]]},"properties":{"OBJECTID":284,"Id":284,"gridcode":3,"Shape_Length":91.707227126599619,"Shape_Area":404.52015695730694,"Sensibilidad":"Moderada"}},{"type":"Feature","id":285,"geometry":{"type":"Polygon","coordinates":[[[-73.219502904175755,5.3138972276232188],[-73.21942922944055,5.3140433353733592],[-73.218996656321835,5.314262874845765],[-73.219599072716989,5.3146310383768745],[-73.219796148007433,5.3140457927936948],[-73.219502904175755,5.3138972276232188]]]},"properties":{"OBJECTID":285,"Id":285,"gridcode":4,"Shape_Length":254.57925498315177,"Shape_Area":3429.8897810731823,"Sensibilidad":"Alta"}},{"type":"Feature","id":286,"geometry":{"type":"Polygon","coordinates":[[[-73.204359831423474,5.3139024273227449],[-73.204140366491856,5.3139024999494744],[-73.204140438910528,5.3141224817725448],[-73.203949722075805,5.3156566660976461],[-73.205116023447658,5.314508987786323],[-73.204359831423474,5.3139024273227449]]]},"properties":{"OBJECTID":286,"Id":286,"gridcode":3,"Shape_Length":507.73435552013518,"Shape_Area":11737.557841456568,"Sensibilidad":"Moderada"}},{"type":"Feature","id":287,"geometry":{"type":"Polygon","coordinates":[[[-73.240571415669436,5.3136693939429422],[-73.240659514618017,5.3141692736363977],[-73.240856697129132,5.3137916325192736],[-73.240571415669436,5.3136693939429422]]]},"properties":{"OBJECTID":287,"Id":287,"gridcode":4,"Shape_Length":137.55028862237671,"Shape_Area":806.72521969443483,"Sensibilidad":"Alta"}},{"type":"Feature","id":288,"geometry":{"type":"Polygon","coordinates":[[[-73.236840521960644,5.3136708368127197],[-73.236572974678566,5.3137462458456008],[-73.236765494920704,5.3139390719498421],[-73.236840521960644,5.3136708368127197]]]},"properties":{"OBJECTID":288,"Id":288,"gridcode":2,"Shape_Length":91.707227128154813,"Shape_Area":404.52015697110716,"Sensibilidad":"Baja"}},{"type":"Feature","id":289,"geometry":{"type":"Polygon","coordinates":[[[-73.236182128846906,5.3136710890958581],[-73.236270224285548,5.3141709695748336],[-73.236467409532992,5.3137933297398101],[-73.236182128846906,5.3136710890958581]]]},"properties":{"OBJECTID":289,"Id":289,"gridcode":2,"Shape_Length":137.55028862237671,"Shape_Area":806.72521969443483,"Sensibilidad":"Baja"}},{"type":"Feature","id":290,"geometry":{"type":"Polygon","coordinates":[[[-73.217747109130713,5.313677867896466],[-73.217866453431711,5.3139571396497214],[-73.218251839567529,5.3137668540998444],[-73.217747109130713,5.313677867896466]]]},"properties":{"OBJECTID":290,"Id":290,"gridcode":3,"Shape_Length":137.91212479045888,"Shape_Area":797.54175155315818,"Sensibilidad":"Moderada"}},{"type":"Feature","id":291,"geometry":{"type":"Polygon","coordinates":[[[-73.233548473232233,5.3134521098134329],[-73.233623703702776,5.3137202877587475],[-73.233816077598547,5.3135273149480629],[-73.233548473232233,5.3134521098134329]]]},"properties":{"OBJECTID":291,"Id":291,"gridcode":2,"Shape_Length":91.707227125116376,"Shape_Area":404.52015694520566,"Sensibilidad":"Baja"}},{"type":"Feature","id":292,"geometry":{"type":"Polygon","coordinates":[[[-73.225647754739853,5.3134550486010559],[-73.225722981835688,5.3137232276571904],[-73.225915358296987,5.313530257202439],[-73.225647754739853,5.3134550486010559]]]},"properties":{"OBJECTID":292,"Id":292,"gridcode":3,"Shape_Length":91.707227125523147,"Shape_Area":404.5201569490805,"Sensibilidad":"Moderada"}},{"type":"Feature","id":293,"geometry":{"type":"Polygon","coordinates":[[[-73.207212728248464,5.3134615125084617],[-73.207318237833888,5.3139523477361763],[-73.207729457558472,5.3137451927543973],[-73.207212728248464,5.3134615125084617]]]},"properties":{"OBJECTID":293,"Id":293,"gridcode":3,"Shape_Length":171.70648050868814,"Shape_Area":1368.8231355891044,"Sensibilidad":"Moderada"}},{"type":"Feature","id":294,"geometry":{"type":"Polygon","coordinates":[[[-73.205018080749056,5.3134622453477309],[-73.205093295677528,5.3137304272812829],[-73.205285685517808,5.3135374629933168],[-73.205018080749056,5.3134622453477309]]]},"properties":{"OBJECTID":294,"Id":294,"gridcode":3,"Shape_Length":91.708008490633063,"Shape_Area":404.52719603968944,"Sensibilidad":"Moderada"}},{"type":"Feature","id":295,"geometry":{"type":"Polygon","coordinates":[[[-73.245399455425854,5.3132275308212309],[-73.24428922678527,5.3141194044676663],[-73.244596204625338,5.3144255786376959],[-73.24558205722488,5.3137031387506406],[-73.245399455425854,5.3132275308212309]]]},"properties":{"OBJECTID":295,"Id":295,"gridcode":3,"Shape_Length":397.11467545625834,"Shape_Area":7431.6863839255575,"Sensibilidad":"Moderada"}},{"type":"Feature","id":296,"geometry":{"type":"Polygon","coordinates":[[[-73.243424278646415,5.3132283128876576],[-73.242934604552431,5.3133340975468393],[-73.243141295755834,5.3137462746176372],[-73.243424278646415,5.3132283128876576]]]},"properties":{"OBJECTID":296,"Id":296,"gridcode":4,"Shape_Length":171.70660723614341,"Shape_Area":1368.8260438451996,"Sensibilidad":"Alta"}},{"type":"Feature","id":297,"geometry":{"type":"Polygon","coordinates":[[[-73.236840521960644,5.3136708368127197],[-73.237119133311793,5.3135512029186263],[-73.236929285165061,5.3131649137315664],[-73.236840521960644,5.3136708368127197]]]},"properties":{"OBJECTID":297,"Id":297,"gridcode":2,"Shape_Length":137.91242411570516,"Shape_Area":797.54338866279704,"Sensibilidad":"Baja"}},{"type":"Feature","id":298,"geometry":{"type":"Polygon","coordinates":[[[-73.224111423917975,5.3132356267493588],[-73.224025811055213,5.313369777906586],[-73.223434777389542,5.3137493425296496],[-73.223833886576145,5.3139815336509759],[-73.224855518878243,5.3133469010577654],[-73.224111423917975,5.3132356267493588]]]},"properties":{"OBJECTID":298,"Id":298,"gridcode":3,"Shape_Length":362.895832496629,"Shape_Area":5514.8634036445465,"Sensibilidad":"Moderada"}},{"type":"Feature","id":299,"geometry":{"type":"Polygon","coordinates":[[[-73.223014180933546,5.3134560057247615],[-73.222938955032461,5.3131878262852785],[-73.222746577707682,5.3133807958491843],[-73.223014180933546,5.3134560057247615]]]},"properties":{"OBJECTID":299,"Id":299,"gridcode":2,"Shape_Length":91.707227123561182,"Shape_Area":404.52015693140544,"Sensibilidad":"Baja"}},{"type":"Feature","id":300,"geometry":{"type":"Polygon","coordinates":[[[-73.205676402076648,5.313242044508713],[-73.20575161725634,5.3135102263539462],[-73.205944006818186,5.3133172618700231],[-73.205676402076648,5.313242044508713]]]},"properties":{"OBJECTID":300,"Id":300,"gridcode":3,"Shape_Length":91.708008485967483,"Shape_Area":404.52719599828833,"Sensibilidad":"Moderada"}},{"type":"Feature","id":301,"geometry":{"type":"Polygon","coordinates":[[[-73.245399455425854,5.3132275308212309],[-73.245667001240577,5.3131521180202448],[-73.245474478611726,5.3129592948022122],[-73.245399455425854,5.3132275308212309]]]},"properties":{"OBJECTID":301,"Id":301,"gridcode":3,"Shape_Length":91.707227125523161,"Shape_Area":404.5201569490805,"Sensibilidad":"Moderada"}},{"type":"Feature","id":302,"geometry":{"type":"Polygon","coordinates":[[[-73.243424278646415,5.3132283128876576],[-73.243691824740949,5.3131529009316782],[-73.243499302697643,5.3129600770693219],[-73.243424278646415,5.3132283128876576]]]},"properties":{"OBJECTID":302,"Id":302,"gridcode":4,"Shape_Length":91.707227127078355,"Shape_Area":404.52015696288072,"Sensibilidad":"Alta"}},{"type":"Feature","id":303,"geometry":{"type":"Polygon","coordinates":[[[-73.223452951418381,5.3130158838842725],[-73.222670732187723,5.3131119956140154],[-73.221916937090953,5.3136763827808915],[-73.221917015812451,5.3138963643501267],[-73.223014339151717,5.313895968831873],[-73.223014180933546,5.3134560057247615],[-73.222746577707682,5.3133807958491843],[-73.222938955032461,5.3131878262852785],[-73.223014180933546,5.3134560057247615],[-73.223453109934624,5.3134558469844269],[-73.223452951418381,5.3130158838842725]]]},"properties":{"OBJECTID":303,"Id":303,"gridcode":3,"Shape_Length":574.88499241267493,"Shape_Area":9829.8741529354556,"Sensibilidad":"Moderada"}},{"type":"Feature","id":304,"geometry":{"type":"Polygon","coordinates":[[[-73.210285085053144,5.3130205099392835],[-73.210435475847447,5.3135470591751162],[-73.210821662731263,5.3131740885876244],[-73.210285085053144,5.3130205099392835]]]},"properties":{"OBJECTID":304,"Id":304,"gridcode":4,"Shape_Length":181.72004190517927,"Shape_Area":1587.5193973146081,"Sensibilidad":"Alta"}},{"type":"Feature","id":305,"geometry":{"type":"Polygon","coordinates":[[[-73.245838209170344,5.312787393775638],[-73.245913444794198,5.3130555699922546],[-73.246105814496616,5.3128625935296778],[-73.245838209170344,5.312787393775638]]]},"properties":{"OBJECTID":305,"Id":305,"gridcode":3,"Shape_Length":91.707227119565275,"Shape_Area":404.52015689435632,"Sensibilidad":"Moderada"}},{"type":"Feature","id":306,"geometry":{"type":"Polygon","coordinates":[[[-73.232889832383847,5.312792414357884],[-73.232984070781626,5.3135172054768223],[-73.233185070477361,5.312948145468547],[-73.232889832383847,5.312792414357884]]]},"properties":{"OBJECTID":306,"Id":306,"gridcode":3,"Shape_Length":184.41844034262783,"Shape_Area":1219.5979567028207,"Sensibilidad":"Moderada"}},{"type":"Feature","id":307,"geometry":{"type":"Polygon","coordinates":[[[-73.223452951418381,5.3130158838842725],[-73.223720500230044,5.3129404804808509],[-73.223527984191591,5.3127476501123265],[-73.223452951418381,5.3130158838842725]]]},"properties":{"OBJECTID":307,"Id":307,"gridcode":3,"Shape_Length":91.707227127078355,"Shape_Area":404.52015696288072,"Sensibilidad":"Moderada"}},{"type":"Feature","id":308,"geometry":{"type":"Polygon","coordinates":[[[-73.246277049632937,5.3125672376348767],[-73.246352285412982,5.3128354137923672],[-73.246544654907439,5.3126424372011209],[-73.246277049632937,5.3125672376348767]]]},"properties":{"OBJECTID":308,"Id":308,"gridcode":3,"Shape_Length":91.707227128154813,"Shape_Area":404.52015697110716,"Sensibilidad":"Moderada"}},{"type":"Feature","id":309,"geometry":{"type":"Polygon","coordinates":[[[-73.23530385401358,5.3125715175433443],[-73.235379085110182,5.3128396952535129],[-73.235571458174618,5.3126467219265443],[-73.23530385401358,5.3125715175433443]]]},"properties":{"OBJECTID":309,"Id":309,"gridcode":3,"Shape_Length":91.707227127006405,"Shape_Area":404.52015696118173,"Sensibilidad":"Moderada"}},{"type":"Feature","id":310,"geometry":{"type":"Polygon","coordinates":[[[-73.232889832383847,5.312792414357884],[-73.232814602356839,5.3125242362962126],[-73.232622228433243,5.3127172088010415],[-73.232889832383847,5.312792414357884]]]},"properties":{"OBJECTID":310,"Id":310,"gridcode":3,"Shape_Length":91.707227126671569,"Shape_Area":404.52015695900593,"Sensibilidad":"Moderada"}},{"type":"Feature","id":311,"geometry":{"type":"Polygon","coordinates":[[[-73.221697157949436,5.3127965353414233],[-73.221964706912871,5.3127211326934436],[-73.221772191468347,5.3125283017502278],[-73.221697157949436,5.3127965353414233]]]},"properties":{"OBJECTID":311,"Id":311,"gridcode":3,"Shape_Length":91.707227125857997,"Shape_Area":404.52015695125635,"Sensibilidad":"Moderada"}},{"type":"Feature","id":312,"geometry":{"type":"Polygon","coordinates":[[[-73.251105163771314,5.3123453115743029],[-73.250666236438406,5.312345489940582],[-73.2506663253358,5.3125654710610499],[-73.251105252824374,5.3125652926873403],[-73.251105163771314,5.3123453115743029]]]},"properties":{"OBJECTID":312,"Id":312,"gridcode":4,"Shape_Length":145.84272093325853,"Shape_Area":1181.6721805120183,"Sensibilidad":"Alta"}},{"type":"Feature","id":313,"geometry":{"type":"Polygon","coordinates":[[[-73.211162718496084,5.3123602650718009],[-73.210960829590562,5.3128755521505502],[-73.211477872968644,5.3126039225370665],[-73.211162718496084,5.3123602650718009]]]},"properties":{"OBJECTID":313,"Id":313,"gridcode":4,"Shape_Length":169.90752322694382,"Shape_Area":1294.7169328658322,"Sensibilidad":"Alta"}},{"type":"Feature","id":314,"geometry":{"type":"Polygon","coordinates":[[[-73.247374193241001,5.3121268365639054],[-73.247159086286175,5.3126521238347513],[-73.247904803406925,5.3122669265400875],[-73.247374193241001,5.3121268365639054]]]},"properties":{"OBJECTID":314,"Id":314,"gridcode":3,"Shape_Length":216.43017266032967,"Shape_Area":1889.9329397168292,"Sensibilidad":"Moderada"}},{"type":"Feature","id":315,"geometry":{"type":"Polygon","coordinates":[[[-73.212698893014249,5.3121397560044681],[-73.212431339659929,5.3122151546753225],[-73.212623858915677,5.3124079886539013],[-73.212698893014249,5.3121397560044681]]]},"properties":{"OBJECTID":315,"Id":315,"gridcode":2,"Shape_Length":91.708008487522648,"Shape_Area":404.52719601208901,"Sensibilidad":"Baja"}},{"type":"Feature","id":316,"geometry":{"type":"Polygon","coordinates":[[[-73.243204297023638,5.3119085119301266],[-73.242808427965727,5.3126615370373536],[-73.24186011023815,5.3129858845849736],[-73.242089225745005,5.3133127054504623],[-73.243198679546495,5.3128140152397529],[-73.243507504328761,5.3120956128174583],[-73.243204297023638,5.3119085119301266]]]},"properties":{"OBJECTID":316,"Id":316,"gridcode":2,"Shape_Length":509.70863578594276,"Shape_Area":8431.2889188785248,"Sensibilidad":"Baja"}},{"type":"Feature","id":317,"geometry":{"type":"Polygon","coordinates":[[[-73.240351269403959,5.3119096291306445],[-73.240426502562286,5.3121778061371705],[-73.240618873790083,5.3119848313130014],[-73.240351269403959,5.3119096291306445]]]},"properties":{"OBJECTID":317,"Id":317,"gridcode":2,"Shape_Length":91.707227124302804,"Shape_Area":404.52015693745608,"Sensibilidad":"Baja"}},{"type":"Feature","id":318,"geometry":{"type":"Polygon","coordinates":[[[-73.256372017851959,5.3116832037612642],[-73.256152554511502,5.3116832948443049],[-73.256152645343192,5.3119032758757001],[-73.256372108761468,5.3119031847888687],[-73.256372017851959,5.3116832037612642]]]},"properties":{"OBJECTID":318,"Id":318,"gridcode":3,"Shape_Length":97.228480622172356,"Shape_Area":590.83609025600913,"Sensibilidad":"Moderada"}},{"type":"Feature","id":319,"geometry":{"type":"Polygon","coordinates":[[[-73.218624269909512,5.3116977229478426],[-73.21878660891592,5.3122240206338773],[-73.219386305353538,5.3119332928218235],[-73.218624269909512,5.3116977229478426]]]},"properties":{"OBJECTID":319,"Id":319,"gridcode":2,"Shape_Length":222.97426757336586,"Shape_Area":2220.1011930254922,"Sensibilidad":"Baja"}},{"type":"Feature","id":320,"geometry":{"type":"Polygon","coordinates":[[[-73.238595475192255,5.3116903287619106],[-73.238497835627584,5.311568207950411],[-73.237736124577481,5.3113728560245086],[-73.2374006216167,5.3118404321019419],[-73.238595475192255,5.3116903287619106]]]},"properties":{"OBJECTID":320,"Id":320,"gridcode":3,"Shape_Length":301.38927257690432,"Shape_Area":3562.987864894581,"Sensibilidad":"Moderada"}},{"type":"Feature","id":321,"geometry":{"type":"Polygon","coordinates":[[[-73.238814769470451,5.311250281272768],[-73.238934122568537,5.3115295485866918],[-73.239319500200907,5.3113392518921607],[-73.238814769470451,5.311250281272768]]]},"properties":{"OBJECTID":321,"Id":321,"gridcode":3,"Shape_Length":137.91207509258314,"Shape_Area":797.54052694154723,"Sensibilidad":"Moderada"}},{"type":"Feature","id":322,"geometry":{"type":"Polygon","coordinates":[[[-73.241887172048976,5.3110291041059776],[-73.241797586907381,5.3111592730924198],[-73.241348312911057,5.3114704591150073],[-73.240920350470446,5.312748799396168],[-73.241339145916612,5.3126545204314599],[-73.24157653975837,5.3127077664017968],[-73.241800818788178,5.3118303262573967],[-73.242258923418206,5.3111245758638983],[-73.241887172048976,5.3110291041059776]]]},"properties":{"OBJECTID":322,"Id":322,"gridcode":4,"Shape_Length":537.05961956532315,"Shape_Area":11769.98753907358,"Sensibilidad":"Alta"}},{"type":"Feature","id":323,"geometry":{"type":"Polygon","coordinates":[[[-73.212040124498628,5.3110400738240982],[-73.211550227683574,5.311331411554792],[-73.211300376031176,5.3119967257717615],[-73.211924959501516,5.3115457599049734],[-73.212040124498628,5.3110400738240982]]]},"properties":{"OBJECTID":323,"Id":323,"gridcode":4,"Shape_Length":284.20975610338235,"Shape_Area":3163.8885484578223,"Sensibilidad":"Alta"}},{"type":"Feature","id":324,"geometry":{"type":"Polygon","coordinates":[[[-73.208089775414336,5.3110414176005083],[-73.207822221889387,5.3111168142802834],[-73.20801473941485,5.3113096497731069],[-73.208089775414336,5.3110414176005083]]]},"properties":{"OBJECTID":324,"Id":324,"gridcode":3,"Shape_Length":91.708008487522676,"Shape_Area":404.52719601208855,"Sensibilidad":"Moderada"}},{"type":"Feature","id":325,"geometry":{"type":"Polygon","coordinates":[[[-73.244301182065584,5.3108081725547773],[-73.244033637055438,5.310883584730604],[-73.244226158583203,5.31107640846127],[-73.244301182065584,5.3108081725547773]]]},"properties":{"OBJECTID":325,"Id":325,"gridcode":4,"Shape_Length":91.70722712470959,"Shape_Area":404.52015694133087,"Sensibilidad":"Alta"}},{"type":"Feature","id":326,"geometry":{"type":"Polygon","coordinates":[[[-73.234864259752555,5.310811833605646],[-73.234764973290751,5.311591980338469],[-73.234248949237099,5.3120219651606133],[-73.234787836116041,5.3124703096105108],[-73.234721847596077,5.3131216926242404],[-73.234800634742257,5.3138935863915719],[-73.235242801952111,5.3142112272924606],[-73.23582199361006,5.3128711945308318],[-73.234989374837355,5.3109159260795762],[-73.234864259752555,5.310811833605646]],[[-73.23530385401358,5.3125715175433443],[-73.235571458174618,5.3126467219265443],[-73.235379085110182,5.3128396952535129],[-73.23530385401358,5.3125715175433443]]]},"properties":{"OBJECTID":326,"Id":326,"gridcode":4,"Shape_Length":963.11607243039009,"Shape_Area":29073.33387894708,"Sensibilidad":"Alta"}},{"type":"Feature","id":327,"geometry":{"type":"Polygon","coordinates":[[[-73.222355077691063,5.3114764091016049],[-73.222998675095894,5.3113106067517055],[-73.22276134028381,5.310726470333206],[-73.222355077691063,5.3114764091016049]]]},"properties":{"OBJECTID":327,"Id":327,"gridcode":2,"Shape_Length":237.58566393424582,"Shape_Area":2541.2600045026438,"Sensibilidad":"Baja"}},{"type":"Feature","id":328,"geometry":{"type":"Polygon","coordinates":[[[-73.221038059639739,5.3108169370648266],[-73.221403011062634,5.3113463586557881],[-73.221786155157488,5.3110090856369432],[-73.221038059639739,5.3108169370648266]]]},"properties":{"OBJECTID":328,"Id":328,"gridcode":2,"Shape_Length":213.11629914914693,"Shape_Area":1994.4185229787342,"Sensibilidad":"Baja"}},{"type":"Feature","id":329,"geometry":{"type":"Polygon","coordinates":[[[-73.220379668825743,5.3108171723657334],[-73.220454893303256,5.3110853521958559],[-73.22064727068846,5.3108923833316712],[-73.220379668825743,5.3108171723657334]]]},"properties":{"OBJECTID":329,"Id":329,"gridcode":3,"Shape_Length":91.707227124302804,"Shape_Area":404.52015693745608,"Sensibilidad":"Moderada"}},{"type":"Feature","id":330,"geometry":{"type":"Polygon","coordinates":[[[-73.208089775414336,5.3110414176005083],[-73.208357328870065,5.3109660208071769],[-73.208164811353086,5.3107731854189915],[-73.208089775414336,5.3110414176005083]]]},"properties":{"OBJECTID":330,"Id":330,"gridcode":3,"Shape_Length":91.708008489484655,"Shape_Area":404.52719602976401,"Sensibilidad":"Moderada"}},{"type":"Feature","id":331,"geometry":{"type":"Polygon","coordinates":[[[-73.244301182065584,5.3108081725547773],[-73.24456872700577,5.3107327602658447],[-73.244376205487995,5.3105399366398771],[-73.244301182065584,5.3108081725547773]]]},"properties":{"OBJECTID":331,"Id":331,"gridcode":4,"Shape_Length":91.707227116526838,"Shape_Area":404.52015686845488,"Sensibilidad":"Alta"}},{"type":"Feature","id":332,"geometry":{"type":"Polygon","coordinates":[[[-73.223671543300767,5.3105960072773577],[-73.223403995481419,5.3106714106228985],[-73.223596510811561,5.3108642410717879],[-73.223671543300767,5.3105960072773577]]]},"properties":{"OBJECTID":332,"Id":332,"gridcode":2,"Shape_Length":91.707227127078355,"Shape_Area":404.52015696288072,"Sensibilidad":"Baja"}},{"type":"Feature","id":333,"geometry":{"type":"Polygon","coordinates":[[[-73.220160127161733,5.3105972690260801],[-73.220062655948752,5.3109394441036519],[-73.219816860659648,5.3115810921910258],[-73.219858698571713,5.3119172662810428],[-73.219740274013446,5.3128743625001338],[-73.22016433592124,5.3131148884818087],[-73.220847423275444,5.3107169031516221],[-73.220160127161733,5.3105972690260801]],[[-73.220379668825743,5.3108171723657334],[-73.22064727068846,5.3108923833316712],[-73.220454893303256,5.3110853521958559],[-73.220379668825743,5.3108171723657334]]]},"properties":{"OBJECTID":333,"Id":333,"gridcode":4,"Shape_Length":757.75892833216017,"Shape_Area":18342.159080929301,"Sensibilidad":"Alta"}},{"type":"Feature","id":334,"geometry":{"type":"Polygon","coordinates":[[[-73.20699230927309,5.3106018227747098],[-73.206992382657617,5.3108218045817024],[-73.207502461241319,5.3107116424922145],[-73.20699230927309,5.3106018227747098]]]},"properties":{"OBJECTID":334,"Id":334,"gridcode":3,"Shape_Length":139.88947897751967,"Shape_Area":686.66123677755206,"Sensibilidad":"Moderada"}},{"type":"Feature","id":335,"geometry":{"type":"Polygon","coordinates":[[[-73.233327850527715,5.3103724531091094],[-73.233415943099118,5.3108723358495196],[-73.233613129163814,5.3104946951770451],[-73.233327850527715,5.3103724531091094]]]},"properties":{"OBJECTID":335,"Id":335,"gridcode":4,"Shape_Length":137.55063552889456,"Shape_Area":806.72814901180664,"Sensibilidad":"Alta"}},{"type":"Feature","id":336,"geometry":{"type":"Polygon","coordinates":[[[-73.228280194758696,5.3103743394384315],[-73.228104027429822,5.3107299108699184],[-73.22856250573399,5.3108880981102615],[-73.228792885629275,5.3104778870434499],[-73.228280194758696,5.3103743394384315]]]},"properties":{"OBJECTID":336,"Id":336,"gridcode":4,"Shape_Length":207.5119491399424,"Shape_Area":2600.9667380810693,"Sensibilidad":"Alta"}},{"type":"Feature","id":337,"geometry":{"type":"Polygon","coordinates":[[[-73.223890927409158,5.310375946192166],[-73.223671464006443,5.3103760257110268],[-73.223671543300767,5.3105960072773577],[-73.223891006781287,5.3105959277551884],[-73.223890927409158,5.310375946192166]]]},"properties":{"OBJECTID":337,"Id":337,"gridcode":2,"Shape_Length":97.228480622172356,"Shape_Area":590.83609025600913,"Sensibilidad":"Baja"}},{"type":"Feature","id":338,"geometry":{"type":"Polygon","coordinates":[[[-73.234864009966074,5.3101518894258595],[-73.23493924053534,5.3104200672319903],[-73.235131613025587,5.310227094054234],[-73.234864009966074,5.3101518894258595]]]},"properties":{"OBJECTID":338,"Id":338,"gridcode":4,"Shape_Length":91.707227124230855,"Shape_Area":404.52015693575709,"Sensibilidad":"Alta"}},{"type":"Feature","id":339,"geometry":{"type":"Polygon","coordinates":[[[-73.220818361189615,5.3101570707491703],[-73.220937706106227,5.3104363419113225],[-73.221323089078666,5.3102460562306861],[-73.220818361189615,5.3101570707491703]]]},"properties":{"OBJECTID":339,"Id":339,"gridcode":4,"Shape_Length":137.91207508904989,"Shape_Area":797.54052686488717,"Sensibilidad":"Alta"}},{"type":"Feature","id":340,"geometry":{"type":"Polygon","coordinates":[[[-73.21467338556316,5.3101592371401978],[-73.214453922101143,5.3101593133806011],[-73.21445399812464,5.3103792950846715],[-73.214673461664447,5.3103792188410983],[-73.21467338556316,5.3101592371401978]]]},"properties":{"OBJECTID":340,"Id":340,"gridcode":3,"Shape_Length":97.228480622172356,"Shape_Area":590.83609025600913,"Sensibilidad":"Moderada"}},{"type":"Feature","id":341,"geometry":{"type":"Polygon","coordinates":[[[-73.233327685103006,5.3099324902693619],[-73.233402914985774,5.3102006682950398],[-73.233595287909807,5.3100076955763411],[-73.233327685103006,5.3099324902693619]]]},"properties":{"OBJECTID":341,"Id":341,"gridcode":4,"Shape_Length":91.707227122675661,"Shape_Area":404.52015692195687,"Sensibilidad":"Alta"}},{"type":"Feature","id":342,"geometry":{"type":"Polygon","coordinates":[[[-73.230035738228352,5.3099337250602288],[-73.230110966706107,5.3102019035490509],[-73.230303340698853,5.3100089318108905],[-73.230035738228352,5.3099337250602288]]]},"properties":{"OBJECTID":342,"Id":342,"gridcode":3,"Shape_Length":91.707227126192834,"Shape_Area":404.52015695343215,"Sensibilidad":"Moderada"}},{"type":"Feature","id":343,"geometry":{"type":"Polygon","coordinates":[[[-73.21467338556316,5.3101592371401978],[-73.214940934380778,5.3100838375407875],[-73.214748421881467,5.3098910042678265],[-73.21467338556316,5.3101592371401978]]]},"properties":{"OBJECTID":343,"Id":343,"gridcode":3,"Shape_Length":91.707227119637224,"Shape_Area":404.52015689605537,"Sensibilidad":"Moderada"}},{"type":"Feature","id":344,"geometry":{"type":"Polygon","coordinates":[[[-73.256372017851959,5.3116832037612642],[-73.257295120722091,5.3104585407724532],[-73.257843151385288,5.3100182729121235],[-73.257779989983661,5.3096049654262902],[-73.255413189417993,5.3117713236847504],[-73.253836180042569,5.3120020552664746],[-73.253738637470505,5.3121242537538871],[-73.255859516177878,5.3120494785964549],[-73.256152645343192,5.3119032758757001],[-73.256152554511502,5.3116832948443049],[-73.256372017851959,5.3116832037612642]]]},"properties":{"OBJECTID":344,"Id":344,"gridcode":4,"Shape_Length":1162.3146279836324,"Shape_Area":20809.632679949314,"Sensibilidad":"Alta"}},{"type":"Feature","id":345,"geometry":{"type":"Polygon","coordinates":[[[-73.246056451676239,5.3097075694527449],[-73.245788907382789,5.3097829823598168],[-73.245981429073609,5.3099758055407076],[-73.246056451676239,5.3097075694527449]]]},"properties":{"OBJECTID":345,"Id":345,"gridcode":3,"Shape_Length":91.707227115785201,"Shape_Area":404.52015686240418,"Sensibilidad":"Moderada"}},{"type":"Feature","id":346,"geometry":{"type":"Polygon","coordinates":[[[-73.242325583308329,5.3097090443798116],[-73.242243954805218,5.3098471823421685],[-73.241808167178306,5.3101063722407638],[-73.242113716796894,5.310450946769472],[-73.24262679855309,5.3098878757737049],[-73.242325583308329,5.3097090443798116]]]},"properties":{"OBJECTID":346,"Id":346,"gridcode":4,"Shape_Length":247.84282383934408,"Shape_Area":3194.2552193004499,"Sensibilidad":"Alta"}},{"type":"Feature","id":347,"geometry":{"type":"Polygon","coordinates":[[[-73.239253102691976,5.3097102421055444],[-73.239147597803012,5.3098244660986254],[-73.238549584906835,5.3101076427431435],[-73.239115213104242,5.3106960191654675],[-73.240017314750588,5.3104194438744141],[-73.239253102691976,5.3097102421055444]]]},"properties":{"OBJECTID":347,"Id":347,"gridcode":3,"Shape_Length":400.57044251840637,"Shape_Area":8881.4115302702758,"Sensibilidad":"Moderada"}},{"type":"Feature","id":348,"geometry":{"type":"Polygon","coordinates":[[[-73.233766528431389,5.309712342889731],[-73.233854621236418,5.3102122255667306],[-73.234051806835865,5.3098345847671924],[-73.233766528431389,5.309712342889731]]]},"properties":{"OBJECTID":348,"Id":348,"gridcode":4,"Shape_Length":137.55063552231161,"Shape_Area":806.72814898053002,"Sensibilidad":"Alta"}},{"type":"Feature","id":349,"geometry":{"type":"Polygon","coordinates":[[[-73.232669213316512,5.3097127571986018],[-73.232669295790274,5.309932738631109],[-73.232950337798286,5.3098226419710777],[-73.232669213316512,5.3097127571986018]]]},"properties":{"OBJECTID":349,"Id":349,"gridcode":2,"Shape_Length":91.147540235979335,"Shape_Area":378.3646308532862,"Sensibilidad":"Baja"}},{"type":"Feature","id":350,"geometry":{"type":"Polygon","coordinates":[[[-73.232669213316512,5.3097127571986018],[-73.232388171301935,5.3098228537310632],[-73.232669295790274,5.309932738631109],[-73.232669213316512,5.3097127571986018]]]},"properties":{"OBJECTID":350,"Id":350,"gridcode":3,"Shape_Length":91.147540237714452,"Shape_Area":378.36463086460509,"Sensibilidad":"Moderada"}},{"type":"Feature","id":351,"geometry":{"type":"Polygon","coordinates":[[[-73.229157885597786,5.3099340513746967],[-73.229082657564348,5.3096658727482886],[-73.228890283277394,5.3098588441202113],[-73.229157885597786,5.3099340513746967]]]},"properties":{"OBJECTID":351,"Id":351,"gridcode":2,"Shape_Length":91.70722711537843,"Shape_Area":404.52015685852939,"Sensibilidad":"Baja"}},{"type":"Feature","id":352,"geometry":{"type":"Polygon","coordinates":[[[-73.246056451676239,5.3097075694527449],[-73.246323995899758,5.3096321564325804],[-73.24613147421897,5.309439333356317],[-73.246056451676239,5.3097075694527449]]]},"properties":{"OBJECTID":352,"Id":352,"gridcode":3,"Shape_Length":91.70722712652767,"Shape_Area":404.52015695560794,"Sensibilidad":"Moderada"}},{"type":"Feature","id":353,"geometry":{"type":"Polygon","coordinates":[[[-73.209406038916001,5.3095011000492711],[-73.209096231032746,5.3103097999334272],[-73.209591409731317,5.3102478931199748],[-73.210162069263077,5.3096327128711165],[-73.209406038916001,5.3095011000492711]]]},"properties":{"OBJECTID":353,"Id":353,"gridcode":3,"Shape_Length":328.79770904077429,"Shape_Area":5638.5908644067185,"Sensibilidad":"Moderada"}},{"type":"Feature","id":354,"geometry":{"type":"Polygon","coordinates":[[[-73.240350332085598,5.309489834789149],[-73.240628940847444,5.3093701994102167],[-73.240439091960553,5.308983912969242],[-73.240350332085598,5.309489834789149]]]},"properties":{"OBJECTID":354,"Id":354,"gridcode":2,"Shape_Length":137.91207509864208,"Shape_Area":797.54052696590009,"Sensibilidad":"Baja"}},{"type":"Feature","id":355,"geometry":{"type":"Polygon","coordinates":[[[-73.234863593725194,5.3090519824282856],[-73.234982944612241,5.3093312506239299],[-73.235368322230869,5.3091409563882426],[-73.234863593725194,5.3090519824282856]]]},"properties":{"OBJECTID":355,"Id":355,"gridcode":4,"Shape_Length":137.91207509439815,"Shape_Area":797.5405269311392,"Sensibilidad":"Alta"}},{"type":"Feature","id":356,"geometry":{"type":"Polygon","coordinates":[[[-73.230913263418984,5.3090534716487907],[-73.230988492148143,5.3093216500264679],[-73.231180865595192,5.3091286780332672],[-73.230913263418984,5.3090534716487907]]]},"properties":{"OBJECTID":356,"Id":356,"gridcode":3,"Shape_Length":91.707227120857567,"Shape_Area":404.52015690767973,"Sensibilidad":"Moderada"}},{"type":"Feature","id":357,"geometry":{"type":"Polygon","coordinates":[[[-73.230474337760256,5.3090536355584748],[-73.230549566302116,5.3093218139978537],[-73.230741939891587,5.3091288421354026],[-73.230474337760256,5.3090536355584748]]]},"properties":{"OBJECTID":357,"Id":357,"gridcode":3,"Shape_Length":91.707227118488817,"Shape_Area":404.52015688612988,"Sensibilidad":"Moderada"}},{"type":"Feature","id":358,"geometry":{"type":"Polygon","coordinates":[[[-73.224548840034302,5.3090558178164917],[-73.224548919619778,5.3092757993789395],[-73.224829962934535,5.3091657063618625],[-73.224548840034302,5.3090558178164917]]]},"properties":{"OBJECTID":358,"Id":358,"gridcode":3,"Shape_Length":91.147540245334497,"Shape_Area":378.36463095158689,"Sensibilidad":"Moderada"}},{"type":"Feature","id":359,"geometry":{"type":"Polygon","coordinates":[[[-73.224548840034302,5.3090558178164917],[-73.224267796713221,5.3091659107060609],[-73.224548919619778,5.3092757993789395],[-73.224548840034302,5.3090558178164917]]]},"properties":{"OBJECTID":359,"Id":359,"gridcode":2,"Shape_Length":91.14754024359938,"Shape_Area":378.364630940268,"Sensibilidad":"Baja"}},{"type":"Feature","id":360,"geometry":{"type":"Polygon","coordinates":[[[-73.222573673580683,5.3090565326057515],[-73.222648898750123,5.3093247121531499],[-73.222841274901626,5.3091317426460156],[-73.222573673580683,5.3090565326057515]]]},"properties":{"OBJECTID":360,"Id":360,"gridcode":2,"Shape_Length":91.707227116192001,"Shape_Area":404.52015686627897,"Sensibilidad":"Baja"}},{"type":"Feature","id":361,"geometry":{"type":"Polygon","coordinates":[[[-73.229157560701836,5.3090541254163917],[-73.229082332791549,5.3087859467776468],[-73.228889958765464,5.3089789181431861],[-73.229157560701836,5.3090541254163917]]]},"properties":{"OBJECTID":361,"Id":361,"gridcode":3,"Shape_Length":91.707227125379262,"Shape_Area":404.52015694568252,"Sensibilidad":"Moderada"}},{"type":"Feature","id":362,"geometry":{"type":"Polygon","coordinates":[[[-73.208966964175019,5.3090612851115644],[-73.208755466796418,5.3095665065140114],[-73.209934477156324,5.3091238507412566],[-73.209522119348392,5.3089244039701544],[-73.208966964175019,5.3090612851115644]]]},"properties":{"OBJECTID":362,"Id":362,"gridcode":3,"Shape_Length":314.0149570713815,"Shape_Area":4094.9667659685961,"Sensibilidad":"Moderada"}},{"type":"Feature","id":363,"geometry":{"type":"Polygon","coordinates":[[[-73.253737288175529,5.3088245375195511],[-73.254004830933965,5.3087491212326672],[-73.253812307266216,5.3085563006442955],[-73.253737288175529,5.3088245375195511]]]},"properties":{"OBJECTID":363,"Id":363,"gridcode":4,"Shape_Length":91.707227125857997,"Shape_Area":404.52015695125635,"Sensibilidad":"Alta"}},{"type":"Feature","id":364,"geometry":{"type":"Polygon","coordinates":[[[-73.210064131009204,5.3086209494006367],[-73.210139347426406,5.3088891306990496],[-73.210331734193446,5.3086961649291364],[-73.210064131009204,5.3086209494006367]]]},"properties":{"OBJECTID":364,"Id":364,"gridcode":3,"Shape_Length":91.708008488671112,"Shape_Area":404.52719602201472,"Sensibilidad":"Moderada"}},{"type":"Feature","id":365,"geometry":{"type":"Polygon","coordinates":[[[-73.230474092724194,5.3083936911345004],[-73.230549321173612,5.3086618695831485],[-73.230741694567513,5.3084688977255361],[-73.230474092724194,5.3083936911345004]]]},"properties":{"OBJECTID":365,"Id":365,"gridcode":3,"Shape_Length":91.707227127006405,"Shape_Area":404.52015696118173,"Sensibilidad":"Moderada"}},{"type":"Feature","id":366,"geometry":{"type":"Polygon","coordinates":[[[-73.229815704910365,5.3083939363836352],[-73.229890933078821,5.3086621149248083],[-73.230083306686367,5.3084691432632969],[-73.229815704910365,5.3083939363836352]]]},"properties":{"OBJECTID":366,"Id":366,"gridcode":3,"Shape_Length":91.707227127819976,"Shape_Area":404.52015696893136,"Sensibilidad":"Moderada"}},{"type":"Feature","id":367,"geometry":{"type":"Polygon","coordinates":[[[-73.222792978616781,5.3086164903140034],[-73.22271775348446,5.3083483107769966],[-73.222525377525571,5.3085412802419878],[-73.222792978616781,5.3086164903140034]]]},"properties":{"OBJECTID":367,"Id":367,"gridcode":3,"Shape_Length":91.707227122412775,"Shape_Area":404.52015692147995,"Sensibilidad":"Moderada"}},{"type":"Feature","id":368,"geometry":{"type":"Polygon","coordinates":[[[-73.26163765296495,5.3081612991855511],[-73.261356617390177,5.3082714086299223],[-73.261637745679778,5.3083812801461825],[-73.26163765296495,5.3081612991855511]]]},"properties":{"OBJECTID":368,"Id":368,"gridcode":2,"Shape_Length":91.147540245334497,"Shape_Area":378.36463095158689,"Sensibilidad":"Baja"}},{"type":"Feature","id":369,"geometry":{"type":"Polygon","coordinates":[[[-73.249347774877791,5.3081663811591309],[-73.249087339532892,5.3092310534750018],[-73.249354565781445,5.3100160753997052],[-73.250011496684721,5.3090615387216813],[-73.24949615807455,5.3082689843022859],[-73.249347774877791,5.3081663811591309]]]},"properties":{"OBJECTID":369,"Id":369,"gridcode":3,"Shape_Length":465.41307364176504,"Shape_Area":10863.239423668883,"Sensibilidad":"Moderada"}},{"type":"Feature","id":370,"geometry":{"type":"Polygon","coordinates":[[[-73.247592164781778,5.308387068402058],[-73.247859708226102,5.3083116547488514],[-73.247667186519053,5.3081188321460644],[-73.247592164781778,5.308387068402058]]]},"properties":{"OBJECTID":370,"Id":370,"gridcode":3,"Shape_Length":91.707227125857997,"Shape_Area":404.52015695125635,"Sensibilidad":"Moderada"}},{"type":"Feature","id":371,"geometry":{"type":"Polygon","coordinates":[[[-73.243861218365836,5.3081685709732422],[-73.243512138687635,5.3086985186600373],[-73.243333195921224,5.3095444175339841],[-73.24394567756427,5.3097982540728745],[-73.244170612703144,5.3089182400555917],[-73.24454348553364,5.3083437868770966],[-73.243861218365836,5.3081685709732422]]]},"properties":{"OBJECTID":371,"Id":371,"gridcode":4,"Shape_Length":493.23667928084683,"Shape_Area":12699.246891473782,"Sensibilidad":"Alta"}},{"type":"Feature","id":372,"geometry":{"type":"Polygon","coordinates":[[[-73.231132398602,5.3081734637162477],[-73.231226634022576,5.3088982570103065],[-73.231427634042831,5.3083291958058085],[-73.231132398602,5.3081734637162477]]]},"properties":{"OBJECTID":372,"Id":372,"gridcode":3,"Shape_Length":184.41879903316948,"Shape_Area":1219.6009881452485,"Sensibilidad":"Moderada"}},{"type":"Feature","id":373,"geometry":{"type":"Polygon","coordinates":[[[-73.216428402775989,5.3081787892609835],[-73.216158808028737,5.3087229100825146],[-73.216719265599849,5.3089125325445474],[-73.217049764666996,5.3082571069399451],[-73.216428402775989,5.3081787892609835]]]},"properties":{"OBJECTID":373,"Id":373,"gridcode":3,"Shape_Length":283.15488874984283,"Shape_Area":4829.3264776193564,"Sensibilidad":"Moderada"}},{"type":"Feature","id":374,"geometry":{"type":"Polygon","coordinates":[[[-73.261857022175604,5.3079412252561466],[-73.2618571149643,5.3081612062144634],[-73.26163765296495,5.3081612991855511],[-73.261637745679778,5.3083812801461825],[-73.262076669830108,5.3083810941182952],[-73.262076484093285,5.3079411322109795],[-73.261857022175604,5.3079412252561466]]]},"properties":{"OBJECTID":374,"Id":374,"gridcode":3,"Shape_Length":194.45696124434471,"Shape_Area":1772.5082707680274,"Sensibilidad":"Moderada"}},{"type":"Feature","id":375,"geometry":{"type":"Polygon","coordinates":[[[-73.261857022175604,5.3079412252561466],[-73.26163756025403,5.3079413182233628],[-73.26163765296495,5.3081612991855511],[-73.2618571149643,5.3081612062144634],[-73.261857022175604,5.3079412252561466]]]},"properties":{"OBJECTID":375,"Id":375,"gridcode":2,"Shape_Length":97.228480622172356,"Shape_Area":590.83609025600913,"Sensibilidad":"Baja"}},{"type":"Feature","id":376,"geometry":{"type":"Polygon","coordinates":[[[-73.225206829748402,5.307955670364283],[-73.224939283268256,5.3080310743251324],[-73.225131798201673,5.3082239043264634],[-73.225206829748402,5.307955670364283]]]},"properties":{"OBJECTID":376,"Id":376,"gridcode":2,"Shape_Length":91.707227129781955,"Shape_Area":404.52015698660637,"Sensibilidad":"Baja"}},{"type":"Feature","id":377,"geometry":{"type":"Polygon","coordinates":[[[-73.22037865338406,5.3079574112609809],[-73.220111106229311,5.3080328131558661],[-73.220303619726465,5.3082256447245388],[-73.22037865338406,5.3079574112609809]]]},"properties":{"OBJECTID":377,"Id":377,"gridcode":3,"Shape_Length":91.707227126671569,"Shape_Area":404.52015695900593,"Sensibilidad":"Moderada"}},{"type":"Feature","id":378,"geometry":{"type":"Polygon","coordinates":[[[-73.262076391230735,5.3077211512549747],[-73.262076484093285,5.3079411322109795],[-73.262295946007072,5.3079410390878738],[-73.26229585306676,5.3077210581357521],[-73.262076391230735,5.3077211512549747]]]},"properties":{"OBJECTID":378,"Id":378,"gridcode":3,"Shape_Length":97.228480624035001,"Shape_Area":590.83609027864679,"Sensibilidad":"Moderada"}},{"type":"Feature","id":379,"geometry":{"type":"Polygon","coordinates":[[[-73.262076391230735,5.3077211512549747],[-73.261856929390802,5.3077212442962569],[-73.261857022175604,5.3079412252561466],[-73.262076484093285,5.3079411322109795],[-73.262076391230735,5.3077211512549747]]]},"properties":{"OBJECTID":379,"Id":379,"gridcode":2,"Shape_Length":97.228480622172356,"Shape_Area":590.83609025600913,"Sensibilidad":"Baja"}},{"type":"Feature","id":380,"geometry":{"type":"Polygon","coordinates":[[[-73.24978652227955,5.3077262415346507],[-73.249876300198395,5.3080763202764087],[-73.250255908931422,5.3083388074569351],[-73.250973592912445,5.3080310844531802],[-73.24978652227955,5.3077262415346507]]]},"properties":{"OBJECTID":380,"Id":380,"gridcode":3,"Shape_Length":313.19770933605707,"Shape_Area":4243.0065961523678,"Sensibilidad":"Moderada"}},{"type":"Feature","id":381,"geometry":{"type":"Polygon","coordinates":[[[-73.225426212395661,5.3077356087777074],[-73.22520674994972,5.3077356888024365],[-73.225206829748402,5.307955670364283],[-73.225426292272104,5.3079555903362241],[-73.225426212395661,5.3077356087777074]]]},"properties":{"OBJECTID":381,"Id":381,"gridcode":2,"Shape_Length":97.228480622172356,"Shape_Area":590.83609025600913,"Sensibilidad":"Baja"}},{"type":"Feature","id":382,"geometry":{"type":"Polygon","coordinates":[[[-73.22037865338406,5.3079574112609809],[-73.220646200469403,5.3078820092527801],[-73.220453686981244,5.3076891777887081],[-73.22037865338406,5.3079574112609809]]]},"properties":{"OBJECTID":382,"Id":382,"gridcode":3,"Shape_Length":91.707227124302804,"Shape_Area":404.52015693745608,"Sensibilidad":"Moderada"}},{"type":"Feature","id":383,"geometry":{"type":"Polygon","coordinates":[[[-73.240788489765052,5.3075098320378356],[-73.240863722490587,5.3077780090448208],[-73.241056092274263,5.3075850341252542],[-73.240788489765052,5.3075098320378356]]]},"properties":{"OBJECTID":383,"Id":383,"gridcode":4,"Shape_Length":91.70722711997206,"Shape_Area":404.52015689823116,"Sensibilidad":"Alta"}},{"type":"Feature","id":384,"geometry":{"type":"Polygon","coordinates":[[[-73.240350332085598,5.309489834789149],[-73.239669366220753,5.3097584735410486],[-73.239364043646503,5.3086610716966183],[-73.238470310180261,5.3082948275553763],[-73.237448335926246,5.307467565298575],[-73.237181960186732,5.3087352862787087],[-73.236403447648925,5.3090550169072293],[-73.236080398569001,5.3109655978889734],[-73.235849998326984,5.310666635273626],[-73.23564658445099,5.3110077317730955],[-73.236085640550627,5.3113471596940043],[-73.23634748808395,5.3116869270224738],[-73.236956557782079,5.3101936323426848],[-73.237154880562017,5.3118150361419918],[-73.237406112788079,5.3122321526521787],[-73.237284013445873,5.3130625607930213],[-73.23848222419133,5.3128846044863316],[-73.238595475192255,5.3116903287619106],[-73.2374006216167,5.3118404321019419],[-73.237736124577481,5.3113728560245086],[-73.238497835627584,5.311568207950411],[-73.238595475192255,5.3116903287619106],[-73.239494518157954,5.3120132830564852],[-73.240146152799412,5.3105886897346259],[-73.240350332085598,5.309489834789149]],[[-73.238814769470451,5.311250281272768],[-73.239319500200907,5.3113392518921607],[-73.238934122568537,5.3115295485866918],[-73.238814769470451,5.311250281272768]],[[-73.239253102691976,5.3097102421055444],[-73.240017314750588,5.3104194438744141],[-73.239115213104242,5.3106960191654675],[-73.238549584906835,5.3101076427431435],[-73.239147597803012,5.3098244660986254],[-73.239253102691976,5.3097102421055444]]]},"properties":{"OBJECTID":384,"Id":384,"gridcode":2,"Shape_Length":3118.722484914822,"Shape_Area":148804.78412683937,"Sensibilidad":"Baja"}},{"type":"Feature","id":385,"geometry":{"type":"Polygon","coordinates":[[[-73.23661870877558,5.3075114427773764],[-73.236693939722954,5.3077796203731831],[-73.236886310861451,5.3075866466933057],[-73.23661870877558,5.3075114427773764]]]},"properties":{"OBJECTID":385,"Id":385,"gridcode":2,"Shape_Length":91.707227121120468,"Shape_Area":404.52015690815665,"Sensibilidad":"Baja"}},{"type":"Feature","id":386,"geometry":{"type":"Polygon","coordinates":[[[-73.226084519606957,5.3075153866858207],[-73.226159746060347,5.3077835657627981],[-73.226352120616923,5.3075905952193736],[-73.226084519606957,5.3075153866858207]]]},"properties":{"OBJECTID":386,"Id":386,"gridcode":2,"Shape_Length":91.707227123417283,"Shape_Area":404.52015692800751,"Sensibilidad":"Baja"}},{"type":"Feature","id":387,"geometry":{"type":"Polygon","coordinates":[[[-73.225426212395661,5.3077356087777074],[-73.225693758681913,5.307660204613236],[-73.22550124376356,5.3074673747834957],[-73.225426212395661,5.3077356087777074]]]},"properties":{"OBJECTID":387,"Id":387,"gridcode":2,"Shape_Length":91.707227125523161,"Shape_Area":404.5201569490805,"Sensibilidad":"Baja"}},{"type":"Feature","id":388,"geometry":{"type":"Polygon","coordinates":[[[-73.21467247259713,5.3075194566074444],[-73.214130107273164,5.3078558037326689],[-73.213545952734606,5.3081247900621387],[-73.212144951220225,5.3106993977326891],[-73.212040124498628,5.3110400738240982],[-73.212447179969374,5.3109263044302368],[-73.21325007304992,5.3098829236403979],[-73.213554531790294,5.3087855245359874],[-73.214474320311894,5.3082336806347374],[-73.21467247259713,5.3075194566074444]]]},"properties":{"OBJECTID":388,"Id":388,"gridcode":4,"Shape_Length":1024.1883774859227,"Shape_Area":23147.024769206171,"Sensibilidad":"Alta"}},{"type":"Feature","id":389,"geometry":{"type":"Polygon","coordinates":[[[-73.262515128874455,5.3072810030374002],[-73.262076205517332,5.3072811893382719],[-73.262076391230735,5.3077211512549747],[-73.26229585306676,5.3077210581357521],[-73.262515314898877,5.3077209649385813],[-73.262515128874455,5.3072810030374002]]]},"properties":{"OBJECTID":389,"Id":389,"gridcode":2,"Shape_Length":194.45696124620736,"Shape_Area":2363.3443610693121,"Sensibilidad":"Baja"}},{"type":"Feature","id":390,"geometry":{"type":"Polygon","coordinates":[[[-73.227620675371909,5.3072948411888641],[-73.22769590245008,5.30756302005347],[-73.227888276443394,5.3073700490538194],[-73.227620675371909,5.3072948411888641]]]},"properties":{"OBJECTID":390,"Id":390,"gridcode":2,"Shape_Length":91.707227123417283,"Shape_Area":404.52015692800751,"Sensibilidad":"Baja"}},{"type":"Feature","id":391,"geometry":{"type":"Polygon","coordinates":[[[-73.21467247259713,5.3075194566074444],[-73.214940020289973,5.3074440570481407],[-73.214747508642731,5.3072512237252036],[-73.21467247259713,5.3075194566074444]]]},"properties":{"OBJECTID":391,"Id":391,"gridcode":4,"Shape_Length":91.707227126671569,"Shape_Area":404.52015695900593,"Sensibilidad":"Alta"}},{"type":"Feature","id":392,"geometry":{"type":"Polygon","coordinates":[[[-73.259881496424782,5.3070621351671088],[-73.259881588498118,5.3072821161664372],[-73.260101050217528,5.3072820238343343],[-73.260100958066431,5.3070620428388633],[-73.259881496424782,5.3070621351671088]]]},"properties":{"OBJECTID":392,"Id":392,"gridcode":3,"Shape_Length":97.228480624035001,"Shape_Area":590.83609027864679,"Sensibilidad":"Moderada"}},{"type":"Feature","id":393,"geometry":{"type":"Polygon","coordinates":[[[-73.259881496424782,5.3070621351671088],[-73.259757677446927,5.3071580160618348],[-73.259446977569027,5.3079198665226697],[-73.258441548332826,5.3086984352747706],[-73.257988234703603,5.3092876252303096],[-73.258054148142065,5.3097334339325286],[-73.259427502679316,5.3088484466938199],[-73.259758045594694,5.308037940055673],[-73.260005683849286,5.3078461782311637],[-73.260101050217528,5.3072820238343343],[-73.259881588498118,5.3072821161664372],[-73.259881496424782,5.3070621351671088]]]},"properties":{"OBJECTID":393,"Id":393,"gridcode":4,"Shape_Length":805.08742826497792,"Shape_Area":19742.26398287878,"Sensibilidad":"Alta"}},{"type":"Feature","id":394,"geometry":{"type":"Polygon","coordinates":[[[-73.244299710169585,5.3070684912753858],[-73.244216094186299,5.3072046364109573],[-73.243538488676108,5.3074363984341923],[-73.243459621355314,5.3078126359496558],[-73.24419018203217,5.3075842298595202],[-73.244409671097003,5.3076526589865152],[-73.245035345310981,5.3074570442107536],[-73.244299710169585,5.3070684912753858]]]},"properties":{"OBJECTID":394,"Id":394,"gridcode":2,"Shape_Length":414.35185250402458,"Shape_Area":6388.2470846022798,"Sensibilidad":"Baja"}},{"type":"Feature","id":395,"geometry":{"type":"Polygon","coordinates":[[[-73.240568857173741,5.3070699548661375],[-73.240568942404977,5.3072899361913866],[-73.240788404452488,5.3072898507177184],[-73.240788319143491,5.307069869396039],[-73.240568857173741,5.3070699548661375]]]},"properties":{"OBJECTID":395,"Id":395,"gridcode":3,"Shape_Length":97.228480622172356,"Shape_Area":590.83609025600913,"Sensibilidad":"Moderada"}},{"type":"Feature","id":396,"geometry":{"type":"Polygon","coordinates":[[[-73.240568857173741,5.3070699548661375],[-73.240248267085207,5.3073470266380527],[-73.240788489765052,5.3075098320378356],[-73.240788404452488,5.3072898507177184],[-73.240568942404977,5.3072899361913866],[-73.240568857173741,5.3070699548661375]]]},"properties":{"OBJECTID":396,"Id":396,"gridcode":4,"Shape_Length":182.28499016948606,"Shape_Area":1235.3005447877688,"Sensibilidad":"Alta"}},{"type":"Feature","id":397,"geometry":{"type":"Polygon","coordinates":[[[-73.221914576982954,5.3070769349762452],[-73.221989801595456,5.307345114643061],[-73.222182177372645,5.3071521453459871],[-73.221914576982954,5.3070769349762452]]]},"properties":{"OBJECTID":397,"Id":397,"gridcode":3,"Shape_Length":91.707227123417283,"Shape_Area":404.52015692800751,"Sensibilidad":"Moderada"}},{"type":"Feature","id":398,"geometry":{"type":"Polygon","coordinates":[[[-73.244958009101069,5.3068482494017077],[-73.245033243511173,5.3071164258278918],[-73.245225611744061,5.3069234496750672],[-73.244958009101069,5.3068482494017077]]]},"properties":{"OBJECTID":398,"Id":398,"gridcode":2,"Shape_Length":91.707227123082447,"Shape_Area":404.52015692583166,"Sensibilidad":"Baja"}},{"type":"Feature","id":399,"geometry":{"type":"Polygon","coordinates":[[[-73.212916545974764,5.3068601187990803],[-73.212648994901059,5.306935517484705],[-73.212841512518466,5.3071283514912402],[-73.212916545974764,5.3068601187990803]]]},"properties":{"OBJECTID":399,"Id":399,"gridcode":3,"Shape_Length":91.70800848589559,"Shape_Area":404.52719599659008,"Sensibilidad":"Moderada"}},{"type":"Feature","id":400,"geometry":{"type":"Polygon","coordinates":[[[-73.211819234338591,5.306860495866327],[-73.211894451262054,5.3071286769446111],[-73.212086836938013,5.3069357106607677],[-73.211819234338591,5.306860495866327]]]},"properties":{"OBJECTID":400,"Id":400,"gridcode":3,"Shape_Length":91.708008481229967,"Shape_Area":404.52719595518931,"Sensibilidad":"Moderada"}},{"type":"Feature","id":401,"geometry":{"type":"Polygon","coordinates":[[[-73.246713616154963,5.306627569791047],[-73.24678885128229,5.3068957459714605],[-73.246981218879128,5.3067027692993065],[-73.246713616154963,5.306627569791047]]]},"properties":{"OBJECTID":401,"Id":401,"gridcode":2,"Shape_Length":91.707227125044426,"Shape_Area":404.52015694350672,"Sensibilidad":"Baja"}},{"type":"Feature","id":402,"geometry":{"type":"Polygon","coordinates":[[[-73.225206351006619,5.3066357809697671],[-73.225028573289251,5.3069946014235692],[-73.225711522207405,5.3071494599312912],[-73.22593849636921,5.3067280499523122],[-73.225206351006619,5.3066357809697671]]]},"properties":{"OBJECTID":402,"Id":402,"gridcode":4,"Shape_Length":256.46755882458029,"Shape_Area":3684.1102537946194,"Sensibilidad":"Alta"}},{"type":"Feature","id":403,"geometry":{"type":"Polygon","coordinates":[[[-73.222572806059745,5.3066367349880252],[-73.222692151008758,5.3069160058382883],[-73.223077531257147,5.3067257191557387],[-73.222572806059745,5.3066367349880252]]]},"properties":{"OBJECTID":403,"Id":403,"gridcode":3,"Shape_Length":137.91207509158482,"Shape_Area":797.54052691694676,"Sensibilidad":"Moderada"}},{"type":"Feature","id":404,"geometry":{"type":"Polygon","coordinates":[[[-73.248249760124452,5.3064069734367054],[-73.248324995875322,5.3066751494022677],[-73.248517362907364,5.3064821722760849],[-73.248249760124452,5.3064069734367054]]]},"properties":{"OBJECTID":404,"Id":404,"gridcode":4,"Shape_Length":91.707227127078355,"Shape_Area":404.52015696288072,"Sensibilidad":"Alta"}},{"type":"Feature","id":405,"geometry":{"type":"Polygon","coordinates":[[[-73.245177297210958,5.3064081998692645],[-73.245252531652483,5.3066763762706417],[-73.245444899684045,5.3064834000562593],[-73.245177297210958,5.3064081998692645]]]},"properties":{"OBJECTID":405,"Id":405,"gridcode":2,"Shape_Length":91.707227124302804,"Shape_Area":404.52015693745608,"Sensibilidad":"Baja"}},{"type":"Feature","id":406,"geometry":{"type":"Polygon","coordinates":[[[-73.232669213316512,5.3097127571986018],[-73.232782995196985,5.3093334362900597],[-73.233437146156163,5.3087680939423061],[-73.233647909171779,5.3077813368688815],[-73.232773542104596,5.3078520927648141],[-73.232566922344802,5.3077902202165452],[-73.233023417163253,5.3073956954582062],[-73.232986492841661,5.3069372311390026],[-73.232368614749817,5.3069872294777101],[-73.231089311124521,5.3064477548618783],[-73.22943752651598,5.3073723322951158],[-73.228529375478416,5.3084297087107197],[-73.227502330692133,5.3090750449463755],[-73.226748650426458,5.3086539111394142],[-73.225712672291834,5.3087377301632808],[-73.225799845292656,5.3098202657017231],[-73.225216928029226,5.3100373115561226],[-73.224825017962118,5.3087342608117796],[-73.224548840034302,5.3090558178164917],[-73.224829962934535,5.3091657063618625],[-73.224548919619778,5.3092757993789395],[-73.224453440906387,5.309619968182111],[-73.223890927409158,5.310375946192166],[-73.22464297701255,5.3105006177856913],[-73.223554655858166,5.3117872484420037],[-73.222672926373036,5.3120506581445408],[-73.222355077691063,5.3114764091016049],[-73.221917943922691,5.3116982665772641],[-73.2216232480624,5.3122826985858307],[-73.22111236085847,5.3124306819163829],[-73.220965005808807,5.3127042599465586],[-73.221697157949436,5.3127965353414233],[-73.221772191468347,5.3125283017502278],[-73.221964706912871,5.3127211326934436],[-73.221697157949436,5.3127965353414233],[-73.221843001069089,5.3130903646238563],[-73.221916937090953,5.3136763827808915],[-73.222670732187723,5.3131119956140154],[-73.223452951418381,5.3130158838842725],[-73.223527984191591,5.3127476501123265],[-73.223720500230044,5.3129404804808509],[-73.223452951418381,5.3130158838842725],[-73.223453109934624,5.3134558469844269],[-73.223014180933546,5.3134560057247615],[-73.223014339151717,5.313895968831873],[-73.221917015812451,5.3138963643501267],[-73.221916937090953,5.3136763827808915],[-73.2215696379223,5.3137734560763024],[-73.221607762038573,5.3140314330491787],[-73.221163454474876,5.3151206953708847],[-73.220706181732808,5.3154747426168054],[-73.220466595249363,5.3168914801114768],[-73.21934153011911,5.3183535625647034],[-73.218846218744062,5.3187370565543279],[-73.218771183303858,5.3190052898195965],[-73.218578666779138,5.3188124579588791],[-73.218846218744062,5.3187370565543279],[-73.21874415975573,5.3177376912876575],[-73.218426901361553,5.3177633562477959],[-73.21764758767722,5.3195155966165899],[-73.217407396094771,5.3199474644359679],[-73.217655189409285,5.3203922594079662],[-73.217185419578016,5.3206025683595817],[-73.217446800987901,5.3210717547678135],[-73.217969159562159,5.3210294979827806],[-73.218419884625874,5.3210656389531028],[-73.217852197092625,5.3236788144539444],[-73.217724428822549,5.3252187307004162],[-73.218513042438474,5.324777338631991],[-73.218764204748339,5.3247974766673627],[-73.218677912568054,5.3258787236044665],[-73.21906825378943,5.3259963697964388],[-73.219561785478817,5.325112004891424],[-73.220675747146331,5.3236316472013847],[-73.221605602468927,5.3237690368610346],[-73.222073538416254,5.3229908434891211],[-73.221982799812423,5.3223768925406629],[-73.222364568663139,5.3220813040888482],[-73.222532235708826,5.3209412171973325],[-73.222253760172137,5.3205798633162038],[-73.221604477681055,5.3209727515189336],[-73.222234169589711,5.3197116001625613],[-73.222357997127816,5.3196157264564192],[-73.222586533259104,5.3188538887326722],[-73.223111841683973,5.3191797170677786],[-73.222357997127816,5.3196157264564192],[-73.222612010354197,5.3199334392484481],[-73.223552912978946,5.3195833306378857],[-73.223356809365768,5.318390333496958],[-73.223125699708874,5.3184192323375319],[-73.222906223603431,5.3183919482799977],[-73.222435558938002,5.3184508025744135],[-73.222681225620107,5.3170327817898846],[-73.222976096916213,5.317733492215452],[-73.224199684392218,5.3174410467863042],[-73.223576238297397,5.3169409943080312],[-73.223999866941512,5.3168512918593214],[-73.224597058527849,5.3169255269319011],[-73.224770933611651,5.3163151286303654],[-73.224503328956075,5.3162399195845929],[-73.224695706560865,5.3160469494764904],[-73.224770933611651,5.3163151286303654],[-73.225109538279611,5.3162128085500608],[-73.225090622808239,5.3159779186351486],[-73.225363602943744,5.3157420058026519],[-73.226116104679008,5.3158023348302992],[-73.226409047963699,5.3170926450730684],[-73.22668935851938,5.3172961633061488],[-73.227098405270411,5.3168199138162944],[-73.227057524930871,5.3163122890582555],[-73.227184489473558,5.314774374012746],[-73.226922515858078,5.3145564139242012],[-73.226821294876103,5.3135646092438114],[-73.227493455035059,5.3132721183648037],[-73.226651685581359,5.3125717655539857],[-73.227083823477741,5.3118148344998408],[-73.227282800224131,5.3104724798454015],[-73.227579580514416,5.3105026911923838],[-73.227971262355425,5.3098166182959874],[-73.226863539137156,5.309570832490814],[-73.227403615053603,5.3093176497523835],[-73.228271500196385,5.3094059956097528],[-73.229058023643887,5.3091743271045004],[-73.229157560701836,5.3090541254163917],[-73.228889958765464,5.3089789181431861],[-73.229082332791549,5.3087859467776468],[-73.229157560701836,5.3090541254163917],[-73.229905656169024,5.3092462641485056],[-73.229638173394534,5.3098103146571667],[-73.229157885597786,5.3099340513746967],[-73.229444198121712,5.3106632816685195],[-73.228740679725931,5.3123880827600569],[-73.228352726421448,5.3126884654224655],[-73.228909019099675,5.3129164395231552],[-73.22878312021804,5.3137726051381602],[-73.229366497613867,5.3142236131576794],[-73.228940127396982,5.3145537437001851],[-73.228661325434231,5.3153156021170371],[-73.229496994076428,5.3146717077631207],[-73.229827669468122,5.3142867010378358],[-73.230405080467776,5.3153231336184081],[-73.229325451515734,5.317264416774873],[-73.230817863078713,5.3177141967145678],[-73.230763578160406,5.3183945596949194],[-73.231120294823512,5.3181263824862173],[-73.231456999458061,5.3177343555580459],[-73.23254526770009,5.3174054862533264],[-73.232588614709769,5.3168621843620256],[-73.232503013037061,5.3157993317042207],[-73.233202969050083,5.3145407198565247],[-73.233228383574485,5.3142221658337272],[-73.233210363439895,5.3139984149870276],[-73.233634271593502,5.3120468274837451],[-73.233211629484146,5.3120129474772151],[-73.23283258235854,5.3124542836339703],[-73.23275678187575,5.3122006518194489],[-73.232817587171397,5.311438519858763],[-73.232669295790274,5.309932738631109],[-73.232388171301935,5.3098228537310632],[-73.232669213316512,5.3097127571986018]],[[-73.221261999868787,5.3233558071431579],[-73.221529607300013,5.3234310174659845],[-73.221337226470368,5.3236239866777844],[-73.221261999868787,5.3233558071431579]],[[-73.220164581404561,5.3231362187143549],[-73.220651521177658,5.323207165270591],[-73.220233876824039,5.3236116754722245],[-73.220164581404561,5.3231362187143549]],[[-73.219067319337768,5.3233565913872543],[-73.219334926542032,5.323431802674377],[-73.219142544999656,5.3236247712292455],[-73.219067319337768,5.3233565913872543]],[[-73.221042296185303,5.3226959413697124],[-73.221355463522258,5.3229292673103092],[-73.220750402175824,5.3234245536296072],[-73.221042296185303,5.3226959413697124]],[[-73.221481310491811,5.3229157652703618],[-73.22174891775326,5.3229909755058591],[-73.221556537125906,5.3231839447802818],[-73.221481310491811,5.3229157652703618]],[[-73.220822592996072,5.3220360754843599],[-73.221327330628569,5.3221250588469164],[-73.220941940423515,5.3223153464432258],[-73.220822592996072,5.3220360754843599]],[[-73.221480759653659,5.3213758946565131],[-73.221748366241755,5.3214511049237148],[-73.221555986072758,5.3216440741876658],[-73.221480759653659,5.3213758946565131]],[[-73.223892833260621,5.3156555032726009],[-73.223892912712785,5.3158754847980498],[-73.223673447364064,5.3158755643997226],[-73.223673526741692,5.3160955459269266],[-73.223454061311756,5.3160956254538432],[-73.223454219921209,5.3165355885101571],[-73.223015288739816,5.3165357473430026],[-73.222940255352384,5.3168039810484098],[-73.222747738296448,5.3166111505008082],[-73.223015288739816,5.3165357473430026],[-73.223162636994346,5.3162435310477036],[-73.223454061311756,5.3160956254538432],[-73.223453982012018,5.3158756439233263],[-73.223673447364064,5.3158755643997226],[-73.22367336798979,5.3156555828709635],[-73.223892833260621,5.3156555032726009],[-73.223967866112801,5.3153872694646314],[-73.224160383136251,5.3155800996391447],[-73.223892833260621,5.3156555032726009]],[[-73.226086924262589,5.3141148325067622],[-73.226573857384452,5.3141857746769441],[-73.226156222900599,5.3145902885891338],[-73.226086924262589,5.3141148325067622]],[[-73.222136638095549,5.3143362485297683],[-73.222641369553756,5.3144252310930993],[-73.222255984477414,5.3146155193410003],[-73.222136638095549,5.3143362485297683]],[[-73.223014418265791,5.3141159503830782],[-73.223282021840248,5.3141911601260494],[-73.223089644328539,5.314384129799234],[-73.223014418265791,5.3141159503830782]],[[-73.224111423917975,5.3132356267493588],[-73.224855518878243,5.3133469010577654],[-73.223833886576145,5.3139815336509759],[-73.223434777389542,5.3137493425296496],[-73.224025811055213,5.313369777906586],[-73.224111423917975,5.3132356267493588]],[[-73.225647754739853,5.3134550486010559],[-73.225915358296987,5.313530257202439],[-73.225722981835688,5.3137232276571904],[-73.225647754739853,5.3134550486010559]],[[-73.230696418722431,5.3160929598459807],[-73.231009586044422,5.3163262809201202],[-73.230404539045125,5.3168215762170599],[-73.230696418722431,5.3160929598459807]],[[-73.232889832383847,5.312792414357884],[-73.233185070477361,5.312948145468547],[-73.232984070781626,5.3135172054768223],[-73.232889832383847,5.312792414357884],[-73.232622228433243,5.3127172088010415],[-73.232814602356839,5.3125242362962126],[-73.232889832383847,5.312792414357884]],[[-73.230035738228352,5.3099337250602288],[-73.230303340698853,5.3100089318108905],[-73.230110966706107,5.3102019035490509],[-73.230035738228352,5.3099337250602288]],[[-73.230913263418984,5.3090534716487907],[-73.231180865595192,5.3091286780332672],[-73.230988492148143,5.3093216500264679],[-73.230913263418984,5.3090534716487907]],[[-73.230474337760256,5.3090536355584748],[-73.230741939891587,5.3091288421354026],[-73.230549566302116,5.3093218139978537],[-73.230474337760256,5.3090536355584748]],[[-73.231132398602,5.3081734637162477],[-73.231427634042831,5.3083291958058085],[-73.231226634022576,5.3088982570103065],[-73.231132398602,5.3081734637162477]],[[-73.230474092724194,5.3083936911345004],[-73.230741694567513,5.3084688977255361],[-73.230549321173612,5.3086618695831485],[-73.230474092724194,5.3083936911345004]],[[-73.229815704910365,5.3083939363836352],[-73.230083306686367,5.3084691432632969],[-73.229890933078821,5.3086621149248083],[-73.229815704910365,5.3083939363836352]]]},"properties":{"OBJECTID":406,"Id":406,"gridcode":2,"Shape_Length":16606.009115964578,"Shape_Area":1307845.1902678197,"Sensibilidad":"Baja"}},{"type":"Feature","id":407,"geometry":{"type":"Polygon","coordinates":[[[-73.26032005082763,5.3061820264505695],[-73.260230561675854,5.3065321789127573],[-73.259881496424782,5.3070621351671088],[-73.260100958066431,5.3070620428388633],[-73.260101050217528,5.3072820238343343],[-73.260976157061791,5.3068416861305989],[-73.260690941523393,5.306256914625771],[-73.26032005082763,5.3061820264505695]]]},"properties":{"OBJECTID":407,"Id":407,"gridcode":4,"Shape_Length":381.0042603275981,"Shape_Area":7516.1577488753492,"Sensibilidad":"Alta"}},{"type":"Feature","id":408,"geometry":{"type":"Polygon","coordinates":[[[-73.212696857612116,5.3062002491005869],[-73.212816201454416,5.3064795220466108],[-73.213201581367159,5.3062892414073479],[-73.212696857612116,5.3062002491005869]]]},"properties":{"OBJECTID":408,"Id":408,"gridcode":3,"Shape_Length":137.91188823017376,"Shape_Area":797.53869970638618,"Sensibilidad":"Moderada"}},{"type":"Feature","id":409,"geometry":{"type":"Polygon","coordinates":[[[-73.223230955114772,5.3059765527275466],[-73.222952344153299,5.3060961803549818],[-73.223142181432493,5.3064824727191464],[-73.223230955114772,5.3059765527275466]]]},"properties":{"OBJECTID":409,"Id":409,"gridcode":3,"Shape_Length":137.91207509527436,"Shape_Area":797.54052696509484,"Sensibilidad":"Moderada"}},{"type":"Feature","id":410,"geometry":{"type":"Polygon","coordinates":[[[-73.218622255416989,5.305978199960963],[-73.218725599474638,5.306707732215159],[-73.219142903416255,5.306097331225601],[-73.218622255416989,5.305978199960963]]]},"properties":{"OBJECTID":410,"Id":410,"gridcode":3,"Shape_Length":222.3321901358911,"Shape_Area":2248.8983302883184,"Sensibilidad":"Moderada"}},{"type":"Feature","id":411,"geometry":{"type":"Polygon","coordinates":[[[-73.214013554283213,5.3059798128324633],[-73.213874483272406,5.3065482031439233],[-73.21485122244404,5.3067293150818342],[-73.214724216752089,5.3061623563848261],[-73.214013554283213,5.3059798128324633]]]},"properties":{"OBJECTID":411,"Id":411,"gridcode":2,"Shape_Length":320.14420472555759,"Shape_Area":5874.9229838919518,"Sensibilidad":"Baja"}},{"type":"Feature","id":412,"geometry":{"type":"Polygon","coordinates":[[[-73.252419261827413,5.3057453411552409],[-73.252501510527907,5.3069171194865179],[-73.253369250959295,5.3067444677038305],[-73.25319672027743,5.3058953002383697],[-73.252726168513377,5.3061453615524572],[-73.252567016228213,5.3058171868790982],[-73.252419261827413,5.3057453411552409]]]},"properties":{"OBJECTID":412,"Id":412,"gridcode":3,"Shape_Length":441.03491849188106,"Shape_Area":8795.700304526772,"Sensibilidad":"Moderada"}},{"type":"Feature","id":413,"geometry":{"type":"Polygon","coordinates":[[[-73.223230955114772,5.3059765527275466],[-73.223498500958769,5.3059011495299719],[-73.223305987261682,5.3057083189534637],[-73.223230955114772,5.3059765527275466]]]},"properties":{"OBJECTID":413,"Id":413,"gridcode":3,"Shape_Length":91.707227125523161,"Shape_Area":404.5201569490805,"Sensibilidad":"Moderada"}},{"type":"Feature","id":414,"geometry":{"type":"Polygon","coordinates":[[[-73.253955400935538,5.3055247308134437],[-73.254030638992631,5.3057929059803746],[-73.254223003907498,5.3055999271700367],[-73.253955400935538,5.3055247308134437]]]},"properties":{"OBJECTID":414,"Id":414,"gridcode":3,"Shape_Length":91.707227125857997,"Shape_Area":404.52015695125635,"Sensibilidad":"Moderada"}},{"type":"Feature","id":415,"geometry":{"type":"Polygon","coordinates":[[[-73.221475103272283,5.3055372210309937],[-73.221012473996993,5.3057720200696572],[-73.221383047340836,5.3062710990788799],[-73.221475103272283,5.3055372210309937]]]},"properties":{"OBJECTID":415,"Id":415,"gridcode":3,"Shape_Length":207.90671073716067,"Shape_Area":1945.2727608397265,"Sensibilidad":"Moderada"}},{"type":"Feature","id":416,"geometry":{"type":"Polygon","coordinates":[[[-73.264269979632743,5.3053004263645072],[-73.264270073229596,5.3055204072987658],[-73.264489534248966,5.3055203134392386],[-73.26448944057438,5.3053003325088994],[-73.264269979632743,5.3053004263645072]]]},"properties":{"OBJECTID":416,"Id":416,"gridcode":3,"Shape_Length":97.228480618447065,"Shape_Area":590.83609021073357,"Sensibilidad":"Moderada"}},{"type":"Feature","id":417,"geometry":{"type":"Polygon","coordinates":[[[-73.264269979632743,5.3053004263645072],[-73.263988945853598,5.3054105369286546],[-73.264270073229596,5.3055204072987658],[-73.264269979632743,5.3053004263645072]]]},"properties":{"OBJECTID":417,"Id":417,"gridcode":2,"Shape_Length":91.147540248804717,"Shape_Area":378.36463097422461,"Sensibilidad":"Baja"}},{"type":"Feature","id":418,"geometry":{"type":"Polygon","coordinates":[[[-73.253077466461505,5.3053051096957518],[-73.253196824582091,5.3055843740630557],[-73.25358219549824,5.3053940688095853],[-73.253077466461505,5.3053051096957518]]]},"properties":{"OBJECTID":418,"Id":418,"gridcode":3,"Shape_Length":137.91242411738116,"Shape_Area":797.54338871638504,"Sensibilidad":"Moderada"}},{"type":"Feature","id":419,"geometry":{"type":"Polygon","coordinates":[[[-73.221475103272283,5.3055372210309937],[-73.221742649174189,5.3054618185913194],[-73.221550136141275,5.3052689874366035],[-73.221475103272283,5.3055372210309937]]]},"properties":{"OBJECTID":419,"Id":419,"gridcode":3,"Shape_Length":91.707227126671569,"Shape_Area":404.52015695900593,"Sensibilidad":"Moderada"}},{"type":"Feature","id":420,"geometry":{"type":"Polygon","coordinates":[[[-73.22081663986998,5.3053174749191152],[-73.220538028688466,5.3054371014679944],[-73.220727864278288,5.3058233946531841],[-73.22081663986998,5.3053174749191152]]]},"properties":{"OBJECTID":420,"Id":420,"gridcode":3,"Shape_Length":137.9120750912696,"Shape_Area":797.54052692405116,"Sensibilidad":"Moderada"}},{"type":"Feature","id":421,"geometry":{"type":"Polygon","coordinates":[[[-73.217085791196297,5.3053187963070307],[-73.216175230789787,5.3056081166695188],[-73.215883356297155,5.306533309423247],[-73.215022788328923,5.3076590052226154],[-73.215897682965576,5.3076239420006219],[-73.216313835945741,5.3063047922537914],[-73.216541589353596,5.3060931156976077],[-73.217085791196297,5.3053187963070307]]]},"properties":{"OBJECTID":421,"Id":421,"gridcode":4,"Shape_Length":758.6344516049104,"Shape_Area":15265.206815149113,"Sensibilidad":"Alta"}},{"type":"Feature","id":422,"geometry":{"type":"Polygon","coordinates":[[[-73.26448944057438,5.3053003325088994],[-73.264379590183339,5.3050186329305751],[-73.264269979632743,5.3053004263645072],[-73.26448944057438,5.3053003325088994]]]},"properties":{"OBJECTID":422,"Id":422,"gridcode":2,"Shape_Length":91.147540242794477,"Shape_Area":378.36463092259294,"Sensibilidad":"Baja"}},{"type":"Feature","id":423,"geometry":{"type":"Polygon","coordinates":[[[-73.26032005082763,5.3061820264505695],[-73.260421478876737,5.3058438320267278],[-73.260854997384612,5.3054691316589295],[-73.260893994483638,5.3049800689249818],[-73.260335212807121,5.3052209590961557],[-73.25892683694579,5.3064382469947908],[-73.25846320567895,5.307180900641904],[-73.25822750699048,5.3073846199550649],[-73.25767406164357,5.3080290683135383],[-73.255813970991085,5.3087055104053578],[-73.254266811471325,5.3098060546962085],[-73.254058639381824,5.3096025195261412],[-73.253737288175529,5.3088245375195511],[-73.253417876445994,5.3090219924020268],[-73.252862420901181,5.3106787448455739],[-73.253008097836513,5.3111468768285528],[-73.252263608189679,5.3120148491608532],[-73.251188778839378,5.3122091638886753],[-73.251105163771314,5.3123453115743029],[-73.252530748903069,5.3125232516262031],[-73.253518805900782,5.3123996510768983],[-73.253738637470505,5.3121242537538871],[-73.253423470939836,5.3118806168951993],[-73.253614546711773,5.3115601902733998],[-73.254472644054587,5.3110452870166585],[-73.254844662962967,5.3101331062497028],[-73.25558890114101,5.3095795464071998],[-73.25633923232904,5.3093697774837709],[-73.256885719457003,5.3086594925287045],[-73.257627496641916,5.3087690533447995],[-73.258621627934588,5.3079992346521756],[-73.259577140337683,5.3067573152978254],[-73.26032005082763,5.3061820264505695]]]},"properties":{"OBJECTID":423,"Id":423,"gridcode":4,"Shape_Length":3164.5781678230446,"Shape_Area":118203.30098554106,"Sensibilidad":"Alta"}},{"type":"Feature","id":424,"geometry":{"type":"Polygon","coordinates":[[[-73.253955221051712,5.3050847685828781],[-73.254030459046376,5.305352943756187],[-73.254222823831554,5.3051599649496985],[-73.253955221051712,5.3050847685828781]]]},"properties":{"OBJECTID":424,"Id":424,"gridcode":3,"Shape_Length":91.707227125857997,"Shape_Area":404.52015695125635,"Sensibilidad":"Moderada"}},{"type":"Feature","id":425,"geometry":{"type":"Polygon","coordinates":[[[-73.250443843813258,5.3050862010312612],[-73.250093323790949,5.3052641210242601],[-73.250005275777497,5.3059663034084643],[-73.250224737201378,5.3059662146057143],[-73.250443843813258,5.3050862010312612]]]},"properties":{"OBJECTID":425,"Id":425,"gridcode":4,"Shape_Length":246.24387573803639,"Shape_Area":2591.9219097773525,"Sensibilidad":"Alta"}},{"type":"Feature","id":426,"geometry":{"type":"Polygon","coordinates":[[[-73.2460546209239,5.3050879635462005],[-73.246123933446512,5.3055634185683225],[-73.246541550175564,5.3051588902096647],[-73.2460546209239,5.3050879635462005]]]},"properties":{"OBJECTID":426,"Id":426,"gridcode":4,"Shape_Length":171.91494659668487,"Shape_Area":1386.5878639359469,"Sensibilidad":"Alta"}},{"type":"Feature","id":427,"geometry":{"type":"Polygon","coordinates":[[[-73.217305175948596,5.305098737503096],[-73.217085714313598,5.3050988146053166],[-73.217085791196297,5.3053187963070307],[-73.217305252909014,5.3053187192015958],[-73.217305175948596,5.305098737503096]]]},"properties":{"OBJECTID":427,"Id":427,"gridcode":4,"Shape_Length":97.228480622172356,"Shape_Area":590.83609025600913,"Sensibilidad":"Alta"}},{"type":"Feature","id":428,"geometry":{"type":"Polygon","coordinates":[[[-73.214232712765735,5.3050998098447852],[-73.213058937993281,5.3057786895737324],[-73.212696857612116,5.3062002491005869],[-73.213201581367159,5.3062892414073479],[-73.212816201454416,5.3064795220466108],[-73.212696857612116,5.3062002491005869],[-73.211967020902875,5.3065674158630971],[-73.211819234338591,5.306860495866327],[-73.212086836938013,5.3069357106607677],[-73.211894451262054,5.3071286769446111],[-73.211819234338591,5.306860495866327],[-73.211065432846752,5.3074248699972504],[-73.209289460793215,5.3086421914127708],[-73.208966964175019,5.3090612851115644],[-73.209522119348392,5.3089244039701544],[-73.209934477156324,5.3091238507412566],[-73.208755466796418,5.3095665065140114],[-73.208966964175019,5.3090612851115644],[-73.208617707187756,5.3091512507702783],[-73.207725428764533,5.3097340924480747],[-73.207341493835997,5.3102918761936788],[-73.207081905202315,5.310471658528277],[-73.20699230927309,5.3106018227747098],[-73.207502461241319,5.3107116424922145],[-73.206992382657617,5.3108218045817024],[-73.205691189160575,5.3119462443236287],[-73.204359831423474,5.3139024273227449],[-73.205116023447658,5.314508987786323],[-73.203949722075805,5.3156566660976461],[-73.204140438910528,5.3141224817725448],[-73.200816413748882,5.3166194717590693],[-73.19940869530096,5.3168596407263449],[-73.198463599583903,5.317232403578851],[-73.197433711027557,5.317520221739227],[-73.197338142607634,5.3176444050175462],[-73.197872221441983,5.3184421634092276],[-73.198122050380903,5.3183859414251442],[-73.19855505195801,5.3191457661435138],[-73.199320893599989,5.3189734182157444],[-73.199870178543037,5.3193316927748553],[-73.2001986688296,5.3188544810693088],[-73.200630493671056,5.3187432521646727],[-73.20082958206126,5.3185028574460906],[-73.201189138671822,5.3182032895429732],[-73.201909669533947,5.3173332536965994],[-73.202431529276069,5.3179625530964563],[-73.202944726447214,5.317762750652987],[-73.203371315415438,5.3175176631740575],[-73.204034015717042,5.3177670083438384],[-73.20446060422853,5.3175219201279651],[-73.20509402350784,5.3172463180206364],[-73.205677496715168,5.3165417714424139],[-73.205396376809048,5.3164318741982814],[-73.20567742371783,5.3163217896577937],[-73.205787063062886,5.3160400054587527],[-73.205896889484634,5.3163217164513119],[-73.20728284116629,5.315033676111713],[-73.206449053303004,5.3142598268243919],[-73.206752043130038,5.3138974515788471],[-73.207107437578614,5.3142272900309635],[-73.207338921308533,5.3144775466690763],[-73.207976778097773,5.3137870340994748],[-73.209508176858733,5.3125790986445542],[-73.209521198503097,5.3122469363656739],[-73.209226716875847,5.3119736248727056],[-73.209609325665326,5.311160279797007],[-73.210163021142634,5.3111380920833158],[-73.210636794230211,5.3113891729719072],[-73.211267701423566,5.3107061734446646],[-73.211705164057932,5.3102996065155441],[-73.211732021682465,5.3096144905061848],[-73.211047691856322,5.310046508091899],[-73.211060330643804,5.3103633854846484],[-73.210030936014576,5.3109098206584706],[-73.210617461028377,5.3100548351194883],[-73.211047788841725,5.3093863579554048],[-73.211297425670395,5.3091543512097141],[-73.211794634561272,5.3080973849288613],[-73.213236850358783,5.307752516185575],[-73.213258042977898,5.3072118725291508],[-73.213030499342636,5.3069658779543474],[-73.212916545974764,5.3068601187990803],[-73.212841512518466,5.3071283514912402],[-73.212648994901059,5.306935517484705],[-73.212916545974764,5.3068601187990803],[-73.21301210960479,5.3067359332511614],[-73.214013554283213,5.3059798128324633],[-73.214159189424052,5.305685880500735],[-73.214232712765735,5.3050998098447852]],[[-73.209406038916001,5.3095011000492711],[-73.210162069263077,5.3096327128711165],[-73.209591409731317,5.3102478931199748],[-73.209096231032746,5.3103097999334272],[-73.209406038916001,5.3095011000492711]],[[-73.199094014671545,5.3180838045011631],[-73.19936162083529,5.3181590246563601],[-73.199169227700963,5.3183519871931049],[-73.199094014671545,5.3180838045011631]],[[-73.203263155809253,5.3158826261358572],[-73.203612550506904,5.3157083994774927],[-73.203775852047229,5.315998701385916],[-73.203263227943765,5.3161026079569069],[-73.203153662669393,5.3166139618587636],[-73.203043762218272,5.3161026802235254],[-73.202762642935269,5.3159927817520689],[-73.203043690161664,5.3158826983994754],[-73.203153330651915,5.3156009146213377],[-73.203263155809253,5.3158826261358572]],[[-73.204579877032415,5.3156622091103261],[-73.204847482715053,5.3157374269059989],[-73.204655092076834,5.3159303910752156],[-73.204579877032415,5.3156622091103261]],[[-73.207212728248464,5.3134615125084617],[-73.207729457558472,5.3137451927543973],[-73.207318237833888,5.3139523477361763],[-73.207212728248464,5.3134615125084617]],[[-73.205018080749056,5.3134622453477309],[-73.205285685517808,5.3135374629933168],[-73.205093295677528,5.3137304272812829],[-73.205018080749056,5.3134622453477309]],[[-73.205676402076648,5.313242044508713],[-73.205944006818186,5.3133172618700231],[-73.20575161725634,5.3135102263539462],[-73.205676402076648,5.313242044508713]],[[-73.208089775414336,5.3110414176005083],[-73.20801473941485,5.3113096497731069],[-73.207822221889387,5.3111168142802834],[-73.208089775414336,5.3110414176005083],[-73.208164811353086,5.3107731854189915],[-73.208357328870065,5.3109660208071769],[-73.208089775414336,5.3110414176005083]],[[-73.210064131009204,5.3086209494006367],[-73.210331734193446,5.3086961649291364],[-73.210139347426406,5.3088891306990496],[-73.210064131009204,5.3086209494006367]]]},"properties":{"OBJECTID":428,"Id":428,"gridcode":2,"Shape_Length":8951.6353462863026,"Shape_Area":528747.14304996957,"Sensibilidad":"Baja"}},{"type":"Feature","id":429,"geometry":{"type":"Polygon","coordinates":[[[-73.215988329599384,5.30487921722853],[-73.216063551377118,5.3051473977524113],[-73.216255928419045,5.3049544302380962],[-73.215988329599384,5.30487921722853]]]},"properties":{"OBJECTID":429,"Id":429,"gridcode":2,"Shape_Length":91.707227122412775,"Shape_Area":404.52015692147995,"Sensibilidad":"Baja"}},{"type":"Feature","id":430,"geometry":{"type":"Polygon","coordinates":[[[-73.215110483273619,5.304879523287485],[-73.215205955208916,5.3056139967100204],[-73.215844713129599,5.3052550919150496],[-73.215405709340189,5.3050235082775226],[-73.215329944859889,5.3048794468896014],[-73.215110483273619,5.304879523287485]]]},"properties":{"OBJECTID":430,"Id":430,"gridcode":2,"Shape_Length":260.19414200813867,"Shape_Area":3305.5531332083783,"Sensibilidad":"Baja"}},{"type":"Feature","id":431,"geometry":{"type":"Polygon","coordinates":[[[-73.214671560091531,5.3048796758495582],[-73.214452098495684,5.3048797520137354],[-73.214452174442499,5.3050997337553341],[-73.214671636116066,5.3050996575879763],[-73.214671560091531,5.3048796758495582]]]},"properties":{"OBJECTID":431,"Id":431,"gridcode":2,"Shape_Length":97.228480622172356,"Shape_Area":590.83609025600913,"Sensibilidad":"Baja"}},{"type":"Feature","id":432,"geometry":{"type":"Polygon","coordinates":[[[-73.244518132792876,5.3044286292309781],[-73.244316270993181,5.3049439277196075],[-73.244833292120774,5.3046722710330823],[-73.244518132792876,5.3044286292309781]]]},"properties":{"OBJECTID":432,"Id":432,"gridcode":3,"Shape_Length":169.90765122781093,"Shape_Area":1294.7166814149818,"Sensibilidad":"Moderada"}},{"type":"Feature","id":433,"geometry":{"type":"Polygon","coordinates":[[[-73.240788404452488,5.3072898507177184],[-73.241114221078945,5.3071752418074691],[-73.241802260613596,5.3072023061666957],[-73.242708630081609,5.3095326867320471],[-73.242639491725797,5.3078013378252908],[-73.242210448066984,5.3074031827217789],[-73.242219214758677,5.3071793008851627],[-73.242209593649733,5.306938357694956],[-73.241332579386565,5.306523896178283],[-73.240050355154693,5.3054787421692637],[-73.239364124634506,5.3044144434636165],[-73.238926306959797,5.3050746476378148],[-73.240568857173741,5.3070699548661375],[-73.240788319143491,5.307069869396039],[-73.240788404452488,5.3072898507177184]]]},"properties":{"OBJECTID":433,"Id":433,"gridcode":4,"Shape_Length":1551.0182202265353,"Shape_Area":42564.199574627513,"Sensibilidad":"Alta"}},{"type":"Feature","id":434,"geometry":{"type":"Polygon","coordinates":[[[-73.246054272392414,5.3042080385334174],[-73.245917213916911,5.3047683277004811],[-73.246060617147577,5.3049578272722693],[-73.246498180445883,5.3043220381073155],[-73.246054272392414,5.3042080385334174]]]},"properties":{"OBJECTID":434,"Id":434,"gridcode":4,"Shape_Length":226.12688600037237,"Shape_Area":2682.8600357080186,"Sensibilidad":"Alta"}},{"type":"Feature","id":435,"geometry":{"type":"Polygon","coordinates":[[[-73.225205712872111,5.3048759283562221],[-73.225095715679927,5.3041405525781373],[-73.224681098782412,5.3047902560456093],[-73.22441355827182,5.3049620795926531],[-73.224242372482038,5.3053348241998339],[-73.225205712872111,5.3048759283562221]]]},"properties":{"OBJECTID":435,"Id":435,"gridcode":3,"Shape_Length":366.0530739864148,"Shape_Area":4711.4560454862531,"Sensibilidad":"Moderada"}},{"type":"Feature","id":436,"geometry":{"type":"Polygon","coordinates":[[[-73.223230322656647,5.3042166998375126],[-73.22330554743246,5.3044848793596415],[-73.22349792193495,5.3042919096896854],[-73.223230322656647,5.3042166998375126]]]},"properties":{"OBJECTID":436,"Id":436,"gridcode":3,"Shape_Length":91.707227127819976,"Shape_Area":404.52015696893136,"Sensibilidad":"Moderada"}},{"type":"Feature","id":437,"geometry":{"type":"Polygon","coordinates":[[[-73.221913555193325,5.3042171738238126],[-73.221530479028871,5.3042732699675526],[-73.220873108156795,5.304928066102903],[-73.22081663986998,5.3053174749191152],[-73.221840039206313,5.3048032451071547],[-73.221913555193325,5.3042171738238126]]]},"properties":{"OBJECTID":437,"Id":437,"gridcode":3,"Shape_Length":381.06715403324438,"Shape_Area":6981.7138606049648,"Sensibilidad":"Moderada"}},{"type":"Feature","id":438,"geometry":{"type":"Polygon","coordinates":[[[-73.217305175948596,5.305098737503096],[-73.218257377553172,5.3049844637869379],[-73.218715269009763,5.3042742755528538],[-73.217928000499199,5.3044104208434293],[-73.217650375820639,5.3047847990636852],[-73.217398745231776,5.3049725581642324],[-73.217305175948596,5.305098737503096]]]},"properties":{"OBJECTID":438,"Id":438,"gridcode":4,"Shape_Length":391.79659358932423,"Shape_Area":6444.1952328684883,"Sensibilidad":"Alta"}},{"type":"Feature","id":439,"geometry":{"type":"Polygon","coordinates":[[[-73.232886531223542,5.3039931567869898],[-73.232515837736244,5.3045889710010368],[-73.233110591337109,5.306566375108182],[-73.234137371602486,5.3077600718305087],[-73.23458285833054,5.3073750628827678],[-73.234297946189699,5.304279630683129],[-73.23345404645022,5.3043479187163483],[-73.232886531223542,5.3039931567869898]]]},"properties":{"OBJECTID":439,"Id":439,"gridcode":4,"Shape_Length":1056.4411096767117,"Shape_Area":58566.069210586589,"Sensibilidad":"Alta"}},{"type":"Feature","id":440,"geometry":{"type":"Polygon","coordinates":[[[-73.229814076790305,5.3039943063265937],[-73.229889304343047,5.30426248492918],[-73.230081676647274,5.3040695132999591],[-73.229814076790305,5.3039943063265937]]]},"properties":{"OBJECTID":440,"Id":440,"gridcode":3,"Shape_Length":91.707227127819976,"Shape_Area":404.52015696893136,"Sensibilidad":"Moderada"}},{"type":"Feature","id":441,"geometry":{"type":"Polygon","coordinates":[[[-73.237934049210168,5.3037712537249444],[-73.237829294772453,5.3043481444205396],[-73.237377827890413,5.3043119553193394],[-73.237056114706022,5.3053845184298734],[-73.236500101584156,5.3056334658957462],[-73.2352956651536,5.3066328848637268],[-73.235791585340507,5.3071736066358595],[-73.237786296665902,5.3057547853012874],[-73.238036163590721,5.3051929134844871],[-73.238271868463571,5.3049892015852151],[-73.238694253508484,5.3044272495881675],[-73.237934049210168,5.3037712537249444]]]},"properties":{"OBJECTID":441,"Id":441,"gridcode":4,"Shape_Length":1122.6878631202783,"Shape_Area":41216.571198154772,"Sensibilidad":"Alta"}},{"type":"Feature","id":442,"geometry":{"type":"Polygon","coordinates":[[[-73.223449625652222,5.3037766573357015],[-73.223524850460322,5.3040448368331594],[-73.22371722476133,5.3038518671008523],[-73.223449625652222,5.3037766573357015]]]},"properties":{"OBJECTID":442,"Id":442,"gridcode":3,"Shape_Length":91.707227123298281,"Shape_Area":404.52015693092858,"Sensibilidad":"Moderada"}},{"type":"Feature","id":443,"geometry":{"type":"Polygon","coordinates":[[[-73.221913555193325,5.3042171738238126],[-73.222414236616018,5.3039418456647667],[-73.222024503870017,5.3036992828677612],[-73.221913555193325,5.3042171738238126]]]},"properties":{"OBJECTID":443,"Id":443,"gridcode":3,"Shape_Length":172.59111455020002,"Shape_Area":1399.767976112835,"Sensibilidad":"Moderada"}},{"type":"Feature","id":444,"geometry":{"type":"Polygon","coordinates":[[[-73.218840942344286,5.303778305518021],[-73.218916165186585,5.3040464856592289],[-73.219108540979164,5.3038535173008876],[-73.218840942344286,5.303778305518021]]]},"properties":{"OBJECTID":444,"Id":444,"gridcode":4,"Shape_Length":91.70722712289151,"Shape_Area":404.52015692705379,"Sensibilidad":"Alta"}},{"type":"Feature","id":445,"geometry":{"type":"Polygon","coordinates":[[[-73.251540525812828,5.3035458873892392],[-73.251410738007763,5.3036357875342333],[-73.25123157045013,5.3038961280348875],[-73.2506439884109,5.3043031316776075],[-73.250443843813258,5.3050862010312612],[-73.250809010968013,5.3050121530557499],[-73.251030009480772,5.3045738195528234],[-73.251467127025734,5.3043519421192773],[-73.251540525812828,5.3035458873892392]]]},"properties":{"OBJECTID":445,"Id":445,"gridcode":4,"Shape_Length":460.08537965970112,"Shape_Area":8009.0505626498261,"Sensibilidad":"Alta"}},{"type":"Feature","id":446,"geometry":{"type":"Polygon","coordinates":[[[-73.217085176225268,5.3035589426496053],[-73.216646254033549,5.3035590965753912],[-73.216646330738214,5.303779078294462],[-73.216715620705756,5.3042545376230725],[-73.217028207876751,5.3039517751928145],[-73.217085176225268,5.3035589426496053]]]},"properties":{"OBJECTID":446,"Id":446,"gridcode":2,"Shape_Length":218.02181093312024,"Shape_Area":2606.8149178609856,"Sensibilidad":"Baja"}},{"type":"Feature","id":447,"geometry":{"type":"Polygon","coordinates":[[[-73.240786869439461,5.3033301866883198],[-73.240519327114015,5.3034055972329694],[-73.240711845175795,5.3035984222609613],[-73.240786869439461,5.3033301866883198]]]},"properties":{"OBJECTID":447,"Id":447,"gridcode":4,"Shape_Length":91.707227119637224,"Shape_Area":404.52015689605537,"Sensibilidad":"Alta"}},{"type":"Feature","id":448,"geometry":{"type":"Polygon","coordinates":[[[-73.219279709355646,5.3033381866658011],[-73.21937393004697,5.3040629824993628],[-73.219574939714192,5.3034939246650117],[-73.219279709355646,5.3033381866658011]]]},"properties":{"OBJECTID":448,"Id":448,"gridcode":4,"Shape_Length":184.41879903564109,"Shape_Area":1219.6009881663076,"Sensibilidad":"Alta"}},{"type":"Feature","id":449,"geometry":{"type":"Polygon","coordinates":[[[-73.217304560381763,5.3033388838588778],[-73.217085099368447,5.3033389609353812],[-73.217085176225268,5.3035589426496053],[-73.217304637316289,5.3035588655698929],[-73.217304560381763,5.3033388838588778]]]},"properties":{"OBJECTID":449,"Id":449,"gridcode":2,"Shape_Length":97.228480625897646,"Shape_Area":590.83609030128457,"Sensibilidad":"Baja"}},{"type":"Feature","id":450,"geometry":{"type":"Polygon","coordinates":[[[-73.249126283197654,5.303106902205613],[-73.249201518855656,5.3033750780940672],[-73.249393884628574,5.3031821007354418],[-73.249126283197654,5.303106902205613]]]},"properties":{"OBJECTID":450,"Id":450,"gridcode":3,"Shape_Length":91.707227125857997,"Shape_Area":404.52015695125635,"Sensibilidad":"Moderada"}},{"type":"Feature","id":451,"geometry":{"type":"Polygon","coordinates":[[[-73.223229848452704,5.3028968101043912],[-73.222962303849826,5.302972213139868],[-73.223154816561163,5.3031650438806421],[-73.223229848452704,5.3028968101043912]]]},"properties":{"OBJECTID":451,"Id":451,"gridcode":3,"Shape_Length":91.707227125857997,"Shape_Area":404.52015695125635,"Sensibilidad":"Moderada"}},{"type":"Feature","id":452,"geometry":{"type":"Polygon","coordinates":[[[-73.223229848452704,5.3028968101043912],[-73.223497392986204,5.3028214069557276],[-73.223304880283933,5.3026285763194689],[-73.223229848452704,5.3028968101043912]]]},"properties":{"OBJECTID":452,"Id":452,"gridcode":3,"Shape_Length":91.707227123896018,"Shape_Area":404.52015693358123,"Sensibilidad":"Moderada"}},{"type":"Feature","id":453,"geometry":{"type":"Polygon","coordinates":[[[-73.220157319445207,5.3026779297612556],[-73.219658617887816,5.302766219255922],[-73.220035360379342,5.3029638795564775],[-73.220157319445207,5.3026779297612556]]]},"properties":{"OBJECTID":453,"Id":453,"gridcode":4,"Shape_Length":137.5506355238609,"Shape_Area":806.72814898145737,"Sensibilidad":"Alta"}},{"type":"Feature","id":454,"geometry":{"type":"Polygon","coordinates":[[[-73.241664369798258,5.3024499189198488],[-73.241752467619037,5.3029498003490962],[-73.241949646194342,5.3025721572607232],[-73.241664369798258,5.3024499189198488]]]},"properties":{"OBJECTID":454,"Id":454,"gridcode":2,"Shape_Length":137.55063552321914,"Shape_Area":806.72814895850684,"Sensibilidad":"Baja"}},{"type":"Feature","id":455,"geometry":{"type":"Polygon","coordinates":[[[-73.238372464571697,5.30245119634532],[-73.238521278891028,5.3027341347924652],[-73.239106596563644,5.3025465305150465],[-73.238372464571697,5.30245119634532]]]},"properties":{"OBJECTID":455,"Id":455,"gridcode":4,"Shape_Length":185.39585473903202,"Shape_Area":1184.2311170863884,"Sensibilidad":"Alta"}},{"type":"Feature","id":456,"geometry":{"type":"Polygon","coordinates":[[[-73.230471888789808,5.3024541906857534],[-73.230591236341425,5.3027334599312974],[-73.23097661141999,5.3025431685141253],[-73.230471888789808,5.3024541906857534]]]},"properties":{"OBJECTID":456,"Id":456,"gridcode":3,"Shape_Length":137.91207509515033,"Shape_Area":797.54052696111489,"Sensibilidad":"Moderada"}},{"type":"Feature","id":457,"geometry":{"type":"Polygon","coordinates":[[[-73.226741059781531,5.3024555696012774],[-73.226649482669217,5.3025837433911915],[-73.225918028788684,5.302777461627298],[-73.226216975460844,5.3029920707361704],[-73.226159470699798,5.3032843387593518],[-73.225738216578918,5.3032010597000472],[-73.225364789650698,5.3041726381557863],[-73.227043119628249,5.3045271345211802],[-73.226807745527083,5.3033354715598264],[-73.226951192392775,5.3026064210738744],[-73.226741059781531,5.3024555696012774]]]},"properties":{"OBJECTID":457,"Id":457,"gridcode":3,"Shape_Length":772.39891197910322,"Shape_Area":24687.556406040661,"Sensibilidad":"Moderada"}},{"type":"Feature","id":458,"geometry":{"type":"Polygon","coordinates":[[[-73.224107532834196,5.3024565294047434],[-73.223802028031528,5.3032025018684319],[-73.224104778020148,5.3036482800048681],[-73.224418698001401,5.3026799126392801],[-73.224107532834196,5.3024565294047434]]]},"properties":{"OBJECTID":458,"Id":458,"gridcode":3,"Shape_Length":303.58875425506898,"Shape_Area":4488.2835278337825,"Sensibilidad":"Moderada"}},{"type":"Feature","id":459,"geometry":{"type":"Polygon","coordinates":[[[-73.220157319445207,5.3026779297612556],[-73.220656020844757,5.3025896398700825],[-73.220279278403254,5.3023919799440273],[-73.220157319445207,5.3026779297612556]]]},"properties":{"OBJECTID":459,"Id":459,"gridcode":4,"Shape_Length":137.55063552240279,"Shape_Area":806.72814892407541,"Sensibilidad":"Alta"}},{"type":"Feature","id":460,"geometry":{"type":"Polygon","coordinates":[[[-73.238591756042084,5.3020111489440271],[-73.23832421396817,5.3020865585286767],[-73.238516730952483,5.3022793842975258],[-73.238591756042084,5.3020111489440271]]]},"properties":{"OBJECTID":460,"Id":460,"gridcode":4,"Shape_Length":91.707227126671569,"Shape_Area":404.52015695900593,"Sensibilidad":"Alta"}},{"type":"Feature","id":461,"geometry":{"type":"Polygon","coordinates":[[[-73.265365781071324,5.3017802614603262],[-73.264589554331295,5.3018824043140222],[-73.263480203381704,5.3021872448619121],[-73.263510053290375,5.302557647861228],[-73.26229269598258,5.3041171217046807],[-73.261753422325256,5.3049809576768867],[-73.261491051426944,5.3049599386321686],[-73.261064961923154,5.3054560964468855],[-73.261100324608961,5.3058949258044148],[-73.261836176617706,5.3058353462769041],[-73.262427394745984,5.305146903027369],[-73.262393304516593,5.3047238729616462],[-73.262850633568249,5.3047605111512794],[-73.263315039153838,5.3040166021421618],[-73.264836293828651,5.302701725887065],[-73.265365781071324,5.3017802614603262]]]},"properties":{"OBJECTID":461,"Id":461,"gridcode":4,"Shape_Length":1453.5107458781383,"Shape_Area":54474.656883399206,"Sensibilidad":"Alta"}},{"type":"Feature","id":462,"geometry":{"type":"Polygon","coordinates":[[[-73.250881433690239,5.3017863053527279],[-73.250613893447579,5.3018617201799465],[-73.250806413996031,5.3020545419522058],[-73.250881433690239,5.3017863053527279]]]},"properties":{"OBJECTID":462,"Id":462,"gridcode":3,"Shape_Length":91.707227122005975,"Shape_Area":404.52015691760516,"Sensibilidad":"Moderada"}},{"type":"Feature","id":463,"geometry":{"type":"Polygon","coordinates":[[[-73.229374342680586,5.3017946539694396],[-73.229449569738591,5.3020628326642933],[-73.229641941533799,5.3018698611818031],[-73.229374342680586,5.3017946539694396]]]},"properties":{"OBJECTID":463,"Id":463,"gridcode":3,"Shape_Length":91.707227125857997,"Shape_Area":404.52015695125635,"Sensibilidad":"Moderada"}},{"type":"Feature","id":464,"geometry":{"type":"Polygon","coordinates":[[[-73.226082438023525,5.3017958658359765],[-73.226192270727623,5.3020775730770549],[-73.22630189835769,5.301795785589869],[-73.226082438023525,5.3017958658359765]]]},"properties":{"OBJECTID":464,"Id":464,"gridcode":2,"Shape_Length":91.147540245334497,"Shape_Area":378.36463095158689,"Sensibilidad":"Baja"}},{"type":"Feature","id":465,"geometry":{"type":"Polygon","coordinates":[[[-73.251540525812828,5.3035458873892392],[-73.251950861427503,5.3034401571617273],[-73.252308205721292,5.302481685487753],[-73.252848810048746,5.3026029350532635],[-73.253824106732949,5.3019273629447259],[-73.253625025813548,5.3016251450211129],[-73.252287955121162,5.3020955618889145],[-73.251759540729168,5.3024458922364097],[-73.251927430798119,5.3027841033856591],[-73.251614102604748,5.3031797949822499],[-73.251540525812828,5.3035458873892392]]]},"properties":{"OBJECTID":465,"Id":465,"gridcode":4,"Shape_Length":758.61477294198312,"Shape_Area":15803.551255682713,"Sensibilidad":"Alta"}},{"type":"Feature","id":466,"geometry":{"type":"Polygon","coordinates":[[[-73.241883487665703,5.3015699077730227],[-73.241615946242987,5.3016453187556838],[-73.24180846405946,5.3018381434626685],[-73.241883487665703,5.3015699077730227]]]},"properties":{"OBJECTID":466,"Id":466,"gridcode":2,"Shape_Length":91.707227125523161,"Shape_Area":404.5201569490805,"Sensibilidad":"Baja"}},{"type":"Feature","id":467,"geometry":{"type":"Polygon","coordinates":[[[-73.229374342680586,5.3017946539694396],[-73.229264508613937,5.3015129473506901],[-73.229154882393914,5.3017947353055304],[-73.229374342680586,5.3017946539694396]]]},"properties":{"OBJECTID":467,"Id":467,"gridcode":3,"Shape_Length":91.147540242794477,"Shape_Area":378.36463092259294,"Sensibilidad":"Moderada"}},{"type":"Feature","id":468,"geometry":{"type":"Polygon","coordinates":[[[-73.226082358008085,5.3015758842437348],[-73.226082438023525,5.3017958658359765],[-73.22630189835769,5.301795785589869],[-73.226301818264574,5.3015758040009757],[-73.226082358008085,5.3015758842437348]]]},"properties":{"OBJECTID":468,"Id":468,"gridcode":3,"Shape_Length":97.228480622172356,"Shape_Area":590.83609025600913,"Sensibilidad":"Moderada"}},{"type":"Feature","id":469,"geometry":{"type":"Polygon","coordinates":[[[-73.226082358008085,5.3015758842437348],[-73.225801318316741,5.3016859777015632],[-73.226082438023525,5.3017958658359765],[-73.226082358008085,5.3015758842437348]]]},"properties":{"OBJECTID":469,"Id":469,"gridcode":2,"Shape_Length":91.147540240129146,"Shape_Area":378.36463091763022,"Sensibilidad":"Baja"}},{"type":"Feature","id":470,"geometry":{"type":"Polygon","coordinates":[[[-73.22520451694848,5.3015762044362509],[-73.225279742198495,5.3018443837185076],[-73.225472115279103,5.3016514134786794],[-73.22520451694848,5.3015762044362509]]]},"properties":{"OBJECTID":470,"Id":470,"gridcode":3,"Shape_Length":91.707227124302804,"Shape_Area":404.52015693745608,"Sensibilidad":"Moderada"}},{"type":"Feature","id":471,"geometry":{"type":"Polygon","coordinates":[[[-73.220595850509909,5.3015778650105227],[-73.220328306101052,5.3016532668994572],[-73.220520817603656,5.3018460985196194],[-73.220595850509909,5.3015778650105227]]]},"properties":{"OBJECTID":471,"Id":471,"gridcode":2,"Shape_Length":91.707227126671569,"Shape_Area":404.52015695900593,"Sensibilidad":"Baja"}},{"type":"Feature","id":472,"geometry":{"type":"Polygon","coordinates":[[[-73.265365781071324,5.3017802614603262],[-73.265644380253448,5.3016606151729064],[-73.265454518759029,5.301274336949426],[-73.265365781071324,5.3017802614603262]]]},"properties":{"OBJECTID":472,"Id":472,"gridcode":4,"Shape_Length":137.91197374991859,"Shape_Area":797.53854764946379,"Sensibilidad":"Alta"}},{"type":"Feature","id":473,"geometry":{"type":"Polygon","coordinates":[[[-73.220595850509909,5.3015778650105227],[-73.220863394849445,5.3015024630083971],[-73.220670883355822,5.3013096314927122],[-73.220595850509909,5.3015778650105227]]]},"properties":{"OBJECTID":473,"Id":473,"gridcode":2,"Shape_Length":91.707227125523161,"Shape_Area":404.5201569490805,"Sensibilidad":"Baja"}},{"type":"Feature","id":474,"geometry":{"type":"Polygon","coordinates":[[[-73.250881433690239,5.3017863053527279],[-73.25183831498353,5.301539746763785],[-73.252287537918988,5.3010676930236826],[-73.251208854127853,5.3013105456511864],[-73.250881433690239,5.3017863053527279]]]},"properties":{"OBJECTID":474,"Id":474,"gridcode":3,"Shape_Length":367.82901172925108,"Shape_Area":4740.0676502175029,"Sensibilidad":"Moderada"}},{"type":"Feature","id":475,"geometry":{"type":"Polygon","coordinates":[[[-73.238591756042084,5.3020111489440271],[-73.239030676467536,5.3020109794912971],[-73.23903033808277,5.3011310539315337],[-73.238591418278659,5.3011312233559931],[-73.238591756042084,5.3020111489440271]]]},"properties":{"OBJECTID":475,"Id":475,"gridcode":4,"Shape_Length":291.68544186651707,"Shape_Area":4726.688722048073,"Sensibilidad":"Alta"}},{"type":"Feature","id":476,"geometry":{"type":"Polygon","coordinates":[[[-73.2201568519056,5.3013580396868667],[-73.220424396212749,5.3012826378757838],[-73.22023188492058,5.301089806213592],[-73.2201568519056,5.3013580396868667]]]},"properties":{"OBJECTID":476,"Id":476,"gridcode":2,"Shape_Length":91.707227127819976,"Shape_Area":404.52015696893136,"Sensibilidad":"Baja"}},{"type":"Feature","id":477,"geometry":{"type":"Polygon","coordinates":[[[-73.219717853602106,5.3011382140372065],[-73.217831705724223,5.3027605011757419],[-73.217523944382876,5.3031188249951553],[-73.218130060792234,5.3035200070020263],[-73.219121207164875,5.3020435140274138],[-73.219923087430445,5.3022234045951739],[-73.219799878312728,5.3016733967651897],[-73.220067263379633,5.3014882057020181],[-73.2201568519056,5.3013580396868667],[-73.219717931358574,5.3013581957282483],[-73.219717853602106,5.3011382140372065]]]},"properties":{"OBJECTID":477,"Id":477,"gridcode":2,"Shape_Length":884.29844620284564,"Shape_Area":19731.75046335084,"Sensibilidad":"Baja"}},{"type":"Feature","id":478,"geometry":{"type":"Polygon","coordinates":[[[-73.242322150405656,5.3009097919822965],[-73.242397382856083,5.3011779688659928],[-73.242589750191101,5.3009849935432429],[-73.242322150405656,5.3009097919822965]]]},"properties":{"OBJECTID":478,"Id":478,"gridcode":3,"Shape_Length":91.707227123896018,"Shape_Area":404.52015693358123,"Sensibilidad":"Moderada"}},{"type":"Feature","id":479,"geometry":{"type":"Polygon","coordinates":[[[-73.219937235968743,5.3009181543693407],[-73.21971777584892,5.3009182323446007],[-73.219717853602106,5.3011382140372065],[-73.219937313799591,5.3011381360586922],[-73.219937235968743,5.3009181543693407]]]},"properties":{"OBJECTID":479,"Id":479,"gridcode":2,"Shape_Length":97.228480622172356,"Shape_Area":590.83609025600913,"Sensibilidad":"Baja"}},{"type":"Feature","id":480,"geometry":{"type":"Polygon","coordinates":[[[-73.240786869439461,5.3033301866883198],[-73.241073549737933,5.3030912963855146],[-73.240860493384886,5.3010041173162268],[-73.240523749728212,5.3005906956335025],[-73.240247584728479,5.3013048999821466],[-73.240688555486358,5.3016717782274432],[-73.240643116583087,5.3021203450043206],[-73.240688025568431,5.302560290313088],[-73.24064762057489,5.3029591599242565],[-73.240786869439461,5.3033301866883198]]]},"properties":{"OBJECTID":480,"Id":480,"gridcode":4,"Shape_Length":666.99376523682315,"Shape_Area":11694.482093880088,"Sensibilidad":"Alta"}},{"type":"Feature","id":481,"geometry":{"type":"Polygon","coordinates":[[[-73.221692838360312,5.3006975461001282],[-73.221780919932613,5.3011974311159049],[-73.221978110410788,5.3008197938651866],[-73.221692838360312,5.3006975461001282]]]},"properties":{"OBJECTID":481,"Id":481,"gridcode":4,"Shape_Length":137.5506355283535,"Shape_Area":806.72814899921593,"Sensibilidad":"Alta"}},{"type":"Feature","id":482,"geometry":{"type":"Polygon","coordinates":[[[-73.244516574848618,5.3004689659348951],[-73.24476014771416,5.3010371871995288],[-73.244593090656977,5.3017029102875917],[-73.245482661611859,5.3019920185037561],[-73.245043045410881,5.3006004188530582],[-73.244516574848618,5.3004689659348951]]]},"properties":{"OBJECTID":482,"Id":482,"gridcode":4,"Shape_Length":469.15028130257281,"Shape_Area":9138.0118108589268,"Sensibilidad":"Alta"}},{"type":"Feature","id":483,"geometry":{"type":"Polygon","coordinates":[[[-73.242322150405656,5.3009097919822965],[-73.24224819727786,5.3003237768026503],[-73.24184949196686,5.3001761327729815],[-73.242169607526634,5.3008325145058066],[-73.242322150405656,5.3009097919822965]]]},"properties":{"OBJECTID":483,"Id":483,"gridcode":3,"Shape_Length":212.00673570662565,"Shape_Area":1824.2470544223247,"Sensibilidad":"Moderada"}},{"type":"Feature","id":484,"geometry":{"type":"Polygon","coordinates":[[[-73.238152161375027,5.3002514668277909],[-73.238232501621084,5.3006495849934909],[-73.23886234536262,5.3003409566303965],[-73.238152161375027,5.3002514668277909]]]},"properties":{"OBJECTID":484,"Id":484,"gridcode":2,"Shape_Length":201.80994380938395,"Shape_Area":1686.1367388731398,"Sensibilidad":"Baja"}},{"type":"Feature","id":485,"geometry":{"type":"Polygon","coordinates":[[[-73.225862498109834,5.3004760564072821],[-73.225787272802037,5.3002078771877486],[-73.225594900251124,5.300400847511284],[-73.225862498109834,5.3004760564072821]]]},"properties":{"OBJECTID":485,"Id":485,"gridcode":3,"Shape_Length":91.707227118823653,"Shape_Area":404.52015688830573,"Sensibilidad":"Moderada"}},{"type":"Feature","id":486,"geometry":{"type":"Polygon","coordinates":[[[-73.220375922259748,5.3002580531274024],[-73.219937235968743,5.3009181543693407],[-73.220595616308557,5.3009179199764977],[-73.220595382136779,5.3002579749284005],[-73.220375922259748,5.3002580531274024]]]},"properties":{"OBJECTID":486,"Id":486,"gridcode":2,"Shape_Length":257.79040917333685,"Shape_Area":3545.0165416605623,"Sensibilidad":"Baja"}},{"type":"Feature","id":487,"geometry":{"type":"Polygon","coordinates":[[[-73.250008022742577,5.31278571916648],[-73.249248004362187,5.312647073078498],[-73.249450800852685,5.3117878491309938],[-73.250126354821148,5.310922490876024],[-73.250073641453284,5.3102682179214531],[-73.250548545810972,5.3102297764667163],[-73.251102406486808,5.3108736315163894],[-73.2514446714641,5.3102581485391251],[-73.251195650652335,5.3093475648970454],[-73.251745651207798,5.3093916353001838],[-73.252188109473963,5.3079164001957171],[-73.253252580437717,5.307320519332583],[-73.254851135614842,5.3074486062868047],[-73.256849238042392,5.3066876230974369],[-73.258713985957996,5.3045030592425011],[-73.257584285951424,5.3045945228553073],[-73.257811503583696,5.3042705656054236],[-73.258930169945913,5.3037696526181053],[-73.260200765499803,5.3028543228566738],[-73.259884558178513,5.3023720388248954],[-73.258899941663842,5.3019321337556891],[-73.259102876857042,5.3014447646239207],[-73.259980398460954,5.3006862982229102],[-73.259639342501174,5.2997443184368018],[-73.258083987818836,5.299619699037506],[-73.25692424453284,5.3005821090200937],[-73.255146578470146,5.3007871267528506],[-73.255553209832669,5.301895638971251],[-73.255158544086683,5.3023551991806723],[-73.254941476075587,5.3018681218573622],[-73.254541974958642,5.3027665450313775],[-73.254275219814289,5.3025630338865639],[-73.253986518757031,5.3022274207433115],[-73.253615605801699,5.3025480017573425],[-73.253643992510476,5.3029003137886841],[-73.2529587208235,5.303207156973504],[-73.252529531060006,5.3038946326111889],[-73.252141743956557,5.3034438320943167],[-73.252080529312209,5.3040949525132826],[-73.25212867002179,5.3046924629672922],[-73.251877404435817,5.3049850367124112],[-73.251525904013462,5.3049568732182015],[-73.25107551172843,5.3059697230426446],[-73.250775704457482,5.3056211965642399],[-73.250224737201378,5.3059662146057143],[-73.250005275777497,5.3059663034084643],[-73.249905748578229,5.3067484994503085],[-73.249476513808915,5.3067048182736531],[-73.248806359174594,5.3071886738652116],[-73.248368351805709,5.3071441025937975],[-73.248150578957279,5.3074071028320722],[-73.247283121943113,5.3081299588554129],[-73.247592164781778,5.308387068402058],[-73.247667186519053,5.3081188321460644],[-73.247859708226102,5.3083116547488514],[-73.247592164781778,5.308387068402058],[-73.247027872655849,5.3093690297171632],[-73.246782221004025,5.30913282664104],[-73.24684980141113,5.3082855549751775],[-73.246157539130621,5.3084894521256025],[-73.245798939825079,5.3092958482407315],[-73.245080028163613,5.3103130269601158],[-73.245719554787826,5.3108648675245149],[-73.244871124148887,5.3118712455275663],[-73.244548025623558,5.3111462269084075],[-73.244387716511881,5.31161470385321],[-73.244449094563947,5.3123766184391643],[-73.243801319604643,5.3134141777539581],[-73.242900586337214,5.314462958318888],[-73.242104611007065,5.3151508888163983],[-73.24175457201504,5.3157803253794302],[-73.241834532797625,5.316772957190941],[-73.240555550362345,5.3171243528651599],[-73.24013376517226,5.3169692839796712],[-73.240042979644755,5.3175481363706014],[-73.239632577705549,5.3174560854710489],[-73.239475793764512,5.3180694462811653],[-73.240986448864362,5.3177299975258894],[-73.241771720744453,5.31729043592133],[-73.243325689642219,5.3165946631807168],[-73.244413228661827,5.3166818199320094],[-73.24528169231651,5.3166115277440484],[-73.246379884759676,5.3157487440737263],[-73.24694884809746,5.3154939904868019],[-73.247559396843158,5.3145160503449311],[-73.248614204721605,5.3136044059056307],[-73.249736477446035,5.3131019026362205],[-73.250008022742577,5.31278571916648]],[[-73.242766833730002,5.3156483657882223],[-73.24303443999554,5.3157235668273426],[-73.242842068446535,5.3159165423996786],[-73.242766833730002,5.3156483657882223]],[[-73.24210843880293,5.3156486244887819],[-73.242613173491804,5.3157375905400306],[-73.242227794291395,5.3159278910204737],[-73.24210843880293,5.3156486244887819]],[[-73.245399455425854,5.3132275308212309],[-73.24558205722488,5.3137031387506406],[-73.244596204625338,5.3144255786376959],[-73.24428922678527,5.3141194044676663],[-73.245399455425854,5.3132275308212309],[-73.245474478611726,5.3129592948022122],[-73.245667001240577,5.3131521180202448],[-73.245399455425854,5.3132275308212309]],[[-73.245838209170344,5.312787393775638],[-73.246105814496616,5.3128625935296778],[-73.245913444794198,5.3130555699922546],[-73.245838209170344,5.312787393775638]],[[-73.246277049632937,5.3125672376348767],[-73.246544654907439,5.3126424372011209],[-73.246352285412982,5.3128354137923672],[-73.246277049632937,5.3125672376348767]],[[-73.247374193241001,5.3121268365639054],[-73.247904803406925,5.3122669265400875],[-73.247159086286175,5.3126521238347513],[-73.247374193241001,5.3121268365639054]],[[-73.249347774877791,5.3081663811591309],[-73.24949615807455,5.3082689843022859],[-73.250011496684721,5.3090615387216813],[-73.249354565781445,5.3100160753997052],[-73.249087339532892,5.3092310534750018],[-73.249347774877791,5.3081663811591309]],[[-73.246056451676239,5.3097075694527449],[-73.245981429073609,5.3099758055407076],[-73.245788907382789,5.3097829823598168],[-73.246056451676239,5.3097075694527449],[-73.24613147421897,5.309439333356317],[-73.246323995899758,5.3096321564325804],[-73.246056451676239,5.3097075694527449]],[[-73.24978652227955,5.3077262415346507],[-73.250973592912445,5.3080310844531802],[-73.250255908931422,5.3083388074569351],[-73.249876300198395,5.3080763202764087],[-73.24978652227955,5.3077262415346507]],[[-73.252419261827413,5.3057453411552409],[-73.252567016228213,5.3058171868790982],[-73.252726168513377,5.3061453615524572],[-73.25319672027743,5.3058953002383697],[-73.253369250959295,5.3067444677038305],[-73.252501510527907,5.3069171194865179],[-73.252419261827413,5.3057453411552409]],[[-73.253955400935538,5.3055247308134437],[-73.254223003907498,5.3055999271700367],[-73.254030638992631,5.3057929059803746],[-73.253955400935538,5.3055247308134437]],[[-73.253077466461505,5.3053051096957518],[-73.25358219549824,5.3053940688095853],[-73.253196824582091,5.3055843740630557],[-73.253077466461505,5.3053051096957518]],[[-73.253955221051712,5.3050847685828781],[-73.254222823831554,5.3051599649496985],[-73.254030459046376,5.305352943756187],[-73.253955221051712,5.3050847685828781]]]},"properties":{"OBJECTID":487,"Id":487,"gridcode":2,"Shape_Length":11365.287379824167,"Shape_Area":1072273.2478817899,"Sensibilidad":"Baja"}},{"type":"Feature","id":488,"geometry":{"type":"Polygon","coordinates":[[[-73.253952973780542,5.2995852401733208],[-73.253685434908093,5.2996606562711221],[-73.253877955649898,5.2998534770883321],[-73.253952973780542,5.2995852401733208]]]},"properties":{"OBJECTID":488,"Id":488,"gridcode":2,"Shape_Length":91.707227120857581,"Shape_Area":404.52015690767973,"Sensibilidad":"Baja"}},{"type":"Feature","id":489,"geometry":{"type":"Polygon","coordinates":[[[-73.251759540729168,5.3024458922364097],[-73.251860972993896,5.3021076989802172],[-73.252535323743473,5.3012438595255542],[-73.253018959439231,5.3004691693941055],[-73.252942312805303,5.2995178598860626],[-73.251445804012988,5.3007597108739724],[-73.251218476483871,5.3010244144277969],[-73.250361671028401,5.3017649528288047],[-73.25011359948391,5.3025920639449575],[-73.249227805233701,5.3029886905282986],[-73.249126283197654,5.303106902205613],[-73.249393884628574,5.3031821007354418],[-73.249201518855656,5.3033750780940672],[-73.249126283197654,5.303106902205613],[-73.248760792917921,5.303400517664266],[-73.248225029204377,5.3040717033101688],[-73.247932053064261,5.3047694094323559],[-73.247591004038782,5.3050433881344041],[-73.247975629105738,5.3056986563269923],[-73.248688364072322,5.3056094994026335],[-73.249028503256696,5.3056517703504618],[-73.249224707838437,5.3051845164772633],[-73.250063203463753,5.3037533835617694],[-73.250784513446305,5.3034483716806786],[-73.250979508344514,5.3029839944488879],[-73.251759540729168,5.3024458922364097]],[[-73.250881433690239,5.3017863053527279],[-73.250806413996031,5.3020545419522058],[-73.250613893447579,5.3018617201799465],[-73.250881433690239,5.3017863053527279],[-73.251208854127853,5.3013105456511864],[-73.252287537918988,5.3010676930236826],[-73.25183831498353,5.301539746763785],[-73.250881433690239,5.3017863053527279]]]},"properties":{"OBJECTID":489,"Id":489,"gridcode":2,"Shape_Length":2484.2053737259012,"Shape_Area":102795.27954375985,"Sensibilidad":"Baja"}},{"type":"Feature","id":490,"geometry":{"type":"Polygon","coordinates":[[[-73.251319464245498,5.2995863152575247],[-73.250756726918127,5.299682372459424],[-73.249907422933063,5.3003709831810868],[-73.249001581874651,5.3010029687799438],[-73.248810477809201,5.3012513503246073],[-73.248343378561955,5.3014431958832358],[-73.247193944831892,5.3021838676316673],[-73.246836016120795,5.302955455573831],[-73.247675520299467,5.3032033138465469],[-73.249031330315034,5.3021948856049015],[-73.249536318056187,5.3015385447762835],[-73.250052028488852,5.301139204307284],[-73.250832023532922,5.300013968636363],[-73.251223912915904,5.2997105063679877],[-73.251319464245498,5.2995863152575247]]]},"properties":{"OBJECTID":490,"Id":490,"gridcode":4,"Shape_Length":1313.6638464214579,"Shape_Area":48363.008793964189,"Sensibilidad":"Alta"}},{"type":"Feature","id":491,"geometry":{"type":"Polygon","coordinates":[[[-73.251538834406418,5.299366244897362],[-73.25131937533547,5.2993663340559642],[-73.251319464245498,5.2995863152575247],[-73.251538923394094,5.2995862260952009],[-73.251538834406418,5.299366244897362]]]},"properties":{"OBJECTID":491,"Id":491,"gridcode":4,"Shape_Length":97.228480622172356,"Shape_Area":590.83609025600913,"Sensibilidad":"Alta"}},{"type":"Feature","id":492,"geometry":{"type":"Polygon","coordinates":[[[-73.251758204412056,5.2991461744652417],[-73.251538745422494,5.2991462636979358],[-73.251538834406418,5.299366244897362],[-73.251758293473628,5.2993661556609402],[-73.251758204412056,5.2991461744652417]]]},"properties":{"OBJECTID":492,"Id":492,"gridcode":4,"Shape_Length":97.228480625897646,"Shape_Area":590.83609030128457,"Sensibilidad":"Alta"}},{"type":"Feature","id":493,"geometry":{"type":"Polygon","coordinates":[[[-73.240126787935708,5.2989308151766679],[-73.240275240641225,5.3003840762572541],[-73.240736601776035,5.3003467388175647],[-73.240659583563456,5.2993905766996328],[-73.240126787935708,5.2989308151766679]]]},"properties":{"OBJECTID":493,"Id":493,"gridcode":4,"Shape_Length":396.54871435566292,"Shape_Area":7037.4224839538383,"Sensibilidad":"Alta"}},{"type":"Feature","id":494,"geometry":{"type":"Polygon","coordinates":[[[-73.221472751493806,5.2989377712943],[-73.221632021897022,5.2995867502690155],[-73.221144045314972,5.3002957327772364],[-73.220814685757148,5.2998179332849631],[-73.220523268238466,5.2999658374178304],[-73.220375922259748,5.3002580531274024],[-73.220595382136779,5.3002579749284005],[-73.220595616308557,5.3009179199764977],[-73.219937235968743,5.3009181543693407],[-73.219937313799591,5.3011381360586922],[-73.219717853602106,5.3011382140372065],[-73.219717931358574,5.3013581957282483],[-73.2201568519056,5.3013580396868667],[-73.22023188492058,5.301089806213592],[-73.220424396212749,5.3012826378757838],[-73.2201568519056,5.3013580396868667],[-73.220067263379633,5.3014882057020181],[-73.219799878312728,5.3016733967651897],[-73.219923087430445,5.3022234045951739],[-73.219121207164875,5.3020435140274138],[-73.218130060792234,5.3035200070020263],[-73.217523944382876,5.3031188249951553],[-73.217304483450476,5.3031189021463234],[-73.217304560381763,5.3033388838588778],[-73.217304637316289,5.3035588655698929],[-73.217085176225268,5.3035589426496053],[-73.217028207876751,5.3039517751928145],[-73.216715620705756,5.3042545376230725],[-73.216646330738214,5.303779078294462],[-73.215605345235147,5.3044793282409168],[-73.215329944859889,5.3048794468896014],[-73.215405709340189,5.3050235082775226],[-73.215844713129599,5.3052550919150496],[-73.215205955208916,5.3056139967100204],[-73.215110483273619,5.304879523287485],[-73.214671560091531,5.3048796758495582],[-73.214671636116066,5.3050996575879763],[-73.214452174442499,5.3050997337553341],[-73.214232712765735,5.3050998098447852],[-73.214159189424052,5.305685880500735],[-73.214013554283213,5.3059798128324633],[-73.214724216752089,5.3061623563848261],[-73.21485122244404,5.3067293150818342],[-73.213874483272406,5.3065482031439233],[-73.214013554283213,5.3059798128324633],[-73.21301210960479,5.3067359332511614],[-73.212916545974764,5.3068601187990803],[-73.213030499342636,5.3069658779543474],[-73.213258042977898,5.3072118725291508],[-73.213236850358783,5.307752516185575],[-73.211794634561272,5.3080973849288613],[-73.211297425670395,5.3091543512097141],[-73.211047788841725,5.3093863579554048],[-73.210617461028377,5.3100548351194883],[-73.210030936014576,5.3109098206584706],[-73.211060330643804,5.3103633854846484],[-73.211047691856322,5.310046508091899],[-73.211732021682465,5.3096144905061848],[-73.211705164057932,5.3102996065155441],[-73.211267701423566,5.3107061734446646],[-73.210636794230211,5.3113891729719072],[-73.210163021142634,5.3111380920833158],[-73.209609325665326,5.311160279797007],[-73.209226716875847,5.3119736248727056],[-73.209521198503097,5.3122469363656739],[-73.209508176858733,5.3125790986445542],[-73.207976778097773,5.3137870340994748],[-73.207338921308533,5.3144775466690763],[-73.207107437578614,5.3142272900309635],[-73.206752043130038,5.3138974515788471],[-73.206449053303004,5.3142598268243919],[-73.20728284116629,5.315033676111713],[-73.205896889484634,5.3163217164513119],[-73.205896962559876,5.3165416982328981],[-73.205677496715168,5.3165417714424139],[-73.20509402350784,5.3172463180206364],[-73.20446060422853,5.3175219201279651],[-73.204034015717042,5.3177670083438384],[-73.203371315415438,5.3175176631740575],[-73.202944726447214,5.317762750652987],[-73.202431529276069,5.3179625530964563],[-73.201909669533947,5.3173332536965994],[-73.201189138671822,5.3182032895429732],[-73.20082958206126,5.3185028574460906],[-73.200630493671056,5.3187432521646727],[-73.200849960364479,5.3187431807211469],[-73.200850031681156,5.3189631625547271],[-73.201354764568975,5.3190521624930307],[-73.200969372957019,5.3192424377880991],[-73.200850031681156,5.3189631625547271],[-73.200630564909801,5.3189632340012283],[-73.200630493671056,5.3187432521646727],[-73.2001986688296,5.3188544810693088],[-73.199870178543037,5.3193316927748553],[-73.199320893599989,5.3189734182157444],[-73.19855505195801,5.3191457661435138],[-73.198122050380903,5.3183859414251442],[-73.197872221441983,5.3184421634092276],[-73.197338142607634,5.3176444050175462],[-73.196753447060914,5.3175706916376342],[-73.196532127164829,5.317132516958492],[-73.196240601842632,5.3169848094139489],[-73.196406173552717,5.3179598792337588],[-73.19685939718579,5.3187124635252925],[-73.196729823946626,5.3195932767115819],[-73.197883851531884,5.3204855348682241],[-73.197971285194058,5.3210397596981291],[-73.197228195457527,5.3205907949347102],[-73.1968046337727,5.320892571285051],[-73.198121556351438,5.3212596932924177],[-73.19821734545755,5.3218237789120462],[-73.198484953161739,5.3218989993821895],[-73.198292558625838,5.3220919616756994],[-73.19821734545755,5.3218237789120462],[-73.197846981262586,5.3219113371565072],[-73.198063993235493,5.3226088881768563],[-73.198353448603882,5.3227875303345149],[-73.198558783366892,5.3236601412479967],[-73.199116900702705,5.3227515659198836],[-73.199557053346069,5.3228888265903942],[-73.200057035086687,5.3226703508808297],[-73.199556796341284,5.3223616268308938],[-73.200328465276286,5.3221791922484201],[-73.200750761576529,5.3218817859772241],[-73.200934741924826,5.322160080107901],[-73.200212801363975,5.3226062754243753],[-73.201103424316827,5.322786638971067],[-73.201373738429552,5.322346587043473],[-73.201663566962111,5.3221674549363751],[-73.201509362406355,5.3218227113243337],[-73.200993947363074,5.321701214264305],[-73.201509219230388,5.3213827477142512],[-73.201841064222734,5.3208628021616446],[-73.202632388083273,5.3206396186088449],[-73.202911587225515,5.3210764442326939],[-73.203264887873004,5.3211621894085965],[-73.203264743467741,5.3207222258369979],[-73.202997135774908,5.3206470074420169],[-73.203189528357626,5.3204540437432986],[-73.203264743467741,5.3207222258369979],[-73.203964284193788,5.3210735541229734],[-73.203264887873004,5.3211621894085965],[-73.20336649604323,5.3212803269661464],[-73.204025300668889,5.321483730699236],[-73.20446364049792,5.3206945179077278],[-73.203791121419655,5.3203939892697605],[-73.204699121176802,5.3197400132771033],[-73.205561955910383,5.3190622272007477],[-73.205795179048195,5.3190809332520539],[-73.207019525290946,5.3176555291509553],[-73.207770847305369,5.3173191863501996],[-73.208444883984384,5.3168398014171263],[-73.208393365440301,5.3161998472885381],[-73.208647772501962,5.3162202503262543],[-73.20891177788171,5.3156266673864003],[-73.209543466989032,5.3151187691331216],[-73.209487004541501,5.3158260691474366],[-73.210453680240576,5.315285026670427],[-73.210369350921255,5.3142375020756258],[-73.210740640556978,5.3139166419651831],[-73.21104628877616,5.313560794176917],[-73.211496268092347,5.3135968802846367],[-73.211715402271707,5.3126285007918215],[-73.21259574874081,5.3126990992022147],[-73.213020020230246,5.3124168848479938],[-73.212698893014249,5.3121397560044681],[-73.212623858915677,5.3124079886539013],[-73.212431339659929,5.3122151546753225],[-73.212698893014249,5.3121397560044681],[-73.212778945802569,5.3117415787876103],[-73.213136706637115,5.3119165586588739],[-73.213430734512855,5.3113334766253706],[-73.214355901011487,5.3108672222719475],[-73.21445399812464,5.3103792950846715],[-73.21411270070017,5.3104772364926403],[-73.213478710217913,5.3108510852292197],[-73.214331708437214,5.3091572701146648],[-73.214860819249878,5.3089335700199074],[-73.21520932869565,5.3084970198073629],[-73.216210915954179,5.3080735604346021],[-73.217025549815958,5.3066280739212761],[-73.218094533762709,5.305874340166298],[-73.219630056414459,5.30464090745288],[-73.220476591661495,5.3034328014259531],[-73.220874322065868,5.3034822473504493],[-73.221815300496019,5.3023595327252231],[-73.222011524995693,5.3018922865732661],[-73.222430335500889,5.3019443522293859],[-73.222692748777845,5.301259309082238],[-73.222887685576481,5.3005749581175605],[-73.223134098470027,5.3003770180492804],[-73.223091793019591,5.3000370982399163],[-73.223181966167772,5.2993082992093763],[-73.222472492720783,5.2990352357229602],[-73.221472751493806,5.2989377712943]],[[-73.217305175948596,5.305098737503096],[-73.217305252909014,5.3053187192015958],[-73.217085791196297,5.3053187963070307],[-73.216541589353596,5.3060931156976077],[-73.216313835945741,5.3063047922537914],[-73.215897682965576,5.3076239420006219],[-73.215022788328923,5.3076590052226154],[-73.215883356297155,5.306533309423247],[-73.216175230789787,5.3056081166695188],[-73.217085791196297,5.3053187963070307],[-73.217085714313598,5.3050988146053166],[-73.217305175948596,5.305098737503096],[-73.217398745231776,5.3049725581642324],[-73.217650375820639,5.3047847990636852],[-73.217928000499199,5.3044104208434293],[-73.218715269009763,5.3042742755528538],[-73.218257377553172,5.3049844637869379],[-73.217305175948596,5.305098737503096]],[[-73.215988329599384,5.30487921722853],[-73.216255928419045,5.3049544302380962],[-73.216063551377118,5.3051473977524113],[-73.215988329599384,5.30487921722853]],[[-73.206336187194879,5.3174214786658505],[-73.205923774505223,5.31795740925104],[-73.205601752466393,5.3175467862018051],[-73.206336187194879,5.3174214786658505],[-73.206453393724587,5.3166744257696559],[-73.206845399719953,5.3165862023793737],[-73.206994515663993,5.317251901383111],[-73.206336187194879,5.3174214786658505]],[[-73.198655575463576,5.3196238190847325],[-73.199094509524471,5.3196236775019443],[-73.19909465093771,5.320063641202383],[-73.199220529152328,5.3201574358829067],[-73.199458416407325,5.3210358464088223],[-73.200730952738283,5.3208158274150783],[-73.201540607043015,5.3197240993853123],[-73.20238651460123,5.3196226056707783],[-73.202700591798035,5.3192947300397275],[-73.203810833242329,5.3195617468855003],[-73.203331639077064,5.3199465157989287],[-73.20238651460123,5.3196226056707783],[-73.202147018990573,5.3199014293781595],[-73.20071575058833,5.3210889030890467],[-73.198999563686442,5.3215602927720242],[-73.198917962348304,5.3205463955816574],[-73.19909465093771,5.320063641202383],[-73.19880312364441,5.3199159349573319],[-73.198655575463576,5.3196238190847325],[-73.197921427401567,5.3195284374547267],[-73.198506777912698,5.3193408722802271],[-73.198655575463576,5.3196238190847325]],[[-73.204361281932322,5.3183020634262634],[-73.205109360983386,5.3184199844696858],[-73.204746942145405,5.3188891908617526],[-73.204456479533278,5.3188240237754245],[-73.204148182916697,5.3192719105493014],[-73.203920539724962,5.3189710599809716],[-73.204361281932322,5.3183020634262634]],[[-73.20787185993747,5.3156611088083405],[-73.208376590905658,5.3157501030750218],[-73.207991203632787,5.3159403826155369],[-73.20787185993747,5.3156611088083405]],[[-73.210285085053144,5.3130205099392835],[-73.210821662731263,5.3131740885876244],[-73.210435475847447,5.3135470591751162],[-73.210285085053144,5.3130205099392835]],[[-73.211162718496084,5.3123602650718009],[-73.211477872968644,5.3126039225370665],[-73.210960829590562,5.3128755521505502],[-73.211162718496084,5.3123602650718009]],[[-73.21467247259713,5.3075194566074444],[-73.214474320311894,5.3082336806347374],[-73.213554531790294,5.3087855245359874],[-73.21325007304992,5.3098829236403979],[-73.212447179969374,5.3109263044302368],[-73.212040124498628,5.3110400738240982],[-73.211924959501516,5.3115457599049734],[-73.211300376031176,5.3119967257717615],[-73.211550227683574,5.311331411554792],[-73.212040124498628,5.3110400738240982],[-73.212144951220225,5.3106993977326891],[-73.213545952734606,5.3081247900621387],[-73.214130107273164,5.3078558037326689],[-73.21467247259713,5.3075194566074444],[-73.214747508642731,5.3072512237252036],[-73.214940020289973,5.3074440570481407],[-73.21467247259713,5.3075194566074444]],[[-73.219279709355646,5.3033381866658011],[-73.219574939714192,5.3034939246650117],[-73.21937393004697,5.3040629824993628],[-73.219279709355646,5.3033381866658011]],[[-73.218840942344286,5.303778305518021],[-73.219108540979164,5.3038535173008876],[-73.218916165186585,5.3040464856592289],[-73.218840942344286,5.303778305518021]],[[-73.220157319445207,5.3026779297612556],[-73.220035360379342,5.3029638795564775],[-73.219658617887816,5.302766219255922],[-73.220157319445207,5.3026779297612556],[-73.220279278403254,5.3023919799440273],[-73.220656020844757,5.3025896398700825],[-73.220157319445207,5.3026779297612556]],[[-73.220595850509909,5.3015778650105227],[-73.220520817603656,5.3018460985196194],[-73.220328306101052,5.3016532668994572],[-73.220595850509909,5.3015778650105227],[-73.220670883355822,5.3013096314927122],[-73.220863394849445,5.3015024630083971],[-73.220595850509909,5.3015778650105227]],[[-73.221692838360312,5.3006975461001282],[-73.221978110410788,5.3008197938651866],[-73.221780919932613,5.3011974311159049],[-73.221692838360312,5.3006975461001282]]]},"properties":{"OBJECTID":494,"Id":494,"gridcode":3,"Shape_Length":20507.187190349607,"Shape_Area":968995.19634132774,"Sensibilidad":"Moderada"}},{"type":"Feature","id":495,"geometry":{"type":"Polygon","coordinates":[[[-73.221472751493806,5.2989377712943],[-73.220946514572617,5.2993022470286215],[-73.220814685757148,5.2998179332849631],[-73.221144045314972,5.3002957327772364],[-73.221632021897022,5.2995867502690155],[-73.221472751493806,5.2989377712943]]]},"properties":{"OBJECTID":495,"Id":495,"gridcode":2,"Shape_Length":362.86285674333379,"Shape_Area":7693.3511484197252,"Sensibilidad":"Baja"}},{"type":"Feature","id":496,"geometry":{"type":"Polygon","coordinates":[[[-73.242979498150817,5.298269757692025],[-73.243054730509741,5.2985379345202732],[-73.243247096852031,5.2983449590235798],[-73.242979498150817,5.298269757692025]]]},"properties":{"OBJECTID":496,"Id":496,"gridcode":3,"Shape_Length":91.707227127413191,"Shape_Area":404.52015696505657,"Sensibilidad":"Moderada"}},{"type":"Feature","id":497,"geometry":{"type":"Polygon","coordinates":[[[-73.241882203982854,5.2982701874422364],[-73.242003619347742,5.2992401479749276],[-73.242638338100036,5.2986983074133711],[-73.241882203982854,5.2982701874422364]]]},"properties":{"OBJECTID":497,"Id":497,"gridcode":3,"Shape_Length":296.54386344717176,"Shape_Area":4169.8963951138785,"Sensibilidad":"Moderada"}},{"type":"Feature","id":498,"geometry":{"type":"Polygon","coordinates":[[[-73.240565450862462,5.2982707005749718],[-73.240640682193899,5.2985388777442139],[-73.240833049319704,5.2983459029634838],[-73.240565450862462,5.2982707005749718]]]},"properties":{"OBJECTID":498,"Id":498,"gridcode":4,"Shape_Length":91.707227130188741,"Shape_Area":404.52015699048115,"Sensibilidad":"Alta"}},{"type":"Feature","id":499,"geometry":{"type":"Polygon","coordinates":[[[-73.246051834313761,5.2980485627442393],[-73.24591440082034,5.2986103928101427],[-73.246091509725531,5.2987983383834738],[-73.246361013368869,5.2982623589962188],[-73.246051834313761,5.2980485627442393]]]},"properties":{"OBJECTID":499,"Id":499,"gridcode":2,"Shape_Length":200.40979901652474,"Shape_Area":2133.5840133394431,"Sensibilidad":"Baja"}},{"type":"Feature","id":500,"geometry":{"type":"Polygon","coordinates":[[[-73.228714586166376,5.2980552111502934],[-73.228789812421283,5.2983233899895721],[-73.228982183323126,5.2981304187302563],[-73.228714586166376,5.2980552111502934]]]},"properties":{"OBJECTID":500,"Id":500,"gridcode":2,"Shape_Length":91.707227119565275,"Shape_Area":404.52015689435632,"Sensibilidad":"Baja"}},{"type":"Feature","id":501,"geometry":{"type":"Polygon","coordinates":[[[-73.251758204412056,5.2991461744652417],[-73.25276618713481,5.2989614434178902],[-73.252736116693498,5.2985882099759856],[-73.253192538349154,5.2983838352530412],[-73.25339546809262,5.2978744011834067],[-73.25244479130923,5.2979513614283338],[-73.251758204412056,5.2991461744652417]]]},"properties":{"OBJECTID":501,"Id":501,"gridcode":4,"Shape_Length":528.84624785763901,"Shape_Area":12152.835176755851,"Sensibilidad":"Alta"}},{"type":"Feature","id":502,"geometry":{"type":"Polygon","coordinates":[[[-73.224325167982443,5.297396872327222],[-73.22440039227584,5.2976650517900978],[-73.2245927644028,5.2974720818410228],[-73.224325167982443,5.297396872327222]]]},"properties":{"OBJECTID":502,"Id":502,"gridcode":2,"Shape_Length":91.707227125857997,"Shape_Area":404.52015695125635,"Sensibilidad":"Baja"}},{"type":"Feature","id":503,"geometry":{"type":"Polygon","coordinates":[[[-73.2453931110783,5.2971688988283328],[-73.245125572019845,5.297244311232145],[-73.245318089449526,5.2974371348873079],[-73.2453931110783,5.2971688988283328]]]},"properties":{"OBJECTID":503,"Id":503,"gridcode":4,"Shape_Length":91.707227129781955,"Shape_Area":404.52015698660637,"Sensibilidad":"Alta"}},{"type":"Feature","id":504,"geometry":{"type":"Polygon","coordinates":[[[-73.228494803961979,5.2971753658588439],[-73.228582890342324,5.2976752497516992],[-73.228780075571606,5.2972976105144252],[-73.228494803961979,5.2971753658588439]]]},"properties":{"OBJECTID":504,"Id":504,"gridcode":4,"Shape_Length":137.55063552321914,"Shape_Area":806.72814895850684,"Sensibilidad":"Alta"}},{"type":"Feature","id":505,"geometry":{"type":"Polygon","coordinates":[[[-73.224105629921212,5.2971769701527993],[-73.224105709170871,5.2973969518062498],[-73.224325167982443,5.297396872327222],[-73.224325088655178,5.2971768906770853],[-73.224105629921212,5.2971769701527993]]]},"properties":{"OBJECTID":505,"Id":505,"gridcode":2,"Shape_Length":97.228480622172356,"Shape_Area":590.83609025600913,"Sensibilidad":"Baja"}},{"type":"Feature","id":506,"geometry":{"type":"Polygon","coordinates":[[[-73.22322779495201,5.297177287277762],[-73.222253127969978,5.2979602217764166],[-73.221472751493806,5.2989377712943],[-73.222472492720783,5.2990352357229602],[-73.223181966167772,5.2993082992093763],[-73.223091793019591,5.3000370982399163],[-73.223134098470027,5.3003770180492804],[-73.222887685576481,5.3005749581175605],[-73.222692748777845,5.301259309082238],[-73.222430335500889,5.3019443522293859],[-73.222011524995693,5.3018922865732661],[-73.221815300496019,5.3023595327252231],[-73.220874322065868,5.3034822473504493],[-73.220476591661495,5.3034328014259531],[-73.219630056414459,5.30464090745288],[-73.218094533762709,5.305874340166298],[-73.217025549815958,5.3066280739212761],[-73.216210915954179,5.3080735604346021],[-73.21520932869565,5.3084970198073629],[-73.214860819249878,5.3089335700199074],[-73.214331708437214,5.3091572701146648],[-73.213478710217913,5.3108510852292197],[-73.21411270070017,5.3104772364926403],[-73.21445399812464,5.3103792950846715],[-73.214453922101143,5.3101593133806011],[-73.21467338556316,5.3101592371401978],[-73.214748421881467,5.3098910042678265],[-73.214940934380778,5.3100838375407875],[-73.21467338556316,5.3101592371401978],[-73.214673461664447,5.3103792188410983],[-73.21445399812464,5.3103792950846715],[-73.214355901011487,5.3108672222719475],[-73.213430734512855,5.3113334766253706],[-73.213136706637115,5.3119165586588739],[-73.212778945802569,5.3117415787876103],[-73.212698893014249,5.3121397560044681],[-73.213020020230246,5.3124168848479938],[-73.21259574874081,5.3126990992022147],[-73.211715402271707,5.3126285007918215],[-73.211496268092347,5.3135968802846367],[-73.21104628877616,5.313560794176917],[-73.210740640556978,5.3139166419651831],[-73.210369350921255,5.3142375020756258],[-73.210453680240576,5.315285026670427],[-73.209487004541501,5.3158260691474366],[-73.209543466989032,5.3151187691331216],[-73.20891177788171,5.3156266673864003],[-73.208647772501962,5.3162202503262543],[-73.208393365440301,5.3161998472885381],[-73.208444883984384,5.3168398014171263],[-73.207770847305369,5.3173191863501996],[-73.207019525290946,5.3176555291509553],[-73.205795179048195,5.3190809332520539],[-73.205561955910383,5.3190622272007477],[-73.204699121176802,5.3197400132771033],[-73.203791121419655,5.3203939892697605],[-73.20446364049792,5.3206945179077278],[-73.204025300668889,5.321483730699236],[-73.20336649604323,5.3212803269661464],[-73.203264887873004,5.3211621894085965],[-73.202911587225515,5.3210764442326939],[-73.202632388083273,5.3206396186088449],[-73.201841064222734,5.3208628021616446],[-73.201509219230388,5.3213827477142512],[-73.202285049895465,5.3212547425980894],[-73.202702200828412,5.3214893482611823],[-73.201509362406355,5.3218227113243337],[-73.201663566962111,5.3221674549363751],[-73.201373738429552,5.322346587043473],[-73.201103424316827,5.322786638971067],[-73.200212801363975,5.3226062754243753],[-73.200934741924826,5.322160080107901],[-73.200750761576529,5.3218817859772241],[-73.200328465276286,5.3221791922484201],[-73.199556796341284,5.3223616268308938],[-73.200057035086687,5.3226703508808297],[-73.199557053346069,5.3228888265903942],[-73.199116900702705,5.3227515659198836],[-73.198558783366892,5.3236601412479967],[-73.198353448603882,5.3227875303345149],[-73.198063993235493,5.3226088881768563],[-73.197846981262586,5.3219113371565072],[-73.19821734545755,5.3218237789120462],[-73.198121556351438,5.3212596932924177],[-73.1968046337727,5.320892571285051],[-73.197228195457527,5.3205907949347102],[-73.197971285194058,5.3210397596981291],[-73.197883851531884,5.3204855348682241],[-73.196729823946626,5.3195932767115819],[-73.19685939718579,5.3187124635252925],[-73.196406173552717,5.3179598792337588],[-73.196240601842632,5.3169848094139489],[-73.195498002999173,5.316692463791119],[-73.193809040576213,5.3169431835826826],[-73.193607076786222,5.3172056235636758],[-73.194074980952237,5.3188455212546728],[-73.192434567347178,5.3191321938455101],[-73.192346286714354,5.319845407238164],[-73.193443904446468,5.3207258676833611],[-73.193512264575688,5.3212753193903186],[-73.193484439207737,5.3215000932983578],[-73.193790313821552,5.3225724879735719],[-73.1932795719583,5.3226363275389659],[-73.192840618562514,5.322581739792227],[-73.19228334318197,5.3226513967583218],[-73.191535878092139,5.3223636786234616],[-73.190595594622877,5.3221600682667525],[-73.191511423135154,5.3217729210843396],[-73.191194286078215,5.3213034146520926],[-73.190860222569555,5.3212618704480183],[-73.189877258479797,5.3215435459548281],[-73.188682320884723,5.3208165517992274],[-73.188889160216362,5.3201250771313839],[-73.190140018061939,5.3195963024919051],[-73.190545131154934,5.3189050212493623],[-73.190315420621658,5.3183065579558084],[-73.187829565704774,5.3205709671646648],[-73.18535610742417,5.3208355761586734],[-73.184521491320098,5.3217390080160785],[-73.18537021167424,5.3217050340042595],[-73.1860327914397,5.322161744506607],[-73.187577570842933,5.3225928519571157],[-73.18790262181659,5.3227069380679985],[-73.187902555049959,5.3224869560913159],[-73.188999895954623,5.3224866205065906],[-73.189000164597672,5.32336654834815],[-73.188122290631796,5.3233668170169048],[-73.188196062743401,5.3235128762759913],[-73.188780830292856,5.3238065795495588],[-73.191110793522057,5.3236901991335621],[-73.192182734539131,5.3242583157016696],[-73.192841032005177,5.3239089000860833],[-73.193392721855801,5.3242012867170976],[-73.192819944038632,5.325036174733822],[-73.192073232433671,5.3250067435786841],[-73.191634299771934,5.3250243181368626],[-73.191178618631966,5.3250063572870161],[-73.190870136628078,5.3243516965172422],[-73.190179422642231,5.3241403164792702],[-73.189571343208371,5.3247985415309662],[-73.188561696762051,5.3249065565403644],[-73.188247355343208,5.3257653430049245],[-73.189017422450434,5.326429929395939],[-73.189322248581959,5.3267843500444085],[-73.189440179083064,5.3268861245703842],[-73.189659648810178,5.3268860570065177],[-73.189659716257168,5.3271060389294833],[-73.1898791860595,5.3271059712845812],[-73.190098655859018,5.3271059035614474],[-73.190098723464928,5.3273258854772187],[-73.190318193339664,5.3273258176730343],[-73.190823689962073,5.3275924911641699],[-73.190588903154094,5.3281167185976299],[-73.190901180595674,5.3282814589030068],[-73.191052704600565,5.3285695876657728],[-73.191559727481703,5.3287212181366348],[-73.191635557849224,5.3290852643165163],[-73.191635694208003,5.3295252280787215],[-73.192074635476146,5.3295250912400514],[-73.192074772158691,5.3299650549845987],[-73.192440008264995,5.3300388410404684],[-73.193172263534649,5.3304046751994507],[-73.194107386213119,5.3307251665408266],[-73.19525486599035,5.3298518637916894],[-73.196010538881083,5.3293549273410905],[-73.197010140922544,5.3283114315134581],[-73.197569621607045,5.3277722965336309],[-73.198214648029762,5.3270989444846659],[-73.198769995377091,5.3265637866010946],[-73.198765178652863,5.3263310736888307],[-73.199208528781114,5.3261153046974261],[-73.199794530953255,5.3258124778906542],[-73.199415847812787,5.3254480274736471],[-73.200748774182884,5.3247993133854346],[-73.202103314345763,5.3240993282423164],[-73.202387880726931,5.3238022597248174],[-73.202120271780672,5.3237270410032673],[-73.202312665567661,5.3235340775506117],[-73.202387880726931,5.3238022597248174],[-73.203935316310492,5.3235318122207067],[-73.205124265299688,5.3230169009914849],[-73.205350453832011,5.3230450249122017],[-73.206791758613704,5.3228648393110349],[-73.207313402602523,5.3226609956266984],[-73.206654905790103,5.322383129686024],[-73.206459639449818,5.3221713465566953],[-73.2075803522076,5.32148852350503],[-73.207082032567698,5.3212782456388181],[-73.207337066078665,5.3208430282996328],[-73.207549766587206,5.3203366002500392],[-73.208500088738816,5.3199348387315881],[-73.208950164978191,5.319371085521901],[-73.210186164658637,5.3195247593696982],[-73.211387413219143,5.318644582968421],[-73.212489794515207,5.3183282472555229],[-73.213399063842687,5.3184412942122012],[-73.213676722087769,5.3190331591192512],[-73.212945830861216,5.3200367964452955],[-73.212140915780068,5.320377094628121],[-73.212043435421549,5.3207192685747415],[-73.212328715118531,5.3208415204191777],[-73.212131512774221,5.3212191531671307],[-73.212043435421549,5.3207192685747415],[-73.211699550808092,5.3205746327332513],[-73.211490977371753,5.3211339430752664],[-73.210055700664753,5.3216728076998923],[-73.209849359304329,5.3224798731256691],[-73.210545887822846,5.3223081390300306],[-73.210288593983194,5.323359650188813],[-73.210532274575669,5.3231639210201127],[-73.211215148350817,5.3223085763027367],[-73.212119909490852,5.3215818453164552],[-73.213678873822317,5.3217756654431518],[-73.213896956499667,5.3212564144832202],[-73.214601904056138,5.3210541207127138],[-73.214335747443243,5.3208406344812511],[-73.214140467852673,5.3205963849515951],[-73.213299044883172,5.3203555598271954],[-73.21433444039495,5.3190569963795422],[-73.214606367270406,5.3188385749619673],[-73.214552858686218,5.3184085927912843],[-73.214599717782903,5.3180299324968372],[-73.215239691332357,5.3177593645792554],[-73.215198634476579,5.317429438292419],[-73.216102470845172,5.3175418068294942],[-73.216504649240633,5.317491520740437],[-73.216650938923067,5.3169779785770395],[-73.216383334817593,5.3169027659813981],[-73.216575715252347,5.3167097982960172],[-73.216650938923067,5.3169779785770395],[-73.217302454554243,5.3167958808874811],[-73.217181185581367,5.3159753292105068],[-73.217652243822883,5.3157818887808315],[-73.217843133105035,5.3148735713859718],[-73.219159298575732,5.3131047817516777],[-73.218966195912259,5.3126694302151121],[-73.218323043291349,5.312764929901058],[-73.2182355294172,5.3121727598486519],[-73.218500133398749,5.3109136693383299],[-73.219036305946872,5.3104985332157488],[-73.219816369910134,5.3093733306487314],[-73.221061558366628,5.3084305259626294],[-73.221499661268297,5.3078611813203116],[-73.22168372293126,5.308616687933176],[-73.220722350426229,5.3090114859355495],[-73.220928929118855,5.3091948733475389],[-73.222278557926856,5.3097261367675035],[-73.222220061008002,5.3093303244881254],[-73.222573673580683,5.3090565326057515],[-73.222792978616781,5.3086164903140034],[-73.222525377525571,5.3085412802419878],[-73.22271775348446,5.3083483107769966],[-73.222792978616781,5.3086164903140034],[-73.222910834324423,5.3085146371559535],[-73.225114484456938,5.3058756231887036],[-73.224862406352088,5.3054231374155174],[-73.225104265518041,5.3052141178836223],[-73.225205712872111,5.3048759283562221],[-73.224242372482038,5.3053348241998339],[-73.22441355827182,5.3049620795926531],[-73.224681098782412,5.3047902560456093],[-73.225095715679927,5.3041405525781373],[-73.225205712872111,5.3048759283562221],[-73.225756599038505,5.3049835196355275],[-73.226985894152278,5.3052988298262749],[-73.227288442404827,5.304982958362551],[-73.227512211704266,5.3047672916923334],[-73.227726800831135,5.3034429259960936],[-73.227950659824103,5.3032271752372822],[-73.227943586111934,5.3028860177458421],[-73.228604565057893,5.3032270177829721],[-73.229293128259528,5.3034507086395521],[-73.229829644001001,5.3034395332254762],[-73.229245888181893,5.3045764331682257],[-73.228815637446544,5.3049910988135425],[-73.22796371443934,5.3049739857955327],[-73.227486308016978,5.3052207279110366],[-73.226854470389867,5.3065273860390283],[-73.226630609858802,5.3067431364453528],[-73.226641337185683,5.3072606276208525],[-73.227534270438682,5.3069539009180655],[-73.229166969471791,5.305249279841715],[-73.229779272630466,5.3049512403280987],[-73.231023511274017,5.304546008073836],[-73.231282187728723,5.3040110490595822],[-73.231896566829334,5.3034672562231906],[-73.231273144617035,5.3046814093472268],[-73.232335717567892,5.3040796735725051],[-73.231896389583838,5.3032256243652034],[-73.231901310710143,5.3029794121207461],[-73.233127561385459,5.3017975642018031],[-73.232470008815824,5.3011647706459142],[-73.23090954545161,5.3019712972607689],[-73.229969033997619,5.3005345372227968],[-73.229037790188443,5.2999271338244558],[-73.229055852580856,5.3007985108019051],[-73.228823214316293,5.3010227239353709],[-73.228608231501795,5.3012686647889238],[-73.229154882393914,5.3017947353055304],[-73.229264508613937,5.3015129473506901],[-73.229374342680586,5.3017946539694396],[-73.229641941533799,5.3018698611818031],[-73.229449569738591,5.3020628326642933],[-73.229374342680586,5.3017946539694396],[-73.229154882393914,5.3017947353055304],[-73.228975453171188,5.3024966509203502],[-73.228187439587373,5.3018849404515995],[-73.227699949379868,5.3017023067064946],[-73.227837940366712,5.3010842457708245],[-73.227544319145892,5.3008255558923247],[-73.226870451341924,5.3012657665829641],[-73.226171945249732,5.3014457174104423],[-73.226082358008085,5.3015758842437348],[-73.226301818264574,5.3015758040009757],[-73.22630189835769,5.301795785589869],[-73.22664277520569,5.3019684814300936],[-73.226741059781531,5.3024555696012774],[-73.226951192392775,5.3026064210738744],[-73.226807745527083,5.3033354715598264],[-73.227043119628249,5.3045271345211802],[-73.225364789650698,5.3041726381557863],[-73.225738216578918,5.3032010597000472],[-73.226159470699798,5.3032843387593518],[-73.226216975460844,5.3029920707361704],[-73.225918028788684,5.302777461627298],[-73.226649482669217,5.3025837433911915],[-73.226741059781531,5.3024555696012774],[-73.226417644611004,5.3023338919213261],[-73.226006158022983,5.3023760844905938],[-73.225548662637024,5.3015760790575701],[-73.22598710309876,5.3008080946906748],[-73.225862498109834,5.3004760564072821],[-73.225594900251124,5.300400847511284],[-73.225787272802037,5.3002078771877486],[-73.225862498109834,5.3004760564072821],[-73.226124178300111,5.3002734405113081],[-73.226226579062811,5.299577088847645],[-73.225518507140052,5.2986204996165895],[-73.225158908501044,5.2977407038903825],[-73.224859880620244,5.2979324707983277],[-73.224371266198716,5.2985674819741702],[-73.223940250186487,5.2986314849785154],[-73.223571461838759,5.2981529191429084],[-73.223290811407566,5.2979359389021674],[-73.223354802454622,5.2975007893753912],[-73.22322779495201,5.297177287277762]],[[-73.22520451694848,5.3015762044362509],[-73.225472115279103,5.3016514134786794],[-73.225279742198495,5.3018443837185076],[-73.22520451694848,5.3015762044362509]],[[-73.193610241118421,5.3273247912222246],[-73.19404638652766,5.3284092024193592],[-73.194927337369933,5.3282043031098265],[-73.194616992968861,5.3273958044463683],[-73.195411423625856,5.3274945951642483],[-73.195738563914929,5.326346367727357],[-73.196457202009597,5.3265703996334883],[-73.195855381928652,5.327564243179995],[-73.194927337369933,5.3282043031098265],[-73.194345571826332,5.3289602618766301],[-73.192636752539769,5.3273259416246495],[-73.192836625156332,5.3262737498708184],[-73.193221928909267,5.3272165393339437],[-73.193610241118421,5.3273247912222246],[-73.193470295716054,5.3269911087916757],[-73.193745447876296,5.3259150079969473],[-73.193740040954253,5.3272349019064107],[-73.193610241118421,5.3273247912222246]],[[-73.194707382508128,5.3266644995876398],[-73.194618583080654,5.3271704170081469],[-73.194428756394359,5.3267841156747116],[-73.194707382508128,5.3266644995876398],[-73.194782425939096,5.3263962688785069],[-73.194974944487058,5.3265891083210377],[-73.194707382508128,5.3266644995876398]],[[-73.198876596978195,5.3244633487569857],[-73.199411276741088,5.3248767394683316],[-73.1988675509551,5.3256590900578313],[-73.198300471625743,5.3252375358701292],[-73.198876596978195,5.3244633487569857]],[[-73.197559784449865,5.3244637724864479],[-73.197827393237944,5.3245389931961871],[-73.197634997699396,5.3247319553060874],[-73.197559784449865,5.3244637724864479]],[[-73.196023433357638,5.3242442814207607],[-73.196291041887704,5.3243195028089039],[-73.196098645918156,5.3245124644555748],[-73.196023433357638,5.3242442814207607],[-73.195738154998295,5.3241220219777521],[-73.195935368399375,5.3237443940921132],[-73.196023433357638,5.3242442814207607]],[[-73.194486944973292,5.3235848227153175],[-73.195021621164059,5.3239982173852098],[-73.194611946917803,5.32432098381505],[-73.194486944973292,5.3235848227153175],[-73.194219336954745,5.3235096005219722],[-73.194411733231348,5.3233166394458786],[-73.194486944973292,5.3235848227153175]],[[-73.204143193073193,5.3224817898888102],[-73.204438429222421,5.3226375348188144],[-73.204237399963304,5.3232065864963891],[-73.204143193073193,5.3224817898888102]],[[-73.205020919247076,5.3220415349368713],[-73.205533668606421,5.3223013186443584],[-73.20510210005807,5.322685116406026],[-73.205020919247076,5.3220415349368713]],[[-73.206117892108765,5.3209412601868484],[-73.206634627322899,5.3212249410577677],[-73.206223402337429,5.3214320954673511],[-73.206117892108765,5.3209412601868484]],[[-73.205020409431043,5.3205016626219956],[-73.205288017272522,5.3205768801319513],[-73.205095625332007,5.3207698444611724],[-73.205020409431043,5.3205016626219956]],[[-73.196241716703085,5.3205045197511707],[-73.196509323623005,5.3205797411123568],[-73.196316928843331,5.3207727028050824],[-73.196241716703085,5.3205045197511707]],[[-73.205459052061116,5.3196215894366716],[-73.20577420820905,5.3198652497014018],[-73.205257156211701,5.3201368748068392],[-73.205459052061116,5.3196215894366716]],[[-73.208092581223539,5.3194007244631987],[-73.208360188905587,5.3194759406462442],[-73.208167798288002,5.31966890589052],[-73.208092581223539,5.3194007244631987]],[[-73.194704546199347,5.3176452420141542],[-73.194955602172286,5.3178062302680082],[-73.195229499255021,5.3187819626932535],[-73.194801641900241,5.3185426625547771],[-73.194704546199347,5.3176452420141542]],[[-73.216431089007031,5.3158781474608627],[-73.216935821102922,5.315967134668643],[-73.216550433189525,5.3161574194557],[-73.216431089007031,5.3158781474608627]],[[-73.217747109130713,5.313677867896466],[-73.218251839567529,5.3137668540998444],[-73.217866453431711,5.3139571396497214],[-73.217747109130713,5.313677867896466]],[[-73.216428402775989,5.3081787892609835],[-73.217049764666996,5.3082571069399451],[-73.216719265599849,5.3089125325445474],[-73.216158808028737,5.3087229100825146],[-73.216428402775989,5.3081787892609835]],[[-73.22037865338406,5.3079574112609809],[-73.220303619726465,5.3082256447245388],[-73.220111106229311,5.3080328131558661],[-73.22037865338406,5.3079574112609809],[-73.220453686981244,5.3076891777887081],[-73.220646200469403,5.3078820092527801],[-73.22037865338406,5.3079574112609809]],[[-73.221914576982954,5.3070769349762452],[-73.222182177372645,5.3071521453459871],[-73.221989801595456,5.307345114643061],[-73.221914576982954,5.3070769349762452]],[[-73.222572806059745,5.3066367349880252],[-73.223077531257147,5.3067257191557387],[-73.222692151008758,5.3069160058382883],[-73.222572806059745,5.3066367349880252]],[[-73.218622255416989,5.305978199960963],[-73.219142903416255,5.306097331225601],[-73.218725599474638,5.306707732215159],[-73.218622255416989,5.305978199960963]],[[-73.223230955114772,5.3059765527275466],[-73.223142181432493,5.3064824727191464],[-73.222952344153299,5.3060961803549818],[-73.223230955114772,5.3059765527275466],[-73.223305987261682,5.3057083189534637],[-73.223498500958769,5.3059011495299719],[-73.223230955114772,5.3059765527275466]],[[-73.221475103272283,5.3055372210309937],[-73.221383047340836,5.3062710990788799],[-73.221012473996993,5.3057720200696572],[-73.221475103272283,5.3055372210309937],[-73.221550136141275,5.3052689874366035],[-73.221742649174189,5.3054618185913194],[-73.221475103272283,5.3055372210309937]],[[-73.223230322656647,5.3042166998375126],[-73.22349792193495,5.3042919096896854],[-73.22330554743246,5.3044848793596415],[-73.223230322656647,5.3042166998375126]],[[-73.221913555193325,5.3042171738238126],[-73.221840039206313,5.3048032451071547],[-73.22081663986998,5.3053174749191152],[-73.220727864278288,5.3058233946531841],[-73.220538028688466,5.3054371014679944],[-73.22081663986998,5.3053174749191152],[-73.220873108156795,5.304928066102903],[-73.221530479028871,5.3042732699675526],[-73.221913555193325,5.3042171738238126],[-73.222024503870017,5.3036992828677612],[-73.222414236616018,5.3039418456647667],[-73.221913555193325,5.3042171738238126]],[[-73.223449625652222,5.3037766573357015],[-73.22371722476133,5.3038518671008523],[-73.223524850460322,5.3040448368331594],[-73.223449625652222,5.3037766573357015]],[[-73.224107532834196,5.3024565294047434],[-73.224418698001401,5.3026799126392801],[-73.224104778020148,5.3036482800048681],[-73.223802028031528,5.3032025018684319],[-73.224107532834196,5.3024565294047434]],[[-73.229814076790305,5.3039943063265937],[-73.230081676647274,5.3040695132999591],[-73.229889304343047,5.30426248492918],[-73.229814076790305,5.3039943063265937]],[[-73.223229848452704,5.3028968101043912],[-73.223154816561163,5.3031650438806421],[-73.222962303849826,5.302972213139868],[-73.223229848452704,5.3028968101043912],[-73.223304880283933,5.3026285763194689],[-73.223497392986204,5.3028214069557276],[-73.223229848452704,5.3028968101043912]],[[-73.230471888789808,5.3024541906857534],[-73.23097661141999,5.3025431685141253],[-73.230591236341425,5.3027334599312974],[-73.230471888789808,5.3024541906857534]]]},"properties":{"OBJECTID":506,"Id":506,"gridcode":2,"Shape_Length":36349.058799789302,"Shape_Area":3216383.6772249085,"Sensibilidad":"Baja"}},{"type":"Feature","id":507,"geometry":{"type":"Polygon","coordinates":[[[-73.2453931110783,5.2971688988283328],[-73.245660650066966,5.2970934863116979],[-73.245468132647304,5.2969006627609785],[-73.2453931110783,5.2971688988283328]]]},"properties":{"OBJECTID":507,"Id":507,"gridcode":4,"Shape_Length":91.707227123896018,"Shape_Area":404.52015693358123,"Sensibilidad":"Alta"}},{"type":"Feature","id":508,"geometry":{"type":"Polygon","coordinates":[[[-73.225641761199157,5.29695643055756],[-73.225743647177424,5.2983476424497136],[-73.22595093145793,5.2971702373481078],[-73.225641761199157,5.29695643055756]]]},"properties":{"OBJECTID":508,"Id":508,"gridcode":2,"Shape_Length":327.84842980922826,"Shape_Area":2498.7164503928057,"Sensibilidad":"Baja"}},{"type":"Feature","id":509,"geometry":{"type":"Polygon","coordinates":[[[-73.223666554264383,5.2967371655460163],[-73.223375138892919,5.2968850709471056],[-73.22322779495201,5.297177287277762],[-73.224105629921212,5.2971769701527993],[-73.224105550674892,5.2969569884977865],[-73.223666633352167,5.2969571472092127],[-73.223666554264383,5.2967371655460163]]]},"properties":{"OBJECTID":509,"Id":509,"gridcode":2,"Shape_Length":266.81435522710842,"Shape_Area":2751.0805453026478,"Sensibilidad":"Baja"}},{"type":"Feature","id":510,"geometry":{"type":"Polygon","coordinates":[[[-73.255487922379231,5.2965048718993772],[-73.255563159810364,5.2967730469785792],[-73.255755521569526,5.2965800677930357],[-73.255487922379231,5.2965048718993772]]]},"properties":{"OBJECTID":510,"Id":510,"gridcode":3,"Shape_Length":91.707227124302804,"Shape_Area":404.52015693745608,"Sensibilidad":"Moderada"}},{"type":"Feature","id":511,"geometry":{"type":"Polygon","coordinates":[[[-73.22915285584719,5.2962951962102478],[-73.228663192042347,5.2964009708153403],[-73.228869869528211,5.296813151876413],[-73.22915285584719,5.2962951962102478]]]},"properties":{"OBJECTID":511,"Id":511,"gridcode":2,"Shape_Length":171.7064745881263,"Shape_Area":1368.8242174383604,"Sensibilidad":"Baja"}},{"type":"Feature","id":512,"geometry":{"type":"Polygon","coordinates":[[[-73.254829368191324,5.2960651808681689],[-73.254903422540878,5.2968711752511473],[-73.255166592635078,5.2972388479037003],[-73.255342114680346,5.2963249251556075],[-73.254829368191324,5.2960651808681689]]]},"properties":{"OBJECTID":512,"Id":512,"gridcode":3,"Shape_Length":305.90933038592533,"Shape_Area":4277.9085783259588,"Sensibilidad":"Moderada"}},{"type":"Feature","id":513,"geometry":{"type":"Polygon","coordinates":[[[-73.247587257148652,5.2960681186934968],[-73.247714041326205,5.2970364140983532],[-73.24812780642408,5.296231018672187],[-73.247587257148652,5.2960681186934968]]]},"properties":{"OBJECTID":513,"Id":513,"gridcode":3,"Shape_Length":270.52917785450063,"Shape_Area":3076.5144442503938,"Sensibilidad":"Moderada"}},{"type":"Feature","id":514,"geometry":{"type":"Polygon","coordinates":[[[-73.255707109152539,5.2958448378615781],[-73.255782346583317,5.2961130129191396],[-73.255974708077048,5.2959200336745624],[-73.255707109152539,5.2958448378615781]]]},"properties":{"OBJECTID":514,"Id":514,"gridcode":3,"Shape_Length":91.707227127078355,"Shape_Area":404.52015696288072,"Sensibilidad":"Moderada"}},{"type":"Feature","id":515,"geometry":{"type":"Polygon","coordinates":[[[-73.243417468965148,5.2958497903913919],[-73.243536820819514,5.2961290569961097],[-73.243922189248025,5.295938757837944],[-73.243417468965148,5.2958497903913919]]]},"properties":{"OBJECTID":515,"Id":515,"gridcode":3,"Shape_Length":137.91242411738116,"Shape_Area":797.54338871638504,"Sensibilidad":"Moderada"}},{"type":"Feature","id":516,"geometry":{"type":"Polygon","coordinates":[[[-73.240783973140623,5.2958508199184449],[-73.240684610605314,5.2964109861377136],[-73.239827686891573,5.2966634131426993],[-73.239678838232408,5.2972709540221077],[-73.240445014950637,5.2968306940758021],[-73.241174751041399,5.2965131229113238],[-73.241761452173549,5.2960250318908129],[-73.240783973140623,5.2958508199184449]]]},"properties":{"OBJECTID":516,"Id":516,"gridcode":3,"Shape_Length":611.26023933488409,"Shape_Area":10973.882304896928,"Sensibilidad":"Moderada"}},{"type":"Feature","id":517,"geometry":{"type":"Polygon","coordinates":[[[-73.247587257148652,5.2960681186934968],[-73.24749300705389,5.2953433283667879],[-73.247292023968711,5.2959123941750752],[-73.247587257148652,5.2960681186934968]]]},"properties":{"OBJECTID":517,"Id":517,"gridcode":3,"Shape_Length":184.41883709254927,"Shape_Area":1219.6025847656695,"Sensibilidad":"Moderada"}},{"type":"Feature","id":518,"geometry":{"type":"Polygon","coordinates":[[[-73.231347111999298,5.2954144539882835],[-73.231422339006528,5.2956826324950379],[-73.231614708275316,5.2954896604724544],[-73.231347111999298,5.2954144539882835]]]},"properties":{"OBJECTID":518,"Id":518,"gridcode":3,"Shape_Length":91.707227126671569,"Shape_Area":404.52015695900593,"Sensibilidad":"Moderada"}},{"type":"Feature","id":519,"geometry":{"type":"Polygon","coordinates":[[[-73.230030607882455,5.2960748891680316],[-73.22994680648867,5.2957188264123749],[-73.229238528209336,5.2954771716465538],[-73.22915285584719,5.2962951962102478],[-73.229737479302614,5.2962210795192126],[-73.230030607882455,5.2960748891680316]]]},"properties":{"OBJECTID":519,"Id":519,"gridcode":2,"Shape_Length":315.70924378521181,"Shape_Area":6087.6191332983008,"Sensibilidad":"Baja"}},{"type":"Feature","id":520,"geometry":{"type":"Polygon","coordinates":[[[-73.253512262551695,5.2951857965516052],[-73.253587498956065,5.2954539719309137],[-73.253779860969217,5.2952609933410031],[-73.253512262551695,5.2951857965516052]]]},"properties":{"OBJECTID":520,"Id":520,"gridcode":3,"Shape_Length":91.707227122005989,"Shape_Area":404.52015691760516,"Sensibilidad":"Moderada"}},{"type":"Feature","id":521,"geometry":{"type":"Polygon","coordinates":[[[-73.248245280013819,5.2951879299956248],[-73.248314592744535,5.2956633848972805],[-73.248732201629039,5.2952588553087541],[-73.248245280013819,5.2951879299956248]]]},"properties":{"OBJECTID":521,"Id":521,"gridcode":3,"Shape_Length":171.91494659775623,"Shape_Area":1386.5878639432658,"Sensibilidad":"Moderada"}},{"type":"Feature","id":522,"geometry":{"type":"Polygon","coordinates":[[[-73.246050790302391,5.2954087870313034],[-73.247006231344614,5.2951126322457682],[-73.246285766561073,5.2946449452065645],[-73.246050790302391,5.2954087870313034]]]},"properties":{"OBJECTID":522,"Id":522,"gridcode":3,"Shape_Length":294.1624808235303,"Shape_Area":4040.0509337242206,"Sensibilidad":"Moderada"}},{"type":"Feature","id":523,"geometry":{"type":"Polygon","coordinates":[[[-73.240125174690561,5.2947511684668971],[-73.240200405340403,5.2950193457479937],[-73.240392771570114,5.2948263711255033],[-73.240125174690561,5.2947511684668971]]]},"properties":{"OBJECTID":523,"Id":523,"gridcode":3,"Shape_Length":91.707227127006405,"Shape_Area":404.52015696118173,"Sensibilidad":"Moderada"}},{"type":"Feature","id":524,"geometry":{"type":"Polygon","coordinates":[[[-73.226299337049795,5.2947563739709],[-73.226017068917088,5.2949055359623065],[-73.226204214554144,5.2954922476578368],[-73.226299337049795,5.2947563739709]]]},"properties":{"OBJECTID":524,"Id":524,"gridcode":2,"Shape_Length":185.39585474199745,"Shape_Area":1184.2311170774506,"Sensibilidad":"Baja"}},{"type":"Feature","id":525,"geometry":{"type":"Polygon","coordinates":[[[-73.264484855345131,5.2945212650084237],[-73.264484948826691,5.2947412460152457],[-73.264704406037467,5.2947411522697099],[-73.264704312478329,5.2945211712668021],[-73.264484855345131,5.2945212650084237]]]},"properties":{"OBJECTID":525,"Id":525,"gridcode":4,"Shape_Length":97.228480610996485,"Shape_Area":590.83609012018246,"Sensibilidad":"Alta"}},{"type":"Feature","id":526,"geometry":{"type":"Polygon","coordinates":[[[-73.243197495198572,5.2945299884086339],[-73.243722002630989,5.2952629282607777],[-73.24438653035628,5.2948439310914814],[-73.243197495198572,5.2945299884086339]]]},"properties":{"OBJECTID":526,"Id":526,"gridcode":3,"Shape_Length":322.81171861291125,"Shape_Area":4325.2658455024111,"Sensibilidad":"Moderada"}},{"type":"Feature","id":527,"geometry":{"type":"Polygon","coordinates":[[[-73.242758408593076,5.2940901978137802],[-73.242833640270163,5.294358374732524],[-73.243026005451242,5.2941653993348643],[-73.242758408593076,5.2940901978137802]]]},"properties":{"OBJECTID":527,"Id":527,"gridcode":3,"Shape_Length":91.707227119637224,"Shape_Area":404.52015689605537,"Sensibilidad":"Moderada"}},{"type":"Feature","id":528,"geometry":{"type":"Polygon","coordinates":[[[-73.230688330274802,5.2943147917194571],[-73.230613103770949,5.2940466130906767],[-73.230420734604678,5.2942395848051884],[-73.230688330274802,5.2943147917194571]]]},"properties":{"OBJECTID":528,"Id":528,"gridcode":2,"Shape_Length":91.707227124230855,"Shape_Area":404.52015693575709,"Sensibilidad":"Baja"}},{"type":"Feature","id":529,"geometry":{"type":"Polygon","coordinates":[[[-73.227835300333169,5.294095865970414],[-73.227661087378522,5.294235811843734],[-73.227797309561623,5.2953303026997558],[-73.227397761275924,5.2967347894209516],[-73.227644507042527,5.2987172891998773],[-73.228127732615079,5.2995406090285488],[-73.228593118580292,5.2991458526894739],[-73.228153925265488,5.2983975583343037],[-73.227898059621452,5.2969269786376119],[-73.228591437163175,5.2951168223450402],[-73.227835300333169,5.294095865970414]]]},"properties":{"OBJECTID":529,"Id":529,"gridcode":4,"Shape_Length":1317.4411640945366,"Shape_Area":37460.553835934377,"Sensibilidad":"Alta"}},{"type":"Feature","id":530,"geometry":{"type":"Polygon","coordinates":[[[-73.263387290362346,5.2938617894617348],[-73.263264528153371,5.2943290228183475],[-73.262734128448628,5.2946138512114054],[-73.262863000875456,5.293958666731962],[-73.262619776886524,5.2937702741321573],[-73.26176023353176,5.2956811261687209],[-73.262317798345521,5.2965606232205413],[-73.263405349059084,5.2963447253815774],[-73.263815381112948,5.2957707660311062],[-73.263473349910683,5.2955252556083439],[-73.263545771921699,5.2951570613050611],[-73.264484855345131,5.2945212650084237],[-73.264382372882537,5.2943726161220708],[-73.263736608201,5.2939514881583047],[-73.263387290362346,5.2938617894617348]]]},"properties":{"OBJECTID":530,"Id":530,"gridcode":4,"Shape_Length":1134.2400838478518,"Shape_Area":49953.773371783143,"Sensibilidad":"Alta"}},{"type":"Feature","id":531,"geometry":{"type":"Polygon","coordinates":[[[-73.245172352622788,5.2938692657836368],[-73.244073455269614,5.2939582917527606],[-73.244615259775358,5.2942799673212182],[-73.244815517204813,5.2948874384074944],[-73.245166502569774,5.2950510503628738],[-73.24489060154346,5.2942467485425784],[-73.245516419286886,5.2944618970133535],[-73.245693103187776,5.294267990534359],[-73.245254085674006,5.2940073394163836],[-73.245172352622788,5.2938692657836368]]]},"properties":{"OBJECTID":531,"Id":531,"gridcode":3,"Shape_Length":575.9555467863654,"Shape_Area":8177.4374194507909,"Sensibilidad":"Moderada"}},{"type":"Feature","id":532,"geometry":{"type":"Polygon","coordinates":[[[-73.241660950973468,5.2936506640306238],[-73.241393412881877,5.2937260747819366],[-73.24158592806981,5.2939188997223861],[-73.241660950973468,5.2936506640306238]]]},"properties":{"OBJECTID":532,"Id":532,"gridcode":3,"Shape_Length":91.70722712004401,"Shape_Area":404.52015689993016,"Sensibilidad":"Moderada"}},{"type":"Feature","id":533,"geometry":{"type":"Polygon","coordinates":[[[-73.228054516147154,5.2934358403649711],[-73.22790889033935,5.2937297756883268],[-73.227835300333169,5.294095865970414],[-73.228355953555194,5.2936776232150518],[-73.228054516147154,5.2934358403649711]]]},"properties":{"OBJECTID":533,"Id":533,"gridcode":4,"Shape_Length":194.18895167999494,"Shape_Area":1735.6756772540475,"Sensibilidad":"Alta"}},{"type":"Feature","id":534,"geometry":{"type":"Polygon","coordinates":[[[-73.226298857188794,5.2934364841144843],[-73.226298937157196,5.2936564657611234],[-73.226079479694661,5.2936565458833655],[-73.226225319969515,5.2939503744159948],[-73.226299337049795,5.2947563739709],[-73.226523633892967,5.2948947942336257],[-73.22684087092334,5.2958268141441787],[-73.227185592117777,5.2952655560020858],[-73.226821811647454,5.2944523318557808],[-73.226654133020048,5.2935202236013179],[-73.226518314570413,5.2934364039178607],[-73.226298857188794,5.2934364841144843]]]},"properties":{"OBJECTID":534,"Id":534,"gridcode":2,"Shape_Length":630.23589301037157,"Shape_Area":13549.037057126488,"Sensibilidad":"Baja"}},{"type":"Feature","id":535,"geometry":{"type":"Polygon","coordinates":[[[-73.226298857188794,5.2934364841144843],[-73.226079399803794,5.2934365642333789],[-73.226079479694661,5.2936565458833655],[-73.226298937157196,5.2936564657611234],[-73.226298857188794,5.2934364841144843]]]},"properties":{"OBJECTID":535,"Id":535,"gridcode":3,"Shape_Length":97.228480622172356,"Shape_Area":590.83609025600913,"Sensibilidad":"Moderada"}},{"type":"Feature","id":536,"geometry":{"type":"Polygon","coordinates":[[[-73.228054516147154,5.2934358403649711],[-73.227979290886779,5.2931676613549579],[-73.227786921128569,5.2933606322807769],[-73.228054516147154,5.2934358403649711]]]},"properties":{"OBJECTID":536,"Id":536,"gridcode":4,"Shape_Length":91.707227123561182,"Shape_Area":404.52015693140544,"Sensibilidad":"Alta"}},{"type":"Feature","id":537,"geometry":{"type":"Polygon","coordinates":[[[-73.261192351758311,5.2929827943027092],[-73.261192444049172,5.2932027753788562],[-73.261631357498544,5.2932025901967306],[-73.261631265052586,5.2929826091283294],[-73.261192351758311,5.2929827943027092]]]},"properties":{"OBJECTID":537,"Id":537,"gridcode":2,"Shape_Length":145.84272092953324,"Shape_Area":1181.6721804667427,"Sensibilidad":"Baja"}},{"type":"Feature","id":538,"geometry":{"type":"Polygon","coordinates":[[[-73.242757979670174,5.2929902908822699],[-73.2426130545186,5.2933365424727787],[-73.24379267645881,5.2936394937265367],[-73.243701512553102,5.2932326096436988],[-73.242757979670174,5.2929902908822699]]]},"properties":{"OBJECTID":538,"Id":538,"gridcode":3,"Shape_Length":330.32629836228023,"Shape_Area":4982.1425075467469,"Sensibilidad":"Moderada"}},{"type":"Feature","id":539,"geometry":{"type":"Polygon","coordinates":[[[-73.241660950973468,5.2936506640306238],[-73.242363237154493,5.2935394356236802],[-73.242177111743558,5.2929006707285149],[-73.241660950973468,5.2936506640306238]]]},"properties":{"OBJECTID":539,"Id":539,"gridcode":3,"Shape_Length":252.95865452703336,"Shape_Area":2871.7729209111303,"Sensibilidad":"Moderada"}},{"type":"Feature","id":540,"geometry":{"type":"Polygon","coordinates":[[[-73.260094700880629,5.2921033314811456],[-73.260187024055455,5.2926090620421196],[-73.2603142492042,5.2923232204346693],[-73.260314157239009,5.2921032393368472],[-73.260094700880629,5.2921033314811456]]]},"properties":{"OBJECTID":540,"Id":540,"gridcode":3,"Shape_Length":140.00894465492297,"Shape_Area":850.63299206484135,"Sensibilidad":"Moderada"}},{"type":"Feature","id":541,"geometry":{"type":"Polygon","coordinates":[[[-73.239904699762988,5.2921114763021322],[-73.239979929948646,5.2923796536515679],[-73.240172295471098,5.2921866791151757],[-73.239904699762988,5.2921114763021322]]]},"properties":{"OBJECTID":541,"Id":541,"gridcode":3,"Shape_Length":91.707227123417283,"Shape_Area":404.52015692800751,"Sensibilidad":"Moderada"}},{"type":"Feature","id":542,"geometry":{"type":"Polygon","coordinates":[[[-73.235296108220396,5.2921132432398128],[-73.235390345211343,5.2928380361680496],[-73.235591336813897,5.2922689737137736],[-73.235296108220396,5.2921132432398128]]]},"properties":{"OBJECTID":542,"Id":542,"gridcode":3,"Shape_Length":184.41879902987688,"Shape_Area":1219.6009880725305,"Sensibilidad":"Moderada"}},{"type":"Feature","id":543,"geometry":{"type":"Polygon","coordinates":[[[-73.22937077397053,5.2921154646587398],[-73.229445999676372,5.2923836434884599],[-73.229638368609329,5.2921906720768854],[-73.22937077397053,5.2921154646587398]]]},"properties":{"OBJECTID":543,"Id":543,"gridcode":3,"Shape_Length":91.707227123417283,"Shape_Area":404.52015692800751,"Sensibilidad":"Moderada"}},{"type":"Feature","id":544,"geometry":{"type":"Polygon","coordinates":[[[-73.259875152712098,5.2918834424406516],[-73.259949396503288,5.2931293982334022],[-73.260386441269318,5.2932770145402008],[-73.260753254188529,5.2925430169937719],[-73.2603142492042,5.2923232204346693],[-73.260187024055455,5.2926090620421196],[-73.260094700880629,5.2921033314811456],[-73.260094608996837,5.2918833503779128],[-73.259875152712098,5.2918834424406516]]]},"properties":{"OBJECTID":544,"Id":544,"gridcode":2,"Shape_Length":474.07302901279502,"Shape_Area":7839.0650406523346,"Sensibilidad":"Baja"}},{"type":"Feature","id":545,"geometry":{"type":"Polygon","coordinates":[[[-73.249121702079734,5.2916678770277317],[-73.248126466503948,5.2928699934974572],[-73.247433416509182,5.2939801163979974],[-73.248582228518998,5.2941896987737653],[-73.249034603748498,5.2944424573237807],[-73.24956171002745,5.2943997903011679],[-73.251499975234935,5.2945551140106266],[-73.251391437063631,5.2932079338725648],[-73.250392797117527,5.291797327508144],[-73.249121702079734,5.2916678770277317]]]},"properties":{"OBJECTID":545,"Id":545,"gridcode":3,"Shape_Length":1259.9318147109097,"Shape_Area":96678.69734311018,"Sensibilidad":"Moderada"}},{"type":"Feature","id":546,"geometry":{"type":"Polygon","coordinates":[[[-73.235295858860738,5.2914532986826313],[-73.235415206210092,5.2917325670947788],[-73.23580057301406,5.2915422729732668],[-73.235295858860738,5.2914532986826313]]]},"properties":{"OBJECTID":546,"Id":546,"gridcode":3,"Shape_Length":137.91207509415202,"Shape_Area":797.54052693651442,"Sensibilidad":"Moderada"}},{"type":"Feature","id":547,"geometry":{"type":"Polygon","coordinates":[[[-73.242318380882224,5.2912306114589258],[-73.242393611970371,5.2914987884803741],[-73.242585976451096,5.2913058132358941],[-73.242318380882224,5.2912306114589258]]]},"properties":{"OBJECTID":547,"Id":547,"gridcode":3,"Shape_Length":91.707227123896018,"Shape_Area":404.52015693358123,"Sensibilidad":"Moderada"}},{"type":"Feature","id":548,"geometry":{"type":"Polygon","coordinates":[[[-73.231126020608045,5.2910149044357349],[-73.231052351148961,5.2911610134462839],[-73.230760940235101,5.2913089221605665],[-73.230419689457349,5.2919857269141657],[-73.23086712035807,5.2921888090969524],[-73.231391262745333,5.2911492830685134],[-73.231126020608045,5.2910149044357349]]]},"properties":{"OBJECTID":548,"Id":548,"gridcode":3,"Shape_Length":354.08110615138611,"Shape_Area":6358.2728678271578,"Sensibilidad":"Moderada"}},{"type":"Feature","id":549,"geometry":{"type":"Polygon","coordinates":[[[-73.239904191307957,5.290791587616849],[-73.239979421308249,5.2910597649849844],[-73.240171786441664,5.2908667904590638],[-73.239904191307957,5.290791587616849]]]},"properties":{"OBJECTID":549,"Id":549,"gridcode":2,"Shape_Length":91.707227124230855,"Shape_Area":404.52015693575709,"Sensibilidad":"Baja"}},{"type":"Feature","id":550,"geometry":{"type":"Polygon","coordinates":[[[-73.237490172477379,5.2907925171966728],[-73.237609520652043,5.2910717851538207],[-73.237994886324771,5.2908814897123415],[-73.237490172477379,5.2907925171966728]]]},"properties":{"OBJECTID":550,"Id":550,"gridcode":3,"Shape_Length":137.91207508904989,"Shape_Area":797.54052686488717,"Sensibilidad":"Moderada"}},{"type":"Feature","id":551,"geometry":{"type":"Polygon","coordinates":[[[-73.242756950623956,5.2903505140876659],[-73.242905763745824,5.2906334516322557],[-73.243491068689593,5.2904458437164683],[-73.242756950623956,5.2903505140876659]]]},"properties":{"OBJECTID":551,"Id":551,"gridcode":3,"Shape_Length":185.39585473545793,"Shape_Area":1184.2311169959053,"Sensibilidad":"Moderada"}},{"type":"Feature","id":552,"geometry":{"type":"Polygon","coordinates":[[[-73.239684311841657,5.2896917652142461],[-73.239876476979049,5.2904411639671665],[-73.240212997388582,5.2900573617287519],[-73.239684311841657,5.2896917652142461]]]},"properties":{"OBJECTID":552,"Id":552,"gridcode":4,"Shape_Length":213.09811480589576,"Shape_Area":1994.5411254375422,"Sensibilidad":"Alta"}},{"type":"Feature","id":553,"geometry":{"type":"Polygon","coordinates":[[[-73.263604698766059,5.2890221131279374],[-73.263477234050498,5.2887363791665223],[-73.263385336546904,5.2892421874487088],[-73.263604791839228,5.2892420941894214],[-73.263604698766059,5.2890221131279374]]]},"properties":{"OBJECTID":553,"Id":553,"gridcode":2,"Shape_Length":140.0089446547104,"Shape_Area":850.63299205352257,"Sensibilidad":"Baja"}},{"type":"Feature","id":554,"geometry":{"type":"Polygon","coordinates":[[[-73.237269878358518,5.2885927862139059],[-73.237180295241117,5.2887229545233314],[-73.236920717804693,5.288902748761064],[-73.236741609338949,5.2893158263461117],[-73.237639652625134,5.2896522691072247],[-73.23836774304975,5.29012712699451],[-73.239211216349773,5.2895760897483726],[-73.237758468078937,5.2892029793559745],[-73.23739973544275,5.2886825840167315],[-73.237269878358518,5.2885927862139059]]]},"properties":{"OBJECTID":554,"Id":554,"gridcode":4,"Shape_Length":669.57487721353789,"Shape_Area":16670.507248968701,"Sensibilidad":"Alta"}},{"type":"Feature","id":555,"geometry":{"type":"Polygon","coordinates":[[[-73.230466674644589,5.2883753702605327],[-73.230320969767163,5.2884493244776154],[-73.229589419916152,5.2899155672546199],[-73.229938666040042,5.2898255902773306],[-73.23130634538623,5.2892036240265519],[-73.230828223374573,5.2884682318779159],[-73.230466674644589,5.2883753702605327]]]},"properties":{"OBJECTID":555,"Id":555,"gridcode":4,"Shape_Length":543.85190127072326,"Shape_Area":15267.873826045234,"Sensibilidad":"Alta"}},{"type":"Feature","id":556,"geometry":{"type":"Polygon","coordinates":[[[-73.24517010113648,5.2881497503064105],[-73.245303520415789,5.2894557532670632],[-73.24620190045357,5.2902309846497193],[-73.246127921290551,5.289312648105934],[-73.246816497959927,5.2893678329541869],[-73.247388477059218,5.289321534990779],[-73.248023018702284,5.2881486159209432],[-73.24517010113648,5.2881497503064105]]]},"properties":{"OBJECTID":556,"Id":556,"gridcode":3,"Shape_Length":981.6594385568759,"Shape_Area":41181.785545755047,"Sensibilidad":"Moderada"}},{"type":"Feature","id":557,"geometry":{"type":"Polygon","coordinates":[[[-73.243633914498844,5.2881503556935563],[-73.243743752328655,5.2884320596997156],[-73.24385336974369,5.2881502694426441],[-73.243633914498844,5.2881503556935563]]]},"properties":{"OBJECTID":557,"Id":557,"gridcode":2,"Shape_Length":91.147540238394043,"Shape_Area":378.36463090631133,"Sensibilidad":"Baja"}},{"type":"Feature","id":558,"geometry":{"type":"Polygon","coordinates":[[[-73.251534212209663,5.287927220459463],[-73.251666727359307,5.2887072551505874],[-73.252727412849708,5.288730075275514],[-73.252412032325523,5.2879268638225838],[-73.251534212209663,5.287927220459463]]]},"properties":{"OBJECTID":558,"Id":558,"gridcode":4,"Shape_Length":397.54893889714305,"Shape_Area":9359.7640472091443,"Sensibilidad":"Alta"}},{"type":"Feature","id":559,"geometry":{"type":"Polygon","coordinates":[[[-73.249998026862784,5.2879278415844375],[-73.250107867473247,5.2882095443327222],[-73.250217481923542,5.28792775308525],[-73.249998026862784,5.2879278415844375]]]},"properties":{"OBJECTID":559,"Id":559,"gridcode":3,"Shape_Length":91.147540238394043,"Shape_Area":378.36463090631133,"Sensibilidad":"Moderada"}},{"type":"Feature","id":560,"geometry":{"type":"Polygon","coordinates":[[[-73.249998026862784,5.2879278415844375],[-73.249469534676223,5.2880581883151976],[-73.248023018702284,5.2881486159209432],[-73.247388477059218,5.289321534990779],[-73.246816497959927,5.2893678329541869],[-73.246127921290551,5.289312648105934],[-73.24620190045357,5.2902309846497193],[-73.245303520415789,5.2894557532670632],[-73.24517010113648,5.2881497503064105],[-73.244950645913462,5.2881498370232505],[-73.244855094916218,5.2882740271743485],[-73.244607459208893,5.288465782909757],[-73.244368549557478,5.2887762967544969],[-73.243319043287812,5.2886212562557127],[-73.243821308718822,5.2895417243788856],[-73.244936977118158,5.2899989235794749],[-73.245532623980282,5.2904594116386452],[-73.244856159742056,5.2909832326659503],[-73.245133784090498,5.2915207273147447],[-73.245973634884905,5.2921700035891197],[-73.246210095628996,5.2937695712585455],[-73.245172352622788,5.2938692657836368],[-73.245254085674006,5.2940073394163836],[-73.245693103187776,5.294267990534359],[-73.245516419286886,5.2944618970133535],[-73.24489060154346,5.2942467485425784],[-73.245166502569774,5.2950510503628738],[-73.244815517204813,5.2948874384074944],[-73.244615259775358,5.2942799673212182],[-73.244073455269614,5.2939582917527606],[-73.245172352622788,5.2938692657836368],[-73.245066763191431,5.2937551244160055],[-73.244399940227012,5.293543791350741],[-73.242682323240274,5.2922245779779464],[-73.24185181509695,5.2925930164388593],[-73.241432866283674,5.292982420358805],[-73.240930454719859,5.2935263832400947],[-73.239799716287465,5.2935717473408053],[-73.24005916431544,5.2924458127606337],[-73.241094516817199,5.2929944648565685],[-73.241123089526837,5.2922647548246449],[-73.241001727826102,5.291451106269097],[-73.240871939163753,5.2915410041937614],[-73.240687388709148,5.2918091615184926],[-73.239793200533072,5.2916085890812337],[-73.239527789823597,5.2912235797750178],[-73.239603766766336,5.2908832430486177],[-73.238677052347469,5.2907022138454982],[-73.237638219041727,5.2903798709076595],[-73.236941434389607,5.2905367287843372],[-73.236485498814133,5.2904344545129023],[-73.236303307446818,5.2909231048211778],[-73.235436826210943,5.2912484725895821],[-73.235295858860738,5.2914532986826313],[-73.23580057301406,5.2915422729732668],[-73.235415206210092,5.2917325670947788],[-73.235295858860738,5.2914532986826313],[-73.234536048926202,5.2917917391745597],[-73.233861434066199,5.2919956153524765],[-73.233483453366659,5.2924357210231587],[-73.2330321755407,5.2910467939112795],[-73.234519196419214,5.2903809982805736],[-73.234012226816219,5.2891521582266492],[-73.233201008180401,5.28979702846663],[-73.233250166966357,5.2904074206324605],[-73.23167769009892,5.2906938192386743],[-73.23144984865209,5.290675553528783],[-73.230602403804724,5.2909878602179345],[-73.23027516101611,5.2902534655551117],[-73.229691187112181,5.2904573035156668],[-73.229268844749257,5.291133765140553],[-73.228931536742479,5.2912357004767285],[-73.228640125247551,5.2913836082169592],[-73.228492785024159,5.2916758256902643],[-73.228837417553763,5.2925326186247883],[-73.229275451771969,5.2928712739455737],[-73.22946682560044,5.2933394898067405],[-73.2298443631867,5.2939663424669439],[-73.230733165097888,5.2934284810252858],[-73.231003189882173,5.293778882101523],[-73.231250974460849,5.2939704478222538],[-73.231370630899633,5.2948503295159082],[-73.231031680265431,5.294410492841628],[-73.230688330274802,5.2943147917194571],[-73.230942215681495,5.2963455995704791],[-73.230349984105345,5.2964196631646621],[-73.230152512113023,5.2961726668066076],[-73.230030607882455,5.2960748891680316],[-73.229923194879447,5.2964071000689756],[-73.22969942933841,5.2966227675030986],[-73.229484602702016,5.2972871891847682],[-73.229256524115442,5.2977313890688524],[-73.229265514402982,5.2981649981520516],[-73.229258188592553,5.2985313627339128],[-73.23011352262985,5.2988224296368225],[-73.2303579675946,5.2970624860413293],[-73.23073140191002,5.2968467626199276],[-73.231016590096516,5.2977265825915003],[-73.231309332056057,5.2982956843155282],[-73.230578241711754,5.2992622198310819],[-73.230363405450319,5.2999002249096039],[-73.231319950610612,5.3005818323781808],[-73.231675620489668,5.2994817915647845],[-73.23299618853703,5.2979458222477005],[-73.233445707956719,5.2972579991180373],[-73.233985495883587,5.2967377526401469],[-73.234544614258652,5.2961539838363052],[-73.234513287458228,5.2946433278113076],[-73.234536530894843,5.2934801451021585],[-73.235029522071528,5.2931054599778724],[-73.23588867313569,5.2942663000203973],[-73.236721093967503,5.2939803448672631],[-73.237383770712825,5.293764507004159],[-73.237598698399992,5.2933900203666964],[-73.236720761034746,5.2931048161445107],[-73.236333868970618,5.2927014808744701],[-73.23764260257731,5.2923811418107318],[-73.238695879756875,5.2931169143718604],[-73.238033272110002,5.2937555439280413],[-73.238261766710806,5.2941997357247894],[-73.238874198624998,5.2954638697008249],[-73.238179601207932,5.2959596191779363],[-73.237491742654868,5.2949088386733463],[-73.236703917707487,5.2953160368818928],[-73.236744207903627,5.2972586095449836],[-73.236283595744183,5.297940306541574],[-73.23628842935328,5.29817335698697],[-73.237166156414403,5.2985997859205805],[-73.237381358371039,5.2989394770487337],[-73.23672310278036,5.2992598999573026],[-73.236508207462563,5.2997258248495216],[-73.23720515406221,5.3003965156547048],[-73.236936913038903,5.3017118347263921],[-73.236285354794347,5.3023398078378206],[-73.236030273809902,5.3036522079561514],[-73.235192605260934,5.3032200629353374],[-73.234959972557917,5.3032249110934746],[-73.234975887854418,5.3039923663465913],[-73.234969295144239,5.3043223410540321],[-73.234979012856812,5.3047908989559183],[-73.235726025316808,5.3055097702518648],[-73.2365189803769,5.3049705504430023],[-73.236505522690194,5.3043217553487656],[-73.236510402566552,5.3040775739453583],[-73.237168004507083,5.3034437744550731],[-73.237382992725472,5.303219313318789],[-73.237606757752616,5.3030036431650007],[-73.238048354492051,5.3011848637105485],[-73.238031408700479,5.3003678480839085],[-73.238152161375027,5.3002514668277909],[-73.238251695255059,5.3001312637817657],[-73.239415186828154,5.2999229709312807],[-73.239347623459622,5.2992610891321332],[-73.239424858615507,5.2984986330604729],[-73.238990846933604,5.299022773919992],[-73.238491049087713,5.2990740347924081],[-73.239202895266629,5.2981341396469634],[-73.239585680749414,5.298173099945684],[-73.240696838809669,5.2972909071027265],[-73.241537872902938,5.2976836869065362],[-73.241621983504899,5.2985076579211041],[-73.241219578385639,5.2992125636550869],[-73.241565517109024,5.3001343191437638],[-73.241484354788625,5.3009355663088673],[-73.241883487665703,5.3015699077730227],[-73.242552722763037,5.301694845399755],[-73.242206803661531,5.3023335297591307],[-73.242000119850033,5.303445890096639],[-73.241124640281697,5.3038490736393387],[-73.241103321830309,5.3042099888906691],[-73.241149400904973,5.3049799057074001],[-73.2410991887362,5.3058299362836463],[-73.243451615456422,5.3061964397241503],[-73.244080182400779,5.3069010409882047],[-73.244622425590194,5.3062922427764478],[-73.245400506205314,5.3055948323776017],[-73.245060572598121,5.3043246101235972],[-73.244805132256261,5.303226086980108],[-73.244229299004459,5.3038726037830459],[-73.243737820410814,5.3032178249006208],[-73.244401520351076,5.3026229360123143],[-73.244034180337252,5.3021085403603854],[-73.243743167024746,5.3021260425432803],[-73.24353534077008,5.3014523576744379],[-73.242877198989405,5.3014919361993247],[-73.243084214547252,5.3012332787785361],[-73.243959687435904,5.3008300926560841],[-73.244009464804847,5.2999873762166603],[-73.243096265315671,5.3004852615501221],[-73.243399240453996,5.299970037768623],[-73.244180876479518,5.2996100648838818],[-73.243973534049019,5.2990331151732102],[-73.243611887087596,5.2987094718785297],[-73.244011222241525,5.2983515360483011],[-73.243934006517236,5.2970614718730529],[-73.244631050943809,5.2968454146584074],[-73.244838074606392,5.2966129788570377],[-73.245316025016947,5.2961845752406322],[-73.245275827468006,5.2955129961457565],[-73.246050790302391,5.2954087870313034],[-73.246285766561073,5.2946449452065645],[-73.247006231344614,5.2951126322457682],[-73.246050790302391,5.2954087870313034],[-73.246148428613154,5.2955309067621386],[-73.247230312116173,5.296398622664868],[-73.247466005483616,5.2976173477427091],[-73.246531616453268,5.2992121521347686],[-73.245930526655997,5.2994663217533295],[-73.245735666946018,5.3002799903741185],[-73.246578237147375,5.2997830759746343],[-73.2468130097661,5.30060491815403],[-73.247467003611234,5.3001256531660568],[-73.247686462891835,5.3001252565494124],[-73.246646302890895,5.3014299782966887],[-73.248345062027624,5.3006781110985486],[-73.247896134997859,5.2999132875322621],[-73.248264214786531,5.2996175938239949],[-73.249264482518313,5.2997418979172126],[-73.249758785675127,5.2991226488637757],[-73.250367931081726,5.298633288838233],[-73.250757918553703,5.2977045345522038],[-73.251798077736154,5.296463351126973],[-73.252882392748063,5.2961521105685749],[-73.253293219075076,5.2962031650993397],[-73.253860870461651,5.2961321510338335],[-73.253827061713096,5.2964055268684405],[-73.254460171834651,5.2969132988747907],[-73.254708523260945,5.2985634215815729],[-73.253952973780542,5.2995852401733208],[-73.2548652521034,5.299905330879997],[-73.255814054389958,5.2992503094666183],[-73.256690724401906,5.298835142242412],[-73.256700153603532,5.2985941915684505],[-73.256684920532393,5.2982129668117697],[-73.256987563373428,5.2952901456710375],[-73.252906028395216,5.2947327190943714],[-73.253186859355864,5.2942002065288616],[-73.253595166787875,5.2933320541491486],[-73.254032660662631,5.2929253950091777],[-73.253185839711804,5.2916928986521619],[-73.253616326765538,5.2915518709957095],[-73.254721889804429,5.2913398212784619],[-73.254942452196374,5.290409952718254],[-73.255810089512991,5.2896034528366664],[-73.255379443192993,5.2893513346840608],[-73.254932077444863,5.2891399224386308],[-73.253975048001195,5.2884803713671751],[-73.253378234984609,5.2886985928636516],[-73.253420851500792,5.2897653718491346],[-73.252788255480439,5.2904503090770083],[-73.252325180696019,5.2904688955254953],[-73.25169911503987,5.2898878994103056],[-73.251420879243739,5.289361337398887],[-73.250875847083393,5.2879274871217836],[-73.250217481923542,5.28792775308525],[-73.250107867473247,5.2882095443327222],[-73.249998026862784,5.2879278415844375]],[[-73.231347111999298,5.2954144539882835],[-73.231614708275316,5.2954896604724544],[-73.231422339006528,5.2956826324950379],[-73.231347111999298,5.2954144539882835]],[[-73.235296108220396,5.2921132432398128],[-73.235591336813897,5.2922689737137736],[-73.235390345211343,5.2928380361680496],[-73.235296108220396,5.2921132432398128]],[[-73.244518132792876,5.3044286292309781],[-73.244833292120774,5.3046722710330823],[-73.244316270993181,5.3049439277196075],[-73.244518132792876,5.3044286292309781]],[[-73.242322150405656,5.3009097919822965],[-73.242589750191101,5.3009849935432429],[-73.242397382856083,5.3011779688659928],[-73.242322150405656,5.3009097919822965],[-73.242169607526634,5.3008325145058066],[-73.24184949196686,5.3001761327729815],[-73.24224819727786,5.3003237768026503],[-73.242322150405656,5.3009097919822965]],[[-73.241882203982854,5.2982701874422364],[-73.242638338100036,5.2986983074133711],[-73.242003619347742,5.2992401479749276],[-73.241882203982854,5.2982701874422364]],[[-73.242979498150817,5.298269757692025],[-73.243247096852031,5.2983449590235798],[-73.243054730509741,5.2985379345202732],[-73.242979498150817,5.298269757692025]],[[-73.240783973140623,5.2958508199184449],[-73.241761452173549,5.2960250318908129],[-73.241174751041399,5.2965131229113238],[-73.240445014950637,5.2968306940758021],[-73.239678838232408,5.2972709540221077],[-73.239827686891573,5.2966634131426993],[-73.240684610605314,5.2964109861377136],[-73.240783973140623,5.2958508199184449]],[[-73.243417468965148,5.2958497903913919],[-73.243922189248025,5.295938757837944],[-73.243536820819514,5.2961290569961097],[-73.243417468965148,5.2958497903913919]],[[-73.243197495198572,5.2945299884086339],[-73.24438653035628,5.2948439310914814],[-73.243722002630989,5.2952629282607777],[-73.243197495198572,5.2945299884086339]],[[-73.240125174690561,5.2947511684668971],[-73.240392771570114,5.2948263711255033],[-73.240200405340403,5.2950193457479937],[-73.240125174690561,5.2947511684668971]],[[-73.247587257148652,5.2960681186934968],[-73.24812780642408,5.296231018672187],[-73.247714041326205,5.2970364140983532],[-73.247587257148652,5.2960681186934968],[-73.247292023968711,5.2959123941750752],[-73.24749300705389,5.2953433283667879],[-73.247587257148652,5.2960681186934968]],[[-73.254829368191324,5.2960651808681689],[-73.255342114680346,5.2963249251556075],[-73.255166592635078,5.2972388479037003],[-73.254903422540878,5.2968711752511473],[-73.254829368191324,5.2960651808681689]],[[-73.255487922379231,5.2965048718993772],[-73.255755521569526,5.2965800677930357],[-73.255563159810364,5.2967730469785792],[-73.255487922379231,5.2965048718993772]],[[-73.255707109152539,5.2958448378615781],[-73.255974708077048,5.2959200336745624],[-73.255782346583317,5.2961130129191396],[-73.255707109152539,5.2958448378615781]],[[-73.248245280013819,5.2951879299956248],[-73.248732201629039,5.2952588553087541],[-73.248314592744535,5.2956633848972805],[-73.248245280013819,5.2951879299956248]],[[-73.253512262551695,5.2951857965516052],[-73.253779860969217,5.2952609933410031],[-73.253587498956065,5.2954539719309137],[-73.253512262551695,5.2951857965516052]],[[-73.249121702079734,5.2916678770277317],[-73.250392797117527,5.291797327508144],[-73.251391437063631,5.2932079338725648],[-73.251499975234935,5.2945551140106266],[-73.24956171002745,5.2943997903011679],[-73.249034603748498,5.2944424573237807],[-73.248582228518998,5.2941896987737653],[-73.247433416509182,5.2939801163979974],[-73.248126466503948,5.2928699934974572],[-73.249121702079734,5.2916678770277317]],[[-73.242758408593076,5.2940901978137802],[-73.243026005451242,5.2941653993348643],[-73.242833640270163,5.294358374732524],[-73.242758408593076,5.2940901978137802]],[[-73.242757979670174,5.2929902908822699],[-73.243701512553102,5.2932326096436988],[-73.24379267645881,5.2936394937265367],[-73.2426130545186,5.2933365424727787],[-73.242757979670174,5.2929902908822699]],[[-73.241660950973468,5.2936506640306238],[-73.24158592806981,5.2939188997223861],[-73.241393412881877,5.2937260747819366],[-73.241660950973468,5.2936506640306238],[-73.242177111743558,5.2929006707285149],[-73.242363237154493,5.2935394356236802],[-73.241660950973468,5.2936506640306238]],[[-73.239904699762988,5.2921114763021322],[-73.240172295471098,5.2921866791151757],[-73.239979929948646,5.2923796536515679],[-73.239904699762988,5.2921114763021322]],[[-73.22937077397053,5.2921154646587398],[-73.229638368609329,5.2921906720768854],[-73.229445999676372,5.2923836434884599],[-73.22937077397053,5.2921154646587398]],[[-73.231126020608045,5.2910149044357349],[-73.231391262745333,5.2911492830685134],[-73.23086712035807,5.2921888090969524],[-73.230419689457349,5.2919857269141657],[-73.230760940235101,5.2913089221605665],[-73.231052351148961,5.2911610134462839],[-73.231126020608045,5.2910149044357349]],[[-73.237490172477379,5.2907925171966728],[-73.237994886324771,5.2908814897123415],[-73.237609520652043,5.2910717851538207],[-73.237490172477379,5.2907925171966728]]]},"properties":{"OBJECTID":560,"Id":560,"gridcode":2,"Shape_Length":29974.854435209974,"Shape_Area":2388896.6135765868,"Sensibilidad":"Baja"}},{"type":"Feature","id":561,"geometry":{"type":"Polygon","coordinates":[[[-73.242536552603468,5.2879308043544535],[-73.242435031569727,5.2880490149370702],[-73.241557648137686,5.2883141836241165],[-73.241996371041736,5.2886927703465973],[-73.242206809429661,5.2893924021676062],[-73.2439556295122,5.2899194457393799],[-73.243710737043401,5.2905818225668542],[-73.242830247691529,5.2919921659901004],[-73.241806812313641,5.291747107734623],[-73.241001727826102,5.291451106269097],[-73.241123089526837,5.2922647548246449],[-73.241094516817199,5.2929944648565685],[-73.24005916431544,5.2924458127606337],[-73.239799716287465,5.2935717473408053],[-73.240930454719859,5.2935263832400947],[-73.241432866283674,5.292982420358805],[-73.24185181509695,5.2925930164388593],[-73.242682323240274,5.2922245779779464],[-73.244399940227012,5.293543791350741],[-73.245066763191431,5.2937551244160055],[-73.245172352622788,5.2938692657836368],[-73.246210095628996,5.2937695712585455],[-73.245973634884905,5.2921700035891197],[-73.245133784090498,5.2915207273147447],[-73.244856159742056,5.2909832326659503],[-73.245532623980282,5.2904594116386452],[-73.244936977118158,5.2899989235794749],[-73.243821308718822,5.2895417243788856],[-73.243319043287812,5.2886212562557127],[-73.244368549557478,5.2887762967544969],[-73.244607459208893,5.288465782909757],[-73.244855094916218,5.2882740271743485],[-73.244950645913462,5.2881498370232505],[-73.24385336974369,5.2881502694426441],[-73.243743752328655,5.2884320596997156],[-73.243633914498844,5.2881503556935563],[-73.243105319006546,5.2880204291382373],[-73.242536552603468,5.2879308043544535]]]},"properties":{"OBJECTID":561,"Id":561,"gridcode":3,"Shape_Length":3504.906823225554,"Shape_Area":169333.40801417897,"Sensibilidad":"Moderada"}},{"type":"Feature","id":562,"geometry":{"type":"Polygon","coordinates":[[[-73.233758424774507,5.2881541566123307],[-73.23432520382363,5.2882457840960795],[-73.235304139262695,5.2885434741067625],[-73.236044649084477,5.2882819578648492],[-73.233965107103046,5.2878648694693497],[-73.233758424774507,5.2881541566123307]]]},"properties":{"OBJECTID":562,"Id":562,"gridcode":4,"Shape_Length":538.07174011765062,"Shape_Area":7962.9911467076981,"Sensibilidad":"Alta"}},{"type":"Feature","id":563,"geometry":{"type":"Polygon","coordinates":[[[-73.233758424774507,5.2881541566123307],[-73.233196963852365,5.2880187692750997],[-73.233003993248204,5.2882888610417575],[-73.23276139757985,5.2882409050093635],[-73.232166116484919,5.2886200540091615],[-73.232658086684793,5.2893463198266168],[-73.233155656972812,5.2886498926245409],[-73.233666851129414,5.288282331344246],[-73.233758424774507,5.2881541566123307]]]},"properties":{"OBJECTID":563,"Id":563,"gridcode":4,"Shape_Length":484.92995743958323,"Shape_Area":10278.553497006902,"Sensibilidad":"Alta"}},{"type":"Feature","id":564,"geometry":{"type":"Polygon","coordinates":[[[-73.26206795707725,5.2877028777195862],[-73.261539468937144,5.2878332346045163],[-73.260092955750878,5.2879236902532023],[-73.260149031838338,5.2885276515872457],[-73.260802292950146,5.2886392944881706],[-73.261246169755225,5.288199145354775],[-73.262012294619097,5.2880869048697727],[-73.26206795707725,5.2877028777195862]]]},"properties":{"OBJECTID":564,"Id":564,"gridcode":4,"Shape_Length":559.02867646049833,"Shape_Area":12018.506408514233,"Sensibilidad":"Alta"}},{"type":"Feature","id":565,"geometry":{"type":"Polygon","coordinates":[[[-73.264481866014677,5.2874818719651291],[-73.264482052729662,5.287921834077105],[-73.263823688282656,5.2879221144836128],[-73.263823595155586,5.2877021334166727],[-73.26206795707725,5.2877028777195862],[-73.262012294619097,5.2880869048697727],[-73.261246169755225,5.288199145354775],[-73.260802292950146,5.2886392944881706],[-73.260149031838338,5.2885276515872457],[-73.260092955750878,5.2879236902532023],[-73.25353829269875,5.2876951515238559],[-73.252412032325523,5.2879268638225838],[-73.252727412849708,5.288730075275514],[-73.251666727359307,5.2887072551505874],[-73.251534212209663,5.287927220459463],[-73.250875847083393,5.2879274871217836],[-73.251420879243739,5.289361337398887],[-73.25169911503987,5.2898878994103056],[-73.252325180696019,5.2904688955254953],[-73.252788255480439,5.2904503090770083],[-73.253420851500792,5.2897653718491346],[-73.253378234984609,5.2886985928636516],[-73.253975048001195,5.2884803713671751],[-73.254932077444863,5.2891399224386308],[-73.255379443192993,5.2893513346840608],[-73.255810089512991,5.2896034528366664],[-73.254942452196374,5.290409952718254],[-73.254721889804429,5.2913398212784619],[-73.253616326765538,5.2915518709957095],[-73.253185839711804,5.2916928986521619],[-73.254032660662631,5.2929253950091777],[-73.253595166787875,5.2933320541491486],[-73.253186859355864,5.2942002065288616],[-73.252906028395216,5.2947327190943714],[-73.256987563373428,5.2952901456710375],[-73.256684920532393,5.2982129668117697],[-73.256700153603532,5.2985941915684505],[-73.256690724401906,5.298835142242412],[-73.255814054389958,5.2992503094666183],[-73.2548652521034,5.299905330879997],[-73.253952973780542,5.2995852401733208],[-73.253877955649898,5.2998534770883321],[-73.253685434908093,5.2996606562711221],[-73.253952973780542,5.2995852401733208],[-73.254708523260945,5.2985634215815729],[-73.254460171834651,5.2969132988747907],[-73.253827061713096,5.2964055268684405],[-73.253860870461651,5.2961321510338335],[-73.253293219075076,5.2962031650993397],[-73.252882392748063,5.2961521105685749],[-73.251798077736154,5.296463351126973],[-73.250757918553703,5.2977045345522038],[-73.250367931081726,5.298633288838233],[-73.249758785675127,5.2991226488637757],[-73.249264482518313,5.2997418979172126],[-73.248264214786531,5.2996175938239949],[-73.247896134997859,5.2999132875322621],[-73.248345062027624,5.3006781110985486],[-73.246646302890895,5.3014299782966887],[-73.247686462891835,5.3001252565494124],[-73.247467003611234,5.3001256531660568],[-73.2468130097661,5.30060491815403],[-73.246578237147375,5.2997830759746343],[-73.245735666946018,5.3002799903741185],[-73.245930526655997,5.2994663217533295],[-73.246531616453268,5.2992121521347686],[-73.247466005483616,5.2976173477427091],[-73.247230312116173,5.296398622664868],[-73.246148428613154,5.2955309067621386],[-73.246050790302391,5.2954087870313034],[-73.245275827468006,5.2955129961457565],[-73.245316025016947,5.2961845752406322],[-73.244838074606392,5.2966129788570377],[-73.244631050943809,5.2968454146584074],[-73.243934006517236,5.2970614718730529],[-73.244011222241525,5.2983515360483011],[-73.243611887087596,5.2987094718785297],[-73.243973534049019,5.2990331151732102],[-73.244180876479518,5.2996100648838818],[-73.243399240453996,5.299970037768623],[-73.243096265315671,5.3004852615501221],[-73.244009464804847,5.2999873762166603],[-73.243959687435904,5.3008300926560841],[-73.243084214547252,5.3012332787785361],[-73.242877198989405,5.3014919361993247],[-73.24353534077008,5.3014523576744379],[-73.243743167024746,5.3021260425432803],[-73.244034180337252,5.3021085403603854],[-73.244401520351076,5.3026229360123143],[-73.243737820410814,5.3032178249006208],[-73.244229299004459,5.3038726037830459],[-73.244805132256261,5.303226086980108],[-73.245060572598121,5.3043246101235972],[-73.245400506205314,5.3055948323776017],[-73.244622425590194,5.3062922427764478],[-73.244080182400779,5.3069010409882047],[-73.243451615456422,5.3061964397241503],[-73.2410991887362,5.3058299362836463],[-73.241149400904973,5.3049799057074001],[-73.241103321830309,5.3042099888906691],[-73.241124640281697,5.3038490736393387],[-73.242000119850033,5.303445890096639],[-73.242206803661531,5.3023335297591307],[-73.242552722763037,5.301694845399755],[-73.241883487665703,5.3015699077730227],[-73.24180846405946,5.3018381434626685],[-73.241615946242987,5.3016453187556838],[-73.241883487665703,5.3015699077730227],[-73.241484354788625,5.3009355663088673],[-73.241565517109024,5.3001343191437638],[-73.241219578385639,5.2992125636550869],[-73.241621983504899,5.2985076579211041],[-73.241537872902938,5.2976836869065362],[-73.240696838809669,5.2972909071027265],[-73.239585680749414,5.298173099945684],[-73.239202895266629,5.2981341396469634],[-73.238491049087713,5.2990740347924081],[-73.238990846933604,5.299022773919992],[-73.239424858615507,5.2984986330604729],[-73.239347623459622,5.2992610891321332],[-73.239415186828154,5.2999229709312807],[-73.238251695255059,5.3001312637817657],[-73.238152161375027,5.3002514668277909],[-73.23886234536262,5.3003409566303965],[-73.238232501621084,5.3006495849934909],[-73.238152161375027,5.3002514668277909],[-73.238031408700479,5.3003678480839085],[-73.238048354492051,5.3011848637105485],[-73.237606757752616,5.3030036431650007],[-73.237382992725472,5.303219313318789],[-73.237168004507083,5.3034437744550731],[-73.236510402566552,5.3040775739453583],[-73.236505522690194,5.3043217553487656],[-73.2365189803769,5.3049705504430023],[-73.235726025316808,5.3055097702518648],[-73.234979012856812,5.3047908989559183],[-73.234969295144239,5.3043223410540321],[-73.234975887854418,5.3039923663465913],[-73.234959972557917,5.3032249110934746],[-73.235192605260934,5.3032200629353374],[-73.236030273809902,5.3036522079561514],[-73.236285354794347,5.3023398078378206],[-73.236936913038903,5.3017118347263921],[-73.23720515406221,5.3003965156547048],[-73.236508207462563,5.2997258248495216],[-73.23672310278036,5.2992598999573026],[-73.237381358371039,5.2989394770487337],[-73.237166156414403,5.2985997859205805],[-73.23628842935328,5.29817335698697],[-73.236283595744183,5.297940306541574],[-73.236744207903627,5.2972586095449836],[-73.236703917707487,5.2953160368818928],[-73.237491742654868,5.2949088386733463],[-73.238179601207932,5.2959596191779363],[-73.238874198624998,5.2954638697008249],[-73.238261766710806,5.2941997357247894],[-73.238033272110002,5.2937555439280413],[-73.238695879756875,5.2931169143718604],[-73.23764260257731,5.2923811418107318],[-73.236333868970618,5.2927014808744701],[-73.236720761034746,5.2931048161445107],[-73.237598698399992,5.2933900203666964],[-73.237383770712825,5.293764507004159],[-73.236721093967503,5.2939803448672631],[-73.23588867313569,5.2942663000203973],[-73.235029522071528,5.2931054599778724],[-73.234536530894843,5.2934801451021585],[-73.234513287458228,5.2946433278113076],[-73.234544614258652,5.2961539838363052],[-73.233985495883587,5.2967377526401469],[-73.233445707956719,5.2972579991180373],[-73.23299618853703,5.2979458222477005],[-73.231675620489668,5.2994817915647845],[-73.231319950610612,5.3005818323781808],[-73.230363405450319,5.2999002249096039],[-73.230578241711754,5.2992622198310819],[-73.231309332056057,5.2982956843155282],[-73.231016590096516,5.2977265825915003],[-73.23073140191002,5.2968467626199276],[-73.2303579675946,5.2970624860413293],[-73.23011352262985,5.2988224296368225],[-73.229258188592553,5.2985313627339128],[-73.229265514402982,5.2981649981520516],[-73.229256524115442,5.2977313890688524],[-73.229484602702016,5.2972871891847682],[-73.22969942933841,5.2966227675030986],[-73.229923194879447,5.2964071000689756],[-73.230030607882455,5.2960748891680316],[-73.229737479302614,5.2962210795192126],[-73.22915285584719,5.2962951962102478],[-73.228869869528211,5.296813151876413],[-73.228663192042347,5.2964009708153403],[-73.22915285584719,5.2962951962102478],[-73.229238528209336,5.2954771716465538],[-73.22994680648867,5.2957188264123749],[-73.230030607882455,5.2960748891680316],[-73.230152512113023,5.2961726668066076],[-73.230349984105345,5.2964196631646621],[-73.230942215681495,5.2963455995704791],[-73.230688330274802,5.2943147917194571],[-73.230420734604678,5.2942395848051884],[-73.230613103770949,5.2940466130906767],[-73.230688330274802,5.2943147917194571],[-73.231031680265431,5.294410492841628],[-73.231370630899633,5.2948503295159082],[-73.231250974460849,5.2939704478222538],[-73.231003189882173,5.293778882101523],[-73.230733165097888,5.2934284810252858],[-73.2298443631867,5.2939663424669439],[-73.22946682560044,5.2933394898067405],[-73.229275451771969,5.2928712739455737],[-73.228837417553763,5.2925326186247883],[-73.228492785024159,5.2916758256902643],[-73.226722954473928,5.2931981375473702],[-73.226518314570413,5.2934364039178607],[-73.226654133020048,5.2935202236013179],[-73.226821811647454,5.2944523318557808],[-73.227185592117777,5.2952655560020858],[-73.22684087092334,5.2958268141441787],[-73.226523633892967,5.2948947942336257],[-73.226299337049795,5.2947563739709],[-73.226204214554144,5.2954922476578368],[-73.226017068917088,5.2949055359623065],[-73.226299337049795,5.2947563739709],[-73.226225319969515,5.2939503744159948],[-73.226079479694661,5.2936565458833655],[-73.22508379721134,5.2937587191029847],[-73.224689405578147,5.295501801623141],[-73.223666554264383,5.2967371655460163],[-73.223666633352167,5.2969571472092127],[-73.224105550674892,5.2969569884977865],[-73.224105629921212,5.2971769701527993],[-73.224325088655178,5.2971768906770853],[-73.224325167982443,5.297396872327222],[-73.2245927644028,5.2974720818410228],[-73.22440039227584,5.2976650517900978],[-73.224325167982443,5.297396872327222],[-73.224105709170871,5.2973969518062498],[-73.224105629921212,5.2971769701527993],[-73.22322779495201,5.297177287277762],[-73.223354802454622,5.2975007893753912],[-73.223290811407566,5.2979359389021674],[-73.223571461838759,5.2981529191429084],[-73.223940250186487,5.2986314849785154],[-73.224371266198716,5.2985674819741702],[-73.224859880620244,5.2979324707983277],[-73.225158908501044,5.2977407038903825],[-73.225518507140052,5.2986204996165895],[-73.226226579062811,5.299577088847645],[-73.226124178300111,5.3002734405113081],[-73.225862498109834,5.3004760564072821],[-73.22598710309876,5.3008080946906748],[-73.225548662637024,5.3015760790575701],[-73.226006158022983,5.3023760844905938],[-73.226417644611004,5.3023338919213261],[-73.226741059781531,5.3024555696012774],[-73.22664277520569,5.3019684814300936],[-73.22630189835769,5.301795785589869],[-73.226192270727623,5.3020775730770549],[-73.226082438023525,5.3017958658359765],[-73.225801318316741,5.3016859777015632],[-73.226082358008085,5.3015758842437348],[-73.226171945249732,5.3014457174104423],[-73.226870451341924,5.3012657665829641],[-73.227544319145892,5.3008255558923247],[-73.227837940366712,5.3010842457708245],[-73.227699949379868,5.3017023067064946],[-73.228187439587373,5.3018849404515995],[-73.228975453171188,5.3024966509203502],[-73.229154882393914,5.3017947353055304],[-73.228608231501795,5.3012686647889238],[-73.228823214316293,5.3010227239353709],[-73.229055852580856,5.3007985108019051],[-73.229037790188443,5.2999271338244558],[-73.229969033997619,5.3005345372227968],[-73.23090954545161,5.3019712972607689],[-73.232470008815824,5.3011647706459142],[-73.233127561385459,5.3017975642018031],[-73.231901310710143,5.3029794121207461],[-73.231896389583838,5.3032256243652034],[-73.232335717567892,5.3040796735725051],[-73.231273144617035,5.3046814093472268],[-73.231896566829334,5.3034672562231906],[-73.231282187728723,5.3040110490595822],[-73.231023511274017,5.304546008073836],[-73.229779272630466,5.3049512403280987],[-73.229166969471791,5.305249279841715],[-73.227534270438682,5.3069539009180655],[-73.226641337185683,5.3072606276208525],[-73.226630609858802,5.3067431364453528],[-73.226854470389867,5.3065273860390283],[-73.227486308016978,5.3052207279110366],[-73.22796371443934,5.3049739857955327],[-73.228815637446544,5.3049910988135425],[-73.229245888181893,5.3045764331682257],[-73.229829644001001,5.3034395332254762],[-73.229293128259528,5.3034507086395521],[-73.228604565057893,5.3032270177829721],[-73.227943586111934,5.3028860177458421],[-73.227950659824103,5.3032271752372822],[-73.227726800831135,5.3034429259960936],[-73.227512211704266,5.3047672916923334],[-73.227288442404827,5.304982958362551],[-73.226985894152278,5.3052988298262749],[-73.225756599038505,5.3049835196355275],[-73.225205712872111,5.3048759283562221],[-73.225104265518041,5.3052141178836223],[-73.224862406352088,5.3054231374155174],[-73.225114484456938,5.3058756231887036],[-73.222910834324423,5.3085146371559535],[-73.222792978616781,5.3086164903140034],[-73.222573673580683,5.3090565326057515],[-73.222841274901626,5.3091317426460156],[-73.222648898750123,5.3093247121531499],[-73.222573673580683,5.3090565326057515],[-73.222220061008002,5.3093303244881254],[-73.222278557926856,5.3097261367675035],[-73.220928929118855,5.3091948733475389],[-73.220722350426229,5.3090114859355495],[-73.22168372293126,5.308616687933176],[-73.221499661268297,5.3078611813203116],[-73.221061558366628,5.3084305259626294],[-73.219816369910134,5.3093733306487314],[-73.219036305946872,5.3104985332157488],[-73.218500133398749,5.3109136693383299],[-73.2182355294172,5.3121727598486519],[-73.218323043291349,5.312764929901058],[-73.218966195912259,5.3126694302151121],[-73.219159298575732,5.3131047817516777],[-73.217843133105035,5.3148735713859718],[-73.217652243822883,5.3157818887808315],[-73.217181185581367,5.3159753292105068],[-73.217302454554243,5.3167958808874811],[-73.216650938923067,5.3169779785770395],[-73.216504649240633,5.317491520740437],[-73.216102470845172,5.3175418068294942],[-73.215198634476579,5.317429438292419],[-73.215239691332357,5.3177593645792554],[-73.214599717782903,5.3180299324968372],[-73.214552858686218,5.3184085927912843],[-73.214606367270406,5.3188385749619673],[-73.21433444039495,5.3190569963795422],[-73.213299044883172,5.3203555598271954],[-73.214140467852673,5.3205963849515951],[-73.214335747443243,5.3208406344812511],[-73.214601904056138,5.3210541207127138],[-73.213896956499667,5.3212564144832202],[-73.213678873822317,5.3217756654431518],[-73.212119909490852,5.3215818453164552],[-73.211215148350817,5.3223085763027367],[-73.210532274575669,5.3231639210201127],[-73.210288593983194,5.323359650188813],[-73.210096880789791,5.3241095099247824],[-73.209101763757047,5.3238099800946044],[-73.209483258605545,5.3225741770244737],[-73.209849359304329,5.3224798731256691],[-73.210055700664753,5.3216728076998923],[-73.211490977371753,5.3211339430752664],[-73.211699550808092,5.3205746327332513],[-73.212043435421549,5.3207192685747415],[-73.212140915780068,5.320377094628121],[-73.212945830861216,5.3200367964452955],[-73.213676722087769,5.3190331591192512],[-73.213399063842687,5.3184412942122012],[-73.212489794515207,5.3183282472555229],[-73.211387413219143,5.318644582968421],[-73.210186164658637,5.3195247593696982],[-73.208950164978191,5.319371085521901],[-73.208500088738816,5.3199348387315881],[-73.207549766587206,5.3203366002500392],[-73.207337066078665,5.3208430282996328],[-73.207082032567698,5.3212782456388181],[-73.2075803522076,5.32148852350503],[-73.206459639449818,5.3221713465566953],[-73.206654905790103,5.322383129686024],[-73.207313402602523,5.3226609956266984],[-73.206791758613704,5.3228648393110349],[-73.205350453832011,5.3230450249122017],[-73.205124265299688,5.3230169009914849],[-73.203935316310492,5.3235318122207067],[-73.202387880726931,5.3238022597248174],[-73.202103314345763,5.3240993282423164],[-73.200748774182884,5.3247993133854346],[-73.199415847812787,5.3254480274736471],[-73.199794530953255,5.3258124778906542],[-73.199208528781114,5.3261153046974261],[-73.198765178652863,5.3263310736888307],[-73.198769995377091,5.3265637866010946],[-73.198214648029762,5.3270989444846659],[-73.197569621607045,5.3277722965336309],[-73.197010140922544,5.3283114315134581],[-73.196010538881083,5.3293549273410905],[-73.19525486599035,5.3298518637916894],[-73.194107386213119,5.3307251665408266],[-73.193172263534649,5.3304046751994507],[-73.193172401021101,5.3308446389029465],[-73.193391872105082,5.3308445699577129],[-73.193830814264373,5.3308444318323946],[-73.193830883246221,5.3310644136731815],[-73.194050354399664,5.3310643444902306],[-73.194050423462514,5.3312843263265739],[-73.194284983605669,5.3326656633577363],[-73.194489850531525,5.3328240604902621],[-73.194370060278061,5.3316069671251123],[-73.195046176373864,5.3311822006929086],[-73.195688116375621,5.3307256728232408],[-73.196560695718688,5.3301774792758323],[-73.197325532047486,5.3292870870045448],[-73.198268442033779,5.3284723014117628],[-73.199154141882005,5.327441204857573],[-73.200295653162399,5.3265445360651444],[-73.200852458228454,5.3264425439638083],[-73.200927498943955,5.3261743126039987],[-73.201120019264565,5.3263671500579406],[-73.200852458228454,5.3264425439638083],[-73.200972556912205,5.3268630534800456],[-73.20247404778236,5.3259777135790785],[-73.203538387250788,5.3255277622187247],[-73.205022012213917,5.3253412610672592],[-73.205143982310389,5.3250553123133475],[-73.205520731005734,5.3252529826538302],[-73.205022012213917,5.3253412610672592],[-73.204920481311262,5.3254594659033767],[-73.204519633470852,5.325805851562377],[-73.204262309624042,5.3261726574282013],[-73.205317291808498,5.3260873370588202],[-73.206541119746689,5.3265373472404924],[-73.207348205565836,5.3260856378396575],[-73.208120373890992,5.3261475652589052],[-73.209194963500622,5.3267480414094637],[-73.209982824713649,5.3269855090887299],[-73.209721350294544,5.3272114615815056],[-73.210528359365398,5.3276410308542506],[-73.21171026759275,5.3269795309442278],[-73.212045589318961,5.3270064215093047],[-73.21261841902961,5.3269600876017558],[-73.212576432935819,5.3264386082237341],[-73.212611551670889,5.3259986328126274],[-73.2125849892155,5.3256686695132203],[-73.212604589248386,5.3254230429792546],[-73.213478725011598,5.3254931396982954],[-73.214003757526697,5.3248818821083015],[-73.214612445387573,5.3243558707376204],[-73.213717387679409,5.3239559160958017],[-73.214576504873406,5.3236963243801068],[-73.214779565623218,5.323459911662999],[-73.215015285202782,5.3232562081434684],[-73.215219403439761,5.3230185647080717],[-73.215836436753762,5.3230680424468195],[-73.216096512486288,5.3238544688012626],[-73.215556059635745,5.324017774695327],[-73.215460226219648,5.3248060158158603],[-73.215030546423719,5.3247425255018364],[-73.21492865121526,5.3254353289522536],[-73.215652262483559,5.3257318830028586],[-73.215461186713839,5.3261217949071948],[-73.214802873169972,5.3263921255259934],[-73.214994220395852,5.3267819029375874],[-73.215242013907016,5.3269734745304493],[-73.215433388919791,5.3274416942275122],[-73.215755101648583,5.327690415265204],[-73.215462336222899,5.3294215183805029],[-73.215338505659915,5.3295173907947273],[-73.215256945154493,5.3298755078600051],[-73.214542567002425,5.3302594881852388],[-73.213859240322421,5.3308228238544082],[-73.213081717242815,5.3305554936969637],[-73.213300027884131,5.3311919854485907],[-73.212451613960965,5.3313867290767893],[-73.211933033988771,5.332357641925733],[-73.211828111143802,5.3328183333731936],[-73.212396776685367,5.3325083072891744],[-73.212703774682993,5.3320623101547753],[-73.213274434558102,5.3318480588189709],[-73.213739580541841,5.3315442277243124],[-73.214149138116582,5.3316361045659821],[-73.214331361157576,5.3311474618640444],[-73.215156703201501,5.3305758614681622],[-73.215777906959474,5.3308371263093912],[-73.215969614955654,5.3300872659993814],[-73.216306101579647,5.3304713166612423],[-73.215777906959474,5.3308371263093912],[-73.215682343726357,5.3309613123157602],[-73.214181922578902,5.3320973072813018],[-73.213706291247348,5.3332632880704942],[-73.212592017884361,5.3330986377193961],[-73.212277044718718,5.3342338976660812],[-73.211700683656204,5.3340411047810168],[-73.211751107401284,5.3336982863100788],[-73.211677771157213,5.333202034202591],[-73.211828111143802,5.3328183333731936],[-73.211486530790751,5.3326746703687098],[-73.211008853425895,5.333514162179168],[-73.209756932679369,5.3338366416318674],[-73.20950844725445,5.3337808968056581],[-73.209105375204444,5.3344892694019252],[-73.208795810239693,5.3347036595804624],[-73.209634067480224,5.3347989197917336],[-73.209893243611546,5.3342849680458064],[-73.21027615428558,5.3347175416883141],[-73.209634067480224,5.3347989197917336],[-73.208562384573739,5.3360465688228418],[-73.207988429868166,5.336000539665589],[-73.207665880416727,5.3360266267018792],[-73.207440009688085,5.3367794988071733],[-73.208743095246518,5.336912281068205],[-73.209196017210104,5.3374388484427664],[-73.209567186499442,5.3381228372044562],[-73.21051330653998,5.3387582881225919],[-73.210952253857172,5.338758137560129],[-73.210854611719043,5.3386360125293484],[-73.209537411202106,5.3375795116213949],[-73.21084538961901,5.3364222217744928],[-73.211387391933243,5.3373159400940038],[-73.212001843665405,5.3366231643818702],[-73.211882689798472,5.3356657068990456],[-73.212267866850468,5.3351832545097464],[-73.212682710914322,5.3357021343610711],[-73.21304843674838,5.3359954768941655],[-73.213146078868434,5.3361176016910576],[-73.213686204687662,5.3359543996011523],[-73.213244468746637,5.3355732058333833],[-73.21336517155234,5.3350176178481199],[-73.212852408405453,5.3347578413156054],[-73.213283980062997,5.3343740381278009],[-73.21336517155234,5.3350176178481199],[-73.213730412730285,5.3350913910386257],[-73.214023664640351,5.3352373705236937],[-73.213863096416574,5.3339528397589548],[-73.214597757641414,5.3340441730024137],[-73.215242178345733,5.3331592882532508],[-73.215508995080256,5.331619323906498],[-73.215902870377235,5.3320376487152261],[-73.215817260493921,5.3327294939912786],[-73.216217493087754,5.3326794525947632],[-73.216718740083991,5.3327417661315364],[-73.217709291245271,5.3323597289231133],[-73.217404583130588,5.3331551353264857],[-73.21790472098651,5.3333661642955947],[-73.217849297695281,5.3338140644648968],[-73.218098181687822,5.3342381042584304],[-73.218068748663498,5.3344759770870347],[-73.218437226386257,5.33477151985708],[-73.21863250562302,5.335015767243271],[-73.218851977835556,5.3350156891553988],[-73.21914341192371,5.3348677852805215],[-73.219290766052367,5.3345755698273747],[-73.219380281119854,5.3342254236576201],[-73.220112888014114,5.33371804278082],[-73.21999187167313,5.3331778658200033],[-73.220916284247195,5.333385231844356],[-73.221046148766987,5.3334750339121451],[-73.221193501671749,5.333182818040755],[-73.221630650570688,5.3329609605891379],[-73.221923640219416,5.3323748105710767],[-73.221667841322869,5.3320037486936558],[-73.220985618830454,5.3321573008018888],[-73.220835403685896,5.3314867932066301],[-73.221264675238544,5.3308351776076428],[-73.220777364618115,5.3306993512256708],[-73.221141411602432,5.3293871609189685],[-73.221785272091736,5.3294822933633119],[-73.221828975128702,5.3291851132877968],[-73.221721114962705,5.3284553305872402],[-73.222315044955536,5.3269992847134651],[-73.222484581732502,5.3271908815465068],[-73.222580469845113,5.3279749438139126],[-73.222771630965312,5.3278425479285527],[-73.223108524564168,5.3265247305874528],[-73.223587431574771,5.325904896434082],[-73.223766534144431,5.3254245852407012],[-73.224026130438716,5.3252447925535709],[-73.22485841587617,5.3240049636582576],[-73.224554179655371,5.3237945790389887],[-73.22408870255299,5.3243365220981707],[-73.223714815213086,5.3240916258099071],[-73.224099843826949,5.3232258911083461],[-73.224566531586589,5.323263307290846],[-73.225533325315041,5.32297116049007],[-73.22510799209617,5.3227951791172377],[-73.224671724889561,5.3228304757663309],[-73.22503216115615,5.3223794385791594],[-73.225973325502991,5.3215660830937805],[-73.227304282016249,5.3199520751188061],[-73.227533176666498,5.3191890222585387],[-73.228823571009201,5.3181753011246968],[-73.229160893474344,5.3180733653023475],[-73.22923592426757,5.3178051309593766],[-73.229428443643187,5.3179979593726197],[-73.229160893474344,5.3180733653023475],[-73.228748767160198,5.3187232097990478],[-73.228857402853194,5.3195959909624113],[-73.229710083662354,5.3194893586799754],[-73.230139097383784,5.3195426852397816],[-73.230453811056009,5.3191484549922778],[-73.230991010721013,5.3187169311498375],[-73.231234137505282,5.3192946571333382],[-73.232136355316371,5.3194899638141413],[-73.232555341793841,5.3197366203774639],[-73.233614629430988,5.3196041458221766],[-73.233011978413913,5.3200882483391592],[-73.232795209124006,5.3206985154179733],[-73.233668797254126,5.3203615565923954],[-73.234209859230006,5.3213711891067055],[-73.234331695189184,5.3212733199725379],[-73.234624532902771,5.3209064929812699],[-73.23596500950606,5.3198306503083836],[-73.235835062152759,5.3195208695849994],[-73.235655437866427,5.318600729713312],[-73.235377653260613,5.3184086441428695],[-73.235698476613052,5.3179143993592604],[-73.235506651016237,5.3170582333730652],[-73.235929551905244,5.3159240429213543],[-73.236402492730122,5.3160301233322853],[-73.236931014353942,5.3159111489205291],[-73.236688953655857,5.316924916285557],[-73.235874196578351,5.3167421651122355],[-73.23605360671543,5.3171009910944225],[-73.236313332875312,5.3172805898560602],[-73.23649809696424,5.3175486045295184],[-73.237098612443987,5.3174134249457179],[-73.236901495819623,5.3182963614379561],[-73.237062005534654,5.3189503041667416],[-73.237179860671745,5.318848448334526],[-73.238263793008613,5.318760729074282],[-73.239475793764512,5.3180694462811653],[-73.239632577705549,5.3174560854710489],[-73.240042979644755,5.3175481363706014],[-73.24013376517226,5.3169692839796712],[-73.239621067407796,5.3168657461371449],[-73.239799224987109,5.3160155889334026],[-73.240531162543618,5.3161699733260024],[-73.24013376517226,5.3169692839796712],[-73.240555550362345,5.3171243528651599],[-73.241834532797625,5.316772957190941],[-73.24175457201504,5.3157803253794302],[-73.242104611007065,5.3151508888163983],[-73.242900586337214,5.314462958318888],[-73.243801319604643,5.3134141777539581],[-73.244449094563947,5.3123766184391643],[-73.244387716511881,5.31161470385321],[-73.244548025623558,5.3111462269084075],[-73.244871124148887,5.3118712455275663],[-73.245719554787826,5.3108648675245149],[-73.245080028163613,5.3103130269601158],[-73.245798939825079,5.3092958482407315],[-73.246157539130621,5.3084894521256025],[-73.24684980141113,5.3082855549751775],[-73.246782221004025,5.30913282664104],[-73.247027872655849,5.3093690297171632],[-73.247592164781778,5.308387068402058],[-73.247283121943113,5.3081299588554129],[-73.248150578957279,5.3074071028320722],[-73.248368351805709,5.3071441025937975],[-73.248806359174594,5.3071886738652116],[-73.249476513808915,5.3067048182736531],[-73.249905748578229,5.3067484994503085],[-73.250005275777497,5.3059663034084643],[-73.250093323790949,5.3052641210242601],[-73.250443843813258,5.3050862010312612],[-73.2506439884109,5.3043031316776075],[-73.25123157045013,5.3038961280348875],[-73.251410738007763,5.3036357875342333],[-73.251540525812828,5.3035458873892392],[-73.251614102604748,5.3031797949822499],[-73.251927430798119,5.3027841033856591],[-73.251759540729168,5.3024458922364097],[-73.250979508344514,5.3029839944488879],[-73.250784513446305,5.3034483716806786],[-73.250063203463753,5.3037533835617694],[-73.249224707838437,5.3051845164772633],[-73.249028503256696,5.3056517703504618],[-73.248688364072322,5.3056094994026335],[-73.247975629105738,5.3056986563269923],[-73.247591004038782,5.3050433881344041],[-73.247932053064261,5.3047694094323559],[-73.248225029204377,5.3040717033101688],[-73.248760792917921,5.303400517664266],[-73.249126283197654,5.303106902205613],[-73.249227805233701,5.3029886905282986],[-73.25011359948391,5.3025920639449575],[-73.250361671028401,5.3017649528288047],[-73.251218476483871,5.3010244144277969],[-73.251445804012988,5.3007597108739724],[-73.252942312805303,5.2995178598860626],[-73.253018959439231,5.3004691693941055],[-73.252535323743473,5.3012438595255542],[-73.251860972993896,5.3021076989802172],[-73.251759540729168,5.3024458922364097],[-73.252287955121162,5.3020955618889145],[-73.253625025813548,5.3016251450211129],[-73.253824106732949,5.3019273629447259],[-73.252848810048746,5.3026029350532635],[-73.252308205721292,5.302481685487753],[-73.251950861427503,5.3034401571617273],[-73.251540525812828,5.3035458873892392],[-73.251467127025734,5.3043519421192773],[-73.251030009480772,5.3045738195528234],[-73.250809010968013,5.3050121530557499],[-73.250443843813258,5.3050862010312612],[-73.250224737201378,5.3059662146057143],[-73.250775704457482,5.3056211965642399],[-73.25107551172843,5.3059697230426446],[-73.251525904013462,5.3049568732182015],[-73.251877404435817,5.3049850367124112],[-73.25212867002179,5.3046924629672922],[-73.252080529312209,5.3040949525132826],[-73.252141743956557,5.3034438320943167],[-73.252529531060006,5.3038946326111889],[-73.2529587208235,5.303207156973504],[-73.253643992510476,5.3029003137886841],[-73.253615605801699,5.3025480017573425],[-73.253986518757031,5.3022274207433115],[-73.254275219814289,5.3025630338865639],[-73.254541974958642,5.3027665450313775],[-73.254941476075587,5.3018681218573622],[-73.255158544086683,5.3023551991806723],[-73.255553209832669,5.301895638971251],[-73.255146578470146,5.3007871267528506],[-73.25692424453284,5.3005821090200937],[-73.258083987818836,5.299619699037506],[-73.259639342501174,5.2997443184368018],[-73.259980398460954,5.3006862982229102],[-73.259102876857042,5.3014447646239207],[-73.258899941663842,5.3019321337556891],[-73.259884558178513,5.3023720388248954],[-73.260200765499803,5.3028543228566738],[-73.258930169945913,5.3037696526181053],[-73.257811503583696,5.3042705656054236],[-73.257584285951424,5.3045945228553073],[-73.258713985957996,5.3045030592425011],[-73.256849238042392,5.3066876230974369],[-73.254851135614842,5.3074486062868047],[-73.253252580437717,5.307320519332583],[-73.252188109473963,5.3079164001957171],[-73.251745651207798,5.3093916353001838],[-73.251195650652335,5.3093475648970454],[-73.2514446714641,5.3102581485391251],[-73.251102406486808,5.3108736315163894],[-73.250548545810972,5.3102297764667163],[-73.250073641453284,5.3102682179214531],[-73.250126354821148,5.310922490876024],[-73.249450800852685,5.3117878491309938],[-73.249248004362187,5.312647073078498],[-73.250008022742577,5.31278571916648],[-73.250373194448045,5.3127116712505185],[-73.2506663253358,5.3125654710610499],[-73.250666236438406,5.312345489940582],[-73.251105163771314,5.3123453115743029],[-73.251188778839378,5.3122091638886753],[-73.252263608189679,5.3120148491608532],[-73.253008097836513,5.3111468768285528],[-73.252862420901181,5.3106787448455739],[-73.253417876445994,5.3090219924020268],[-73.253737288175529,5.3088245375195511],[-73.253812307266216,5.3085563006442955],[-73.254004830933965,5.3087491212326672],[-73.253737288175529,5.3088245375195511],[-73.254058639381824,5.3096025195261412],[-73.254266811471325,5.3098060546962085],[-73.255813970991085,5.3087055104053578],[-73.25767406164357,5.3080290683135383],[-73.25822750699048,5.3073846199550649],[-73.25846320567895,5.307180900641904],[-73.25892683694579,5.3064382469947908],[-73.260335212807121,5.3052209590961557],[-73.260893994483638,5.3049800689249818],[-73.260854997384612,5.3054691316589295],[-73.260421478876737,5.3058438320267278],[-73.26032005082763,5.3061820264505695],[-73.260690941523393,5.306256914625771],[-73.260976157061791,5.3068416861305989],[-73.260101050217528,5.3072820238343343],[-73.260005683849286,5.3078461782311637],[-73.259758045594694,5.308037940055673],[-73.259427502679316,5.3088484466938199],[-73.258054148142065,5.3097334339325286],[-73.257988234703603,5.3092876252303096],[-73.258441548332826,5.3086984352747706],[-73.259446977569027,5.3079198665226697],[-73.259757677446927,5.3071580160618348],[-73.259881496424782,5.3070621351671088],[-73.260230561675854,5.3065321789127573],[-73.26032005082763,5.3061820264505695],[-73.259577140337683,5.3067573152978254],[-73.258621627934588,5.3079992346521756],[-73.257627496641916,5.3087690533447995],[-73.256885719457003,5.3086594925287045],[-73.25633923232904,5.3093697774837709],[-73.25558890114101,5.3095795464071998],[-73.254844662962967,5.3101331062497028],[-73.254472644054587,5.3110452870166585],[-73.253614546711773,5.3115601902733998],[-73.253423470939836,5.3118806168951993],[-73.253738637470505,5.3121242537538871],[-73.253836180042569,5.3120020552664746],[-73.255413189417993,5.3117713236847504],[-73.257779989983661,5.3096049654262902],[-73.257843151385288,5.3100182729121235],[-73.257295120722091,5.3104585407724532],[-73.256372017851959,5.3116832037612642],[-73.257422127031361,5.3115511058381175],[-73.260315130524944,5.309819241026192],[-73.260857807699153,5.3091393756365006],[-73.261345124241387,5.3087478789985738],[-73.261637745679778,5.3083812801461825],[-73.261356617390177,5.3082714086299223],[-73.26163765296495,5.3081612991855511],[-73.26163756025403,5.3079413182233628],[-73.261857022175604,5.3079412252561466],[-73.261856929390802,5.3077212442962569],[-73.262076391230735,5.3077211512549747],[-73.262076205517332,5.3072811893382719],[-73.262515128874455,5.3072810030374002],[-73.26348975547927,5.3064980069896732],[-73.264270073229596,5.3055204072987658],[-73.263988945853598,5.3054105369286546],[-73.264269979632743,5.3053004263645072],[-73.264379590183339,5.3050186329305751],[-73.26448944057438,5.3053003325088994],[-73.264826749791808,5.3051983777584093],[-73.266020688967231,5.3043490540775373],[-73.267280036745831,5.3037851253594557],[-73.268101478927733,5.3032007777469214],[-73.269653647417442,5.3023365395935427],[-73.270514881290552,5.3016860424065122],[-73.268901019165881,5.2997320925216833],[-73.268369501137997,5.2979652756666962],[-73.266988484235611,5.2961992411726255],[-73.265903592011895,5.295518752345604],[-73.265041796284748,5.2948428183710483],[-73.264704406037467,5.2947411522697099],[-73.264484948826691,5.2947412460152457],[-73.264484855345131,5.2945212650084237],[-73.263545771921699,5.2951570613050611],[-73.263473349910683,5.2955252556083439],[-73.263815381112948,5.2957707660311062],[-73.263405349059084,5.2963447253815774],[-73.262317798345521,5.2965606232205413],[-73.26176023353176,5.2956811261687209],[-73.262619776886524,5.2937702741321573],[-73.262863000875456,5.293958666731962],[-73.262734128448628,5.2946138512114054],[-73.263264528153371,5.2943290228183475],[-73.263387290362346,5.2938617894617348],[-73.263313504759552,5.2937157396459016],[-73.262583062491217,5.2935682498752037],[-73.261996578292894,5.2932763357701091],[-73.261631357498544,5.2932025901967306],[-73.261192444049172,5.2932027753788562],[-73.261192351758311,5.2929827943027092],[-73.261044781821411,5.2926906940673462],[-73.260753254188529,5.2925430169937719],[-73.260386441269318,5.2932770145402008],[-73.259949396503288,5.2931293982334022],[-73.259875152712098,5.2918834424406516],[-73.259565973446442,5.2916696529609073],[-73.259964548534271,5.2913133088489523],[-73.260683086053547,5.2910434616900535],[-73.261679622674578,5.2903923795359455],[-73.262912424317093,5.2899293961138376],[-73.263385336546904,5.2892421874487088],[-73.263477234050498,5.2887363791665223],[-73.263604698766059,5.2890221131279374],[-73.264075495134662,5.2888904833661492],[-73.265080927986887,5.2875836179584583],[-73.264481866014677,5.2874818719651291]],[[-73.2453931110783,5.2971688988283328],[-73.245318089449526,5.2974371348873079],[-73.245125572019845,5.297244311232145],[-73.2453931110783,5.2971688988283328],[-73.245468132647304,5.2969006627609785],[-73.245660650066966,5.2970934863116979],[-73.2453931110783,5.2971688988283328]],[[-73.2460546209239,5.3050879635462005],[-73.246541550175564,5.3051588902096647],[-73.246123933446512,5.3055634185683225],[-73.2460546209239,5.3050879635462005]],[[-73.240786869439461,5.3033301866883198],[-73.240711845175795,5.3035984222609613],[-73.240519327114015,5.3034055972329694],[-73.240786869439461,5.3033301866883198],[-73.24064762057489,5.3029591599242565],[-73.240688025568431,5.302560290313088],[-73.240643116583087,5.3021203450043206],[-73.240688555486358,5.3016717782274432],[-73.240247584728479,5.3013048999821466],[-73.240523749728212,5.3005906956335025],[-73.240860493384886,5.3010041173162268],[-73.241073549737933,5.3030912963855146],[-73.240786869439461,5.3033301866883198]],[[-73.241664369798258,5.3024499189198488],[-73.241949646194342,5.3025721572607232],[-73.241752467619037,5.3029498003490962],[-73.241664369798258,5.3024499189198488]],[[-73.238372464571697,5.30245119634532],[-73.239106596563644,5.3025465305150465],[-73.238521278891028,5.3027341347924652],[-73.238372464571697,5.30245119634532]],[[-73.246054272392414,5.3042080385334174],[-73.246498180445883,5.3043220381073155],[-73.246060617147577,5.3049578272722693],[-73.245917213916911,5.3047683277004811],[-73.246054272392414,5.3042080385334174]],[[-73.201949374490951,5.3251222944371097],[-73.202479988960647,5.3252624234044559],[-73.201734222631231,5.3256475674599075],[-73.201949374490951,5.3251222944371097]],[[-73.214458031940538,5.3220383231604194],[-73.214959806851098,5.322440792346673],[-73.214141313132984,5.323040518578404],[-73.213218876871579,5.3232408983900639],[-73.212581134016602,5.3241166314030215],[-73.211717728772513,5.3256485816308716],[-73.211284966053228,5.3259037637743578],[-73.211052815111643,5.3258749023093213],[-73.209857545309021,5.3262174553713075],[-73.208409750468135,5.3256815209610471],[-73.20731136646306,5.324800502962006],[-73.207339828129733,5.3245705491031963],[-73.207290736152501,5.3241760479143823],[-73.207896553214553,5.3241003106394631],[-73.208322221147071,5.3251118994543933],[-73.209094356916779,5.3254377149639209],[-73.209841221620778,5.3258774243210691],[-73.210711261963652,5.3256615243288676],[-73.211508373124957,5.325021263078626],[-73.211736014273654,5.3242222022274763],[-73.212678460335084,5.3228772910273934],[-73.213458476717207,5.322576456464148],[-73.214197788031854,5.3223643027729937],[-73.214458031940538,5.3220383231604194]],[[-73.203485512313478,5.3246818252934993],[-73.20375312182037,5.3247570433975291],[-73.20356072813388,5.3249500072897638],[-73.203485512313478,5.3246818252934993]],[[-73.206118990695131,5.3242409862066209],[-73.206635671141299,5.3243522087405246],[-73.20639366124891,5.3247428618563752],[-73.206118990695131,5.3242409862066209]],[[-73.205021574944709,5.3240213706574551],[-73.205289184324101,5.3240965880995992],[-73.205096791332352,5.3242895524494411],[-73.205021574944709,5.3240213706574551]],[[-73.207654827804589,5.3229205800200994],[-73.208614417689162,5.3230189297840962],[-73.207825868555005,5.3232095504770758],[-73.207654827804589,5.3229205800200994]],[[-73.210073161646704,5.3352387331493771],[-73.210340776463511,5.3353139477343801],[-73.210148381755275,5.3355069140876923],[-73.210073161646704,5.3352387331493771]],[[-73.211828714551388,5.3345781859730099],[-73.211169338322449,5.3355521752621717],[-73.210722354041437,5.3348792270077547],[-73.211828714551388,5.3345781859730099],[-73.211903751303879,5.3343099534917364],[-73.212096277547559,5.334502787648904],[-73.211828714551388,5.3345781859730099]],[[-73.218412644498613,5.3339159378830789],[-73.218680256256988,5.3339911488247509],[-73.218487871351925,5.334184117672149],[-73.218412644498613,5.3339159378830789]],[[-73.218631882783086,5.3332559154586994],[-73.2193720204898,5.3333607184327301],[-73.218749852085949,5.3337722301246124],[-73.218631882783086,5.3332559154586994]],[[-73.218850575332397,5.3310560225569841],[-73.219304068922696,5.3311724996806262],[-73.220038011720092,5.3323013269967428],[-73.219836297605283,5.3325313507109851],[-73.219459868529341,5.3319852958657838],[-73.218685676223785,5.3314499288745063],[-73.218850575332397,5.3310560225569841]],[[-73.220167791922094,5.3321554600774022],[-73.220435403091642,5.3322306707019038],[-73.220243019282734,5.332423639644567],[-73.220167791922094,5.3321554600774022]],[[-73.21906950045593,5.3295160739905603],[-73.218526825030693,5.3290304159038282],[-73.219227225930581,5.3287924495871675],[-73.219616238079468,5.3296412064273548],[-73.219831433089695,5.3293996243891382],[-73.220077170332559,5.3291793914121834],[-73.220975527463466,5.3271315893400528],[-73.220907990161578,5.3260025794630064],[-73.221597966725597,5.3250117341709435],[-73.222413653377288,5.3237251729767729],[-73.223282956285843,5.3232512736173145],[-73.222443974894531,5.3246233113545838],[-73.222011442614246,5.3250109609364698],[-73.222037761507025,5.3254509144781901],[-73.221589473864128,5.3258526808313071],[-73.221283496656483,5.3281520383894989],[-73.220489765236067,5.3291794073737959],[-73.220264630019585,5.3296715428832684],[-73.219830968053131,5.3300601951149327],[-73.219856446903691,5.3304861089993718],[-73.219394739054479,5.3307378011251778],[-73.219185600290501,5.3300597993128624],[-73.21895035583043,5.3298492716274781],[-73.21906950045593,5.3295160739905603]],[[-73.216875183597963,5.3306167589600815],[-73.217142793751492,5.3306919710644589],[-73.216950409331744,5.3308849390096249],[-73.216875183597963,5.3306167589600815]],[[-73.217313738315482,5.3295166964806793],[-73.217614956744356,5.3296955398755594],[-73.217411437317793,5.330467900238169],[-73.217313738315482,5.3295166964806793]],[[-73.216216079187461,5.3286371568150139],[-73.216744785929933,5.3290027729617879],[-73.216408230371343,5.3293865609488007],[-73.216216079187461,5.3286371568150139]],[[-73.216874257693632,5.327976980559221],[-73.217141866691506,5.3280521927170108],[-73.216949483059381,5.328245160644931],[-73.216874257693632,5.327976980559221]],[[-73.216872407280576,5.3226974230795019],[-73.217295790168222,5.3228185967841641],[-73.217065809078591,5.3246771893610019],[-73.217301615603404,5.3265719416102524],[-73.216657983453288,5.3276349164880674],[-73.216461563695987,5.3273281900592995],[-73.216585425040748,5.3263272203970233],[-73.216457908004514,5.3253026033612256],[-73.216774932601808,5.3230395976568179],[-73.216872407280576,5.3226974230795019]],[[-73.222140898531379,5.3262152505954292],[-73.222645639742083,5.3263042335548105],[-73.222260247426959,5.3264945203635365],[-73.222140898531379,5.3262152505954292]],[[-73.223017585552583,5.3229152111469356],[-73.223285192972668,5.3229904207074012],[-73.223092812844357,5.3231833904414501],[-73.223017585552583,5.3229152111469356]],[[-73.223017110120722,5.3215953221921852],[-73.223721497871352,5.321714998387991],[-73.223282612770547,5.3227909626969758],[-73.223109495679083,5.3225953191910005],[-73.223143446452994,5.3223644632554183],[-73.223017110120722,5.3215953221921852]],[[-73.212043962723058,5.3222591401872537],[-73.21231157206627,5.3223343545800725],[-73.212119181875607,5.322527321026195],[-73.212043962723058,5.3222591401872537],[-73.211776353440598,5.3221839256754837],[-73.2119687436399,5.3219909593341868],[-73.212043962723058,5.3222591401872537]],[[-73.216433240835215,5.32203763263976],[-73.216700847189458,5.3221128451105724],[-73.216508465185555,5.3223058128680876],[-73.216433240835215,5.32203763263976]],[[-73.208532329625982,5.3218203750332602],[-73.209264491335489,5.3219126647971429],[-73.208699441059821,5.3223341820325807],[-73.208357707240054,5.3221727905459275],[-73.208532329625982,5.3218203750332602]],[[-73.224553301970985,5.3213747829029101],[-73.224553461519861,5.3218147458508183],[-73.224333994077199,5.3218148257763858],[-73.224258960723887,5.322083059599362],[-73.224066441565242,5.321890229582797],[-73.224333994077199,5.3218148257763858],[-73.224333834684259,5.3213748628218216],[-73.224553301970985,5.3213747829029101],[-73.224628335122375,5.3211065490469682],[-73.224820854194689,5.3212993788958292],[-73.224553301970985,5.3213747829029101]],[[-73.209190361080744,5.3207202433978562],[-73.209944414796723,5.3208483740460961],[-73.209593995708985,5.3212440280592528],[-73.209190361080744,5.3207202433978562]],[[-73.210287622735834,5.3204998883384],[-73.21080435934725,5.3207835656573419],[-73.210393136152646,5.3209907227855044],[-73.210287622735834,5.3204998883384]],[[-73.225211303828175,5.3202746353299055],[-73.225478910320021,5.3203498439811572],[-73.225286531689989,5.3205428143530051],[-73.225211303828175,5.3202746353299055]],[[-73.214237803264979,5.319838583181145],[-73.214505411778845,5.3199137966586267],[-73.214313023021049,5.3201067637470407],[-73.214237803264979,5.319838583181145]],[[-73.211603974886557,5.3191795476738335],[-73.212140558238161,5.3193331249192699],[-73.211754368490048,5.3197060963793099],[-73.211603974886557,5.3191795476738335]],[[-73.224333117581409,5.3193950294485948],[-73.224222168591055,5.3199129205940094],[-73.223832424889991,5.3196703578369684],[-73.224333117581409,5.3193950294485948],[-73.224408150625493,5.3191267956083692],[-73.224600668990846,5.3193196255672364],[-73.224333117581409,5.3193950294485948]],[[-73.224771891117328,5.3189549066166633],[-73.22503949698698,5.3190301154882835],[-73.224847118606775,5.3192230857196456],[-73.224771891117328,5.3189549066166633]],[[-73.217090410075159,5.3185176955473352],[-73.217015373888728,5.3187859286309633],[-73.216822857959087,5.3185930961955199],[-73.217090410075159,5.3185176955473352],[-73.217165446200994,5.3182494624548715],[-73.217357962121753,5.3184422947855348],[-73.217090410075159,5.3185176955473352]],[[-73.216212314229224,5.3178580590929228],[-73.21695243311963,5.3179628657983562],[-73.216330278072988,5.3183743751019481],[-73.216212314229224,5.3178580590929228]],[[-73.226088207984844,5.3176345363686162],[-73.226373488740833,5.3177567816713323],[-73.226176296047868,5.318134418554898],[-73.226088207984844,5.3176345363686162]],[[-73.234867593247756,5.3196110879898146],[-73.235135200441078,5.3196862924127695],[-73.234942825146703,5.3198792656626894],[-73.234867593247756,5.3196110879898146]],[[-73.234208611600764,5.3180714690380793],[-73.234843945079774,5.318253285383153],[-73.234744001918557,5.3190611816482178],[-73.234796463063745,5.3194826242290665],[-73.234391579674764,5.3195332606080328],[-73.234208611600764,5.3180714690380793]],[[-73.232453048822606,5.3185120960454926],[-73.232969728267662,5.3186232965260949],[-73.232727740854315,5.3190139592737662],[-73.232453048822606,5.3185120960454926]],[[-73.229599825557571,5.3180732020498258],[-73.23011252302237,5.3181767482482876],[-73.229882141379917,5.3185869597916362],[-73.229423657003807,5.318428773831271],[-73.229599825557571,5.3180732020498258]],[[-73.216870558728274,5.3174178646966901],[-73.21713816310924,5.3174930770682014],[-73.216945782623498,5.3176860449268988],[-73.216870558728274,5.3174178646966901]],[[-73.22806323936355,5.3171938462725983],[-73.228330844802358,5.3172690537357257],[-73.228138468014322,5.3174620249377424],[-73.22806323936355,5.3171938462725983]],[[-73.22477117294288,5.3169750731480816],[-73.225503330530884,5.3170673437782705],[-73.22493829954584,5.31748887532863],[-73.224596564585042,5.3173274928813781],[-73.22477117294288,5.3169750731480816]],[[-73.234208195898788,5.3169715622701776],[-73.234133167369365,5.3172397971268834],[-73.233940646839358,5.3170469702310141],[-73.234208195898788,5.3169715622701776],[-73.234296961621581,5.3164656395052701],[-73.23448680926569,5.3168519294889451],[-73.234208195898788,5.3169715622701776]],[[-73.225648955716579,5.3167547711540504],[-73.225916560715106,5.3168299796862675],[-73.225724183273769,5.3170229501643744],[-73.225648955716579,5.3167547711540504]],[[-73.219503838812571,5.3165370067631432],[-73.219789117882755,5.31665925519121],[-73.21959192141064,5.3170368901369871],[-73.219503838812571,5.3165370067631432]],[[-73.234427162278607,5.3156515907517354],[-73.235394701117258,5.3157615067797979],[-73.235069881733139,5.3165955499063289],[-73.234691086946427,5.3166808187627019],[-73.234427162278607,5.3156515907517354]],[[-73.228940696052959,5.3160936138606818],[-73.229208301101139,5.3161688209617486],[-73.22901592492488,5.3163617924177515],[-73.228940696052959,5.3160936138606818]],[[-73.218625743430735,5.3158773736924614],[-73.218893347320844,5.315952585324907],[-73.218700967862517,5.3161455536984885],[-73.218625743430735,5.3158773736924614]],[[-73.237939532510325,5.3180700408986672],[-73.238444268742128,5.3181590102919145],[-73.238058886671993,5.3183493082790587],[-73.237939532510325,5.3180700408986672]],[[-73.237280882072909,5.3174103506538009],[-73.237548488550388,5.3174855540640937],[-73.237356114694023,5.3176785280167431],[-73.237280882072909,5.3174103506538009]],[[-73.238597506719501,5.3169698801131844],[-73.238865113138672,5.3170450829546914],[-73.238672739841221,5.3172380572962084],[-73.238597506719501,5.3169698801131844]],[[-73.23749925205918,5.3145505091292726],[-73.238056113744264,5.3146521050926898],[-73.238259516454661,5.3153283309214601],[-73.238501622194192,5.3157628898348168],[-73.238259763812422,5.3159719145246829],[-73.238000120890092,5.3168375266235417],[-73.237547041953192,5.3168741930714809],[-73.237628074731376,5.3158584533422157],[-73.23749925205918,5.3145505091292726]],[[-73.24079164885147,5.3156491397822716],[-73.241076931278556,5.3157713782056577],[-73.240879748329618,5.3161490193914824],[-73.24079164885147,5.3156491397822716]],[[-73.239913788812046,5.3156494817500528],[-73.24018139478801,5.3157246840423333],[-73.239989022310183,5.3159176587655361],[-73.239913788812046,5.3156494817500528]],[[-73.236401844810999,5.3143309491109516],[-73.236718999606211,5.3145853219790986],[-73.235981391188091,5.3157488211066557],[-73.236060713373334,5.3148688652752965],[-73.236401844810999,5.3143309491109516]],[[-73.241669337323543,5.3152088340681152],[-73.241594312242768,5.3154770696931513],[-73.241401790067428,5.3152842451941265],[-73.241669337323543,5.3152088340681152],[-73.241744362344278,5.3149405984345757],[-73.241936884509727,5.3151334228288922],[-73.241669337323543,5.3152088340681152]],[[-73.235304688699458,5.3147713311794389],[-73.235215923987255,5.3152772540699065],[-73.235026076424134,5.3148909642896838],[-73.235304688699458,5.3147713311794389],[-73.235379716463925,5.3145030961945041],[-73.23557223659688,5.3146959226723292],[-73.235304688699458,5.3147713311794389]],[[-73.239693813511437,5.3143296793434134],[-73.239961418888129,5.3144048817612388],[-73.239769046729791,5.3145978564086933],[-73.239693813511437,5.3143296793434134]],[[-73.234426663209732,5.3143317025430381],[-73.234694268050106,5.3144069072733062],[-73.234501894178791,5.3145998803521985],[-73.234426663209732,5.3143317025430381]],[[-73.219502904175755,5.3138972276232188],[-73.219796148007433,5.3140457927936948],[-73.219599072716989,5.3146310383768745],[-73.218996656321835,5.314262874845765],[-73.21942922944055,5.3140433353733592],[-73.219502904175755,5.3138972276232188]],[[-73.240571415669436,5.3136693939429422],[-73.240856697129132,5.3137916325192736],[-73.240659514618017,5.3141692736363977],[-73.240571415669436,5.3136693939429422]],[[-73.236182128846906,5.3136710890958581],[-73.236467409532992,5.3137933297398101],[-73.236270224285548,5.3141709695748336],[-73.236182128846906,5.3136710890958581]],[[-73.234864259752555,5.310811833605646],[-73.234989374837355,5.3109159260795762],[-73.23582199361006,5.3128711945308318],[-73.235242801952111,5.3142112272924606],[-73.234800634742257,5.3138935863915719],[-73.234721847596077,5.3131216926242404],[-73.234787836116041,5.3124703096105108],[-73.234248949237099,5.3120219651606133],[-73.234764973290751,5.311591980338469],[-73.234864259752555,5.310811833605646]],[[-73.236840521960644,5.3136708368127197],[-73.236765494920704,5.3139390719498421],[-73.236572974678566,5.3137462458456008],[-73.236840521960644,5.3136708368127197],[-73.236929285165061,5.3131649137315664],[-73.237119133311793,5.3135512029186263],[-73.236840521960644,5.3136708368127197]],[[-73.233548473232233,5.3134521098134329],[-73.233816077598547,5.3135273149480629],[-73.233623703702776,5.3137202877587475],[-73.233548473232233,5.3134521098134329]],[[-73.243424278646415,5.3132283128876576],[-73.243141295755834,5.3137462746176372],[-73.242934604552431,5.3133340975468393],[-73.243424278646415,5.3132283128876576],[-73.243499302697643,5.3129600770693219],[-73.243691824740949,5.3131529009316782],[-73.243424278646415,5.3132283128876576]],[[-73.243204297023638,5.3119085119301266],[-73.243507504328761,5.3120956128174583],[-73.243198679546495,5.3128140152397529],[-73.242089225745005,5.3133127054504623],[-73.24186011023815,5.3129858845849736],[-73.242808427965727,5.3126615370373536],[-73.243204297023638,5.3119085119301266]],[[-73.220160127161733,5.3105972690260801],[-73.220847423275444,5.3107169031516221],[-73.22016433592124,5.3131148884818087],[-73.219740274013446,5.3128743625001338],[-73.219858698571713,5.3119172662810428],[-73.219816860659648,5.3115810921910258],[-73.220062655948752,5.3109394441036519],[-73.220160127161733,5.3105972690260801]],[[-73.241887172048976,5.3110291041059776],[-73.242258923418206,5.3111245758638983],[-73.241800818788178,5.3118303262573967],[-73.24157653975837,5.3127077664017968],[-73.241339145916612,5.3126545204314599],[-73.240920350470446,5.312748799396168],[-73.241348312911057,5.3114704591150073],[-73.241797586907381,5.3111592730924198],[-73.241887172048976,5.3110291041059776]],[[-73.240351269403959,5.3119096291306445],[-73.240618873790083,5.3119848313130014],[-73.240426502562286,5.3121778061371705],[-73.240351269403959,5.3119096291306445]],[[-73.218624269909512,5.3116977229478426],[-73.219386305353538,5.3119332928218235],[-73.21878660891592,5.3122240206338773],[-73.218624269909512,5.3116977229478426]],[[-73.221038059639739,5.3108169370648266],[-73.221786155157488,5.3110090856369432],[-73.221403011062634,5.3113463586557881],[-73.221038059639739,5.3108169370648266]],[[-73.244301182065584,5.3108081725547773],[-73.244226158583203,5.31107640846127],[-73.244033637055438,5.310883584730604],[-73.244301182065584,5.3108081725547773],[-73.244376205487995,5.3105399366398771],[-73.24456872700577,5.3107327602658447],[-73.244301182065584,5.3108081725547773]],[[-73.233327850527715,5.3103724531091094],[-73.233613129163814,5.3104946951770451],[-73.233415943099118,5.3108723358495196],[-73.233327850527715,5.3103724531091094]],[[-73.228280194758696,5.3103743394384315],[-73.228792885629275,5.3104778870434499],[-73.22856250573399,5.3108880981102615],[-73.228104027429822,5.3107299108699184],[-73.228280194758696,5.3103743394384315]],[[-73.242325583308329,5.3097090443798116],[-73.24262679855309,5.3098878757737049],[-73.242113716796894,5.310450946769472],[-73.241808167178306,5.3101063722407638],[-73.242243954805218,5.3098471823421685],[-73.242325583308329,5.3097090443798116]],[[-73.234864009966074,5.3101518894258595],[-73.235131613025587,5.310227094054234],[-73.23493924053534,5.3104200672319903],[-73.234864009966074,5.3101518894258595]],[[-73.220818361189615,5.3101570707491703],[-73.221323089078666,5.3102460562306861],[-73.220937706106227,5.3104363419113225],[-73.220818361189615,5.3101570707491703]],[[-73.233766528431389,5.309712342889731],[-73.234051806835865,5.3098345847671924],[-73.233854621236418,5.3102122255667306],[-73.233766528431389,5.309712342889731]],[[-73.233327685103006,5.3099324902693619],[-73.233595287909807,5.3100076955763411],[-73.233402914985774,5.3102006682950398],[-73.233327685103006,5.3099324902693619]],[[-73.232669213316512,5.3097127571986018],[-73.232950337798286,5.3098226419710777],[-73.232669295790274,5.309932738631109],[-73.232817587171397,5.311438519858763],[-73.23275678187575,5.3122006518194489],[-73.23283258235854,5.3124542836339703],[-73.233211629484146,5.3120129474772151],[-73.233634271593502,5.3120468274837451],[-73.233210363439895,5.3139984149870276],[-73.233228383574485,5.3142221658337272],[-73.233202969050083,5.3145407198565247],[-73.232503013037061,5.3157993317042207],[-73.232588614709769,5.3168621843620256],[-73.23254526770009,5.3174054862533264],[-73.231456999458061,5.3177343555580459],[-73.231120294823512,5.3181263824862173],[-73.230763578160406,5.3183945596949194],[-73.230817863078713,5.3177141967145678],[-73.229325451515734,5.317264416774873],[-73.230405080467776,5.3153231336184081],[-73.229827669468122,5.3142867010378358],[-73.229496994076428,5.3146717077631207],[-73.228661325434231,5.3153156021170371],[-73.228940127396982,5.3145537437001851],[-73.228403548021902,5.3144001810440926],[-73.228789724145614,5.3140271996499919],[-73.228940127396982,5.3145537437001851],[-73.229366497613867,5.3142236131576794],[-73.22878312021804,5.3137726051381602],[-73.228909019099675,5.3129164395231552],[-73.228352726421448,5.3126884654224655],[-73.228740679725931,5.3123880827600569],[-73.229444198121712,5.3106632816685195],[-73.229157885597786,5.3099340513746967],[-73.228890283277394,5.3098588441202113],[-73.229082657564348,5.3096658727482886],[-73.229157885597786,5.3099340513746967],[-73.229638173394534,5.3098103146571667],[-73.229905656169024,5.3092462641485056],[-73.229157560701836,5.3090541254163917],[-73.229058023643887,5.3091743271045004],[-73.228271500196385,5.3094059956097528],[-73.227403615053603,5.3093176497523835],[-73.226863539137156,5.309570832490814],[-73.227971262355425,5.3098166182959874],[-73.227579580514416,5.3105026911923838],[-73.227282800224131,5.3104724798454015],[-73.227083823477741,5.3118148344998408],[-73.226651685581359,5.3125717655539857],[-73.227493455035059,5.3132721183648037],[-73.226821294876103,5.3135646092438114],[-73.226922515858078,5.3145564139242012],[-73.227184489473558,5.314774374012746],[-73.227259520794121,5.3145061398619369],[-73.227452038512681,5.3146989689830644],[-73.227184489473558,5.314774374012746],[-73.227057524930871,5.3163122890582555],[-73.227098405270411,5.3168199138162944],[-73.22668935851938,5.3172961633061488],[-73.226409047963699,5.3170926450730684],[-73.226116104679008,5.3158023348302992],[-73.225363602943744,5.3157420058026519],[-73.225090622808239,5.3159779186351486],[-73.225109538279611,5.3162128085500608],[-73.224770933611651,5.3163151286303654],[-73.224597058527849,5.3169255269319011],[-73.223999866941512,5.3168512918593214],[-73.223576238297397,5.3169409943080312],[-73.224199684392218,5.3174410467863042],[-73.222976096916213,5.317733492215452],[-73.222681225620107,5.3170327817898846],[-73.222435558938002,5.3184508025744135],[-73.222906223603431,5.3183919482799977],[-73.223125699708874,5.3184192323375319],[-73.223356809365768,5.318390333496958],[-73.223552912978946,5.3195833306378857],[-73.222612010354197,5.3199334392484481],[-73.222357997127816,5.3196157264564192],[-73.222234169589711,5.3197116001625613],[-73.221604477681055,5.3209727515189336],[-73.222253760172137,5.3205798633162038],[-73.222532235708826,5.3209412171973325],[-73.222364568663139,5.3220813040888482],[-73.221982799812423,5.3223768925406629],[-73.222073538416254,5.3229908434891211],[-73.221605602468927,5.3237690368610346],[-73.220675747146331,5.3236316472013847],[-73.219561785478817,5.325112004891424],[-73.21906825378943,5.3259963697964388],[-73.219220800362308,5.326073652775305],[-73.219507397645771,5.326661334010045],[-73.219199976279128,5.3272709821533164],[-73.218849173885516,5.3270963554498083],[-73.218774137581818,5.3273645886845884],[-73.218581618349845,5.3271717569839545],[-73.218849173885516,5.3270963554498083],[-73.219012537359561,5.3267666439226762],[-73.218850862187722,5.3264351195667405],[-73.21906825378943,5.3259963697964388],[-73.218677912568054,5.3258787236044665],[-73.218764204748339,5.3247974766673627],[-73.218513042438474,5.324777338631991],[-73.217724428822549,5.3252187307004162],[-73.217852197092625,5.3236788144539444],[-73.218419884625874,5.3210656389531028],[-73.217969159562159,5.3210294979827806],[-73.217446800987901,5.3210717547678135],[-73.217185419578016,5.3206025683595817],[-73.217655189409285,5.3203922594079662],[-73.217407396094771,5.3199474644359679],[-73.21764758767722,5.3195155966165899],[-73.218426901361553,5.3177633562477959],[-73.21874415975573,5.3177376912876575],[-73.218846218744062,5.3187370565543279],[-73.21934153011911,5.3183535625647034],[-73.220466595249363,5.3168914801114768],[-73.220706181732808,5.3154747426168054],[-73.221163454474876,5.3151206953708847],[-73.221607762038573,5.3140314330491787],[-73.2215696379223,5.3137734560763024],[-73.221916937090953,5.3136763827808915],[-73.221843001069089,5.3130903646238563],[-73.221697157949436,5.3127965353414233],[-73.220965005808807,5.3127042599465586],[-73.22111236085847,5.3124306819163829],[-73.2216232480624,5.3122826985858307],[-73.221917943922691,5.3116982665772641],[-73.222355077691063,5.3114764091016049],[-73.22276134028381,5.310726470333206],[-73.222998675095894,5.3113106067517055],[-73.222355077691063,5.3114764091016049],[-73.222672926373036,5.3120506581445408],[-73.223554655858166,5.3117872484420037],[-73.22464297701255,5.3105006177856913],[-73.223890927409158,5.310375946192166],[-73.223891006781287,5.3105959277551884],[-73.223671543300767,5.3105960072773577],[-73.223596510811561,5.3108642410717879],[-73.223403995481419,5.3106714106228985],[-73.223671543300767,5.3105960072773577],[-73.223671464006443,5.3103760257110268],[-73.223890927409158,5.310375946192166],[-73.224453440906387,5.309619968182111],[-73.224548919619778,5.3092757993789395],[-73.224267796713221,5.3091659107060609],[-73.224548840034302,5.3090558178164917],[-73.224825017962118,5.3087342608117796],[-73.225216928029226,5.3100373115561226],[-73.225799845292656,5.3098202657017231],[-73.225712672291834,5.3087377301632808],[-73.226748650426458,5.3086539111394142],[-73.227502330692133,5.3090750449463755],[-73.228529375478416,5.3084297087107197],[-73.22943752651598,5.3073723322951158],[-73.231089311124521,5.3064477548618783],[-73.232368614749817,5.3069872294777101],[-73.232986492841661,5.3069372311390026],[-73.233023417163253,5.3073956954582062],[-73.232566922344802,5.3077902202165452],[-73.232773542104596,5.3078520927648141],[-73.233647909171779,5.3077813368688815],[-73.233437146156163,5.3087680939423061],[-73.232782995196985,5.3093334362900597],[-73.232669213316512,5.3097127571986018]],[[-73.243861218365836,5.3081685709732422],[-73.24454348553364,5.3083437868770966],[-73.244170612703144,5.3089182400555917],[-73.24394567756427,5.3097982540728745],[-73.243333195921224,5.3095444175339841],[-73.243512138687635,5.3086985186600373],[-73.243861218365836,5.3081685709732422]],[[-73.240350332085598,5.309489834789149],[-73.240439091960553,5.308983912969242],[-73.240628940847444,5.3093701994102167],[-73.240350332085598,5.309489834789149],[-73.240146152799412,5.3105886897346259],[-73.239494518157954,5.3120132830564852],[-73.238595475192255,5.3116903287619106],[-73.23848222419133,5.3128846044863316],[-73.237284013445873,5.3130625607930213],[-73.237406112788079,5.3122321526521787],[-73.237154880562017,5.3118150361419918],[-73.236956557782079,5.3101936323426848],[-73.23634748808395,5.3116869270224738],[-73.236085640550627,5.3113471596940043],[-73.23564658445099,5.3110077317730955],[-73.235849998326984,5.310666635273626],[-73.236080398569001,5.3109655978889734],[-73.236403447648925,5.3090550169072293],[-73.237181960186732,5.3087352862787087],[-73.237448335926246,5.307467565298575],[-73.238470310180261,5.3082948275553763],[-73.239364043646503,5.3086610716966183],[-73.239669366220753,5.3097584735410486],[-73.240350332085598,5.309489834789149]],[[-73.234863593725194,5.3090519824282856],[-73.235368322230869,5.3091409563882426],[-73.234982944612241,5.3093312506239299],[-73.234863593725194,5.3090519824282856]],[[-73.244299710169585,5.3070684912753858],[-73.245035345310981,5.3074570442107536],[-73.244409671097003,5.3076526589865152],[-73.24419018203217,5.3075842298595202],[-73.243459621355314,5.3078126359496558],[-73.243538488676108,5.3074363984341923],[-73.244216094186299,5.3072046364109573],[-73.244299710169585,5.3070684912753858]],[[-73.23661870877558,5.3075114427773764],[-73.236886310861451,5.3075866466933057],[-73.236693939722954,5.3077796203731831],[-73.23661870877558,5.3075114427773764]],[[-73.232886531223542,5.3039931567869898],[-73.23345404645022,5.3043479187163483],[-73.234297946189699,5.304279630683129],[-73.23458285833054,5.3073750628827678],[-73.234137371602486,5.3077600718305087],[-73.233110591337109,5.306566375108182],[-73.232515837736244,5.3045889710010368],[-73.232886531223542,5.3039931567869898]],[[-73.226084519606957,5.3075153866858207],[-73.226352120616923,5.3075905952193736],[-73.226159746060347,5.3077835657627981],[-73.226084519606957,5.3075153866858207]],[[-73.225426212395661,5.3077356087777074],[-73.225426292272104,5.3079555903362241],[-73.225206829748402,5.307955670364283],[-73.225131798201673,5.3082239043264634],[-73.224939283268256,5.3080310743251324],[-73.225206829748402,5.307955670364283],[-73.22520674994972,5.3077356888024365],[-73.225426212395661,5.3077356087777074],[-73.22550124376356,5.3074673747834957],[-73.225693758681913,5.307660204613236],[-73.225426212395661,5.3077356087777074]],[[-73.227620675371909,5.3072948411888641],[-73.227888276443394,5.3073700490538194],[-73.22769590245008,5.30756302005347],[-73.227620675371909,5.3072948411888641]],[[-73.240788404452488,5.3072898507177184],[-73.240788489765052,5.3075098320378356],[-73.241056092274263,5.3075850341252542],[-73.240863722490587,5.3077780090448208],[-73.240788489765052,5.3075098320378356],[-73.240248267085207,5.3073470266380527],[-73.240568857173741,5.3070699548661375],[-73.238926306959797,5.3050746476378148],[-73.239364124634506,5.3044144434636165],[-73.240050355154693,5.3054787421692637],[-73.241332579386565,5.306523896178283],[-73.242209593649733,5.306938357694956],[-73.242219214758677,5.3071793008851627],[-73.242210448066984,5.3074031827217789],[-73.242639491725797,5.3078013378252908],[-73.242708630081609,5.3095326867320471],[-73.241802260613596,5.3072023061666957],[-73.241114221078945,5.3071752418074691],[-73.240788404452488,5.3072898507177184]],[[-73.244958009101069,5.3068482494017077],[-73.245225611744061,5.3069234496750672],[-73.245033243511173,5.3071164258278918],[-73.244958009101069,5.3068482494017077]],[[-73.237934049210168,5.3037712537249444],[-73.238694253508484,5.3044272495881675],[-73.238271868463571,5.3049892015852151],[-73.238036163590721,5.3051929134844871],[-73.237786296665902,5.3057547853012874],[-73.235791585340507,5.3071736066358595],[-73.2352956651536,5.3066328848637268],[-73.236500101584156,5.3056334658957462],[-73.237056114706022,5.3053845184298734],[-73.237377827890413,5.3043119553193394],[-73.237829294772453,5.3043481444205396],[-73.237934049210168,5.3037712537249444]],[[-73.225206351006619,5.3066357809697671],[-73.22593849636921,5.3067280499523122],[-73.225711522207405,5.3071494599312912],[-73.225028573289251,5.3069946014235692],[-73.225206351006619,5.3066357809697671]],[[-73.246713616154963,5.306627569791047],[-73.246981218879128,5.3067027692993065],[-73.24678885128229,5.3068957459714605],[-73.246713616154963,5.306627569791047]],[[-73.248249760124452,5.3064069734367054],[-73.248517362907364,5.3064821722760849],[-73.248324995875322,5.3066751494022677],[-73.248249760124452,5.3064069734367054]],[[-73.245177297210958,5.3064081998692645],[-73.245444899684045,5.3064834000562593],[-73.245252531652483,5.3066763762706417],[-73.245177297210958,5.3064081998692645]],[[-73.244516574848618,5.3004689659348951],[-73.245043045410881,5.3006004188530582],[-73.245482661611859,5.3019920185037561],[-73.244593090656977,5.3017029102875917],[-73.24476014771416,5.3010371871995288],[-73.244516574848618,5.3004689659348951]],[[-73.238591756042084,5.3020111489440271],[-73.238516730952483,5.3022793842975258],[-73.23832421396817,5.3020865585286767],[-73.238591756042084,5.3020111489440271],[-73.238591418278659,5.3011312233559931],[-73.23903033808277,5.3011310539315337],[-73.239030676467536,5.3020109794912971],[-73.238591756042084,5.3020111489440271]],[[-73.240126787935708,5.2989308151766679],[-73.240659583563456,5.2993905766996328],[-73.240736601776035,5.3003467388175647],[-73.240275240641225,5.3003840762572541],[-73.240126787935708,5.2989308151766679]],[[-73.265365781071324,5.3017802614603262],[-73.264836293828651,5.302701725887065],[-73.263315039153838,5.3040166021421618],[-73.262850633568249,5.3047605111512794],[-73.262393304516593,5.3047238729616462],[-73.262427394745984,5.305146903027369],[-73.261836176617706,5.3058353462769041],[-73.261100324608961,5.3058949258044148],[-73.261064961923154,5.3054560964468855],[-73.261491051426944,5.3049599386321686],[-73.261753422325256,5.3049809576768867],[-73.26229269598258,5.3041171217046807],[-73.263510053290375,5.302557647861228],[-73.263480203381704,5.3021872448619121],[-73.264589554331295,5.3018824043140222],[-73.265365781071324,5.3017802614603262],[-73.265454518759029,5.301274336949426],[-73.265644380253448,5.3016606151729064],[-73.265365781071324,5.3017802614603262]],[[-73.251758204412056,5.2991461744652417],[-73.251758293473628,5.2993661556609402],[-73.251538834406418,5.299366244897362],[-73.251538923394094,5.2995862260952009],[-73.251319464245498,5.2995863152575247],[-73.251223912915904,5.2997105063679877],[-73.250832023532922,5.300013968636363],[-73.250052028488852,5.301139204307284],[-73.249536318056187,5.3015385447762835],[-73.249031330315034,5.3021948856049015],[-73.247675520299467,5.3032033138465469],[-73.246836016120795,5.302955455573831],[-73.247193944831892,5.3021838676316673],[-73.248343378561955,5.3014431958832358],[-73.248810477809201,5.3012513503246073],[-73.249001581874651,5.3010029687799438],[-73.249907422933063,5.3003709831810868],[-73.250756726918127,5.299682372459424],[-73.251319464245498,5.2995863152575247],[-73.25131937533547,5.2993663340559642],[-73.251538834406418,5.299366244897362],[-73.251538745422494,5.2991462636979358],[-73.251758204412056,5.2991461744652417],[-73.25244479130923,5.2979513614283338],[-73.25339546809262,5.2978744011834067],[-73.253192538349154,5.2983838352530412],[-73.252736116693498,5.2985882099759856],[-73.25276618713481,5.2989614434178902],[-73.251758204412056,5.2991461744652417]],[[-73.246051834313761,5.2980485627442393],[-73.246361013368869,5.2982623589962188],[-73.246091509725531,5.2987983383834738],[-73.24591440082034,5.2986103928101427],[-73.246051834313761,5.2980485627442393]],[[-73.240565450862462,5.2982707005749718],[-73.240833049319704,5.2983459029634838],[-73.240640682193899,5.2985388777442139],[-73.240565450862462,5.2982707005749718]],[[-73.228714586166376,5.2980552111502934],[-73.228982183323126,5.2981304187302563],[-73.228789812421283,5.2983233899895721],[-73.228714586166376,5.2980552111502934]],[[-73.225641761199157,5.29695643055756],[-73.22595093145793,5.2971702373481078],[-73.225743647177424,5.2983476424497136],[-73.225641761199157,5.29695643055756]],[[-73.228494803961979,5.2971753658588439],[-73.228780075571606,5.2972976105144252],[-73.228582890342324,5.2976752497516992],[-73.228494803961979,5.2971753658588439]],[[-73.228054516147154,5.2934358403649711],[-73.228355953555194,5.2936776232150518],[-73.227835300333169,5.294095865970414],[-73.228591437163175,5.2951168223450402],[-73.227898059621452,5.2969269786376119],[-73.228153925265488,5.2983975583343037],[-73.228593118580292,5.2991458526894739],[-73.228127732615079,5.2995406090285488],[-73.227644507042527,5.2987172891998773],[-73.227397761275924,5.2967347894209516],[-73.227797309561623,5.2953303026997558],[-73.227661087378522,5.294235811843734],[-73.227835300333169,5.294095865970414],[-73.22790889033935,5.2937297756883268],[-73.228054516147154,5.2934358403649711],[-73.227786921128569,5.2933606322807769],[-73.227979290886779,5.2931676613549579],[-73.228054516147154,5.2934358403649711]]]},"properties":{"OBJECTID":565,"Id":565,"gridcode":3,"Shape_Length":127378.92716771257,"Shape_Area":9344027.5066402275,"Sensibilidad":"Moderada"}},{"type":"Feature","id":566,"geometry":{"type":"Polygon","coordinates":[[[-73.264481866014677,5.2874818719651291],[-73.264188750232947,5.2876280780836717],[-73.263823595155586,5.2877021334166727],[-73.263823688282656,5.2879221144836128],[-73.264482052729662,5.287921834077105],[-73.264481866014677,5.2874818719651291]]]},"properties":{"OBJECTID":566,"Id":566,"gridcode":2,"Shape_Length":223.37061501813014,"Shape_Area":2464.8943139258981,"Sensibilidad":"Baja"}},{"type":"Feature","id":567,"geometry":{"type":"Polygon","coordinates":[[[-73.240561116129527,5.287051647731869],[-73.240395113799792,5.2873867293878858],[-73.240657303861838,5.2877854549463663],[-73.240854351620698,5.2872002033826035],[-73.240561116129527,5.287051647731869]]]},"properties":{"OBJECTID":567,"Id":567,"gridcode":3,"Shape_Length":198.75024932556562,"Shape_Area":2171.9630610051695,"Sensibilidad":"Moderada"}},{"type":"Feature","id":568,"geometry":{"type":"Polygon","coordinates":[[[-73.232441282040526,5.2870547435520026],[-73.232516508346023,5.2873229220217119],[-73.232708874791882,5.2871299497360145],[-73.232441282040526,5.2870547435520026]]]},"properties":{"OBJECTID":568,"Id":568,"gridcode":3,"Shape_Length":91.707227125857997,"Shape_Area":404.52015695125635,"Sensibilidad":"Moderada"}},{"type":"Feature","id":569,"geometry":{"type":"Polygon","coordinates":[[[-73.23990249738678,5.2863919582607126],[-73.239902582048899,5.2866119397433229],[-73.240122036812807,5.2866118548373988],[-73.240121952073252,5.2863918733583457],[-73.23990249738678,5.2863919582607126]]]},"properties":{"OBJECTID":569,"Id":569,"gridcode":3,"Shape_Length":97.228480624035001,"Shape_Area":590.83609027864679,"Sensibilidad":"Moderada"}},{"type":"Feature","id":570,"geometry":{"type":"Polygon","coordinates":[[[-73.23836631448178,5.2863925504037086],[-73.238441543212062,5.2866607280504025],[-73.238633907546628,5.2864677540142093],[-73.23836631448178,5.2863925504037086]]]},"properties":{"OBJECTID":570,"Id":570,"gridcode":3,"Shape_Length":91.707227124302804,"Shape_Area":404.52015693745608,"Sensibilidad":"Moderada"}},{"type":"Feature","id":571,"geometry":{"type":"Polygon","coordinates":[[[-73.232879781194441,5.2859546709548617],[-73.232260025868058,5.2861143443085004],[-73.230684692697636,5.2875224709386108],[-73.230466674644589,5.2883753702605327],[-73.230828223374573,5.2884682318779159],[-73.23130634538623,5.2892036240265519],[-73.229938666040042,5.2898255902773306],[-73.229589419916152,5.2899155672546199],[-73.229443714573378,5.2899895212821493],[-73.229006506293317,5.2908627351365878],[-73.228931536742479,5.2912357004767285],[-73.229268844749257,5.291133765140553],[-73.229691187112181,5.2904573035156668],[-73.23027516101611,5.2902534655551117],[-73.230602403804724,5.2909878602179345],[-73.23144984865209,5.290675553528783],[-73.23167769009892,5.2906938192386743],[-73.233250166966357,5.2904074206324605],[-73.233201008180401,5.28979702846663],[-73.234012226816219,5.2891521582266492],[-73.234519196419214,5.2903809982805736],[-73.2330321755407,5.2910467939112795],[-73.233483453366659,5.2924357210231587],[-73.233861434066199,5.2919956153524765],[-73.234536048926202,5.2917917391745597],[-73.235295858860738,5.2914532986826313],[-73.235436826210943,5.2912484725895821],[-73.236303307446818,5.2909231048211778],[-73.236485498814133,5.2904344545129023],[-73.236941434389607,5.2905367287843372],[-73.237638219041727,5.2903798709076595],[-73.238677052347469,5.2907022138454982],[-73.239603766766336,5.2908832430486177],[-73.239527789823597,5.2912235797750178],[-73.239793200533072,5.2916085890812337],[-73.240687388709148,5.2918091615184926],[-73.240871939163753,5.2915410041937614],[-73.241001727826102,5.291451106269097],[-73.241316560647306,5.2908211686856443],[-73.241979413639143,5.2913996706791711],[-73.242318380882224,5.2912306114589258],[-73.242439394763721,5.2906734373664612],[-73.241528486165905,5.2903989168306973],[-73.241563956590838,5.2899542508430946],[-73.241118078440977,5.2884718453952768],[-73.240885309461589,5.2884906861080418],[-73.239364499608087,5.2878493724498572],[-73.238703139983613,5.2877963606366887],[-73.23812091977068,5.288474289083112],[-73.237115783489415,5.2880353388202446],[-73.237809914922138,5.2874354138953619],[-73.237346101400817,5.2867945649864678],[-73.236712288336193,5.2865113546629976],[-73.236372481846743,5.2861162988275749],[-73.235619767608,5.2873219490089651],[-73.234622964198707,5.287402617991221],[-73.233505557189233,5.2866090670236714],[-73.233201252170559,5.2871562689539342],[-73.232907724490786,5.2878163240915086],[-73.231681517626541,5.287506071376467],[-73.231884521724155,5.2871567625861156],[-73.232879781194441,5.2859546709548617]],[[-73.233758424774507,5.2881541566123307],[-73.233965107103046,5.2878648694693497],[-73.236044649084477,5.2882819578648492],[-73.235304139262695,5.2885434741067625],[-73.23432520382363,5.2882457840960795],[-73.233758424774507,5.2881541566123307],[-73.233666851129414,5.288282331344246],[-73.233155656972812,5.2886498926245409],[-73.232658086684793,5.2893463198266168],[-73.232166116484919,5.2886200540091615],[-73.23276139757985,5.2882409050093635],[-73.233003993248204,5.2882888610417575],[-73.233196963852365,5.2880187692750997],[-73.233758424774507,5.2881541566123307]],[[-73.239904191307957,5.290791587616849],[-73.240171786441664,5.2908667904590638],[-73.239979421308249,5.2910597649849844],[-73.239904191307957,5.290791587616849]],[[-73.239684311841657,5.2896917652142461],[-73.240212997388582,5.2900573617287519],[-73.239876476979049,5.2904411639671665],[-73.239684311841657,5.2896917652142461]],[[-73.237269878358518,5.2885927862139059],[-73.23739973544275,5.2886825840167315],[-73.237758468078937,5.2892029793559745],[-73.239211216349773,5.2895760897483726],[-73.23836774304975,5.29012712699451],[-73.237639652625134,5.2896522691072247],[-73.236741609338949,5.2893158263461117],[-73.236920717804693,5.288902748761064],[-73.237180295241117,5.2887229545233314],[-73.237269878358518,5.2885927862139059]]]},"properties":{"OBJECTID":571,"Id":571,"gridcode":3,"Shape_Length":7550.7858842603382,"Shape_Area":442010.57044323912,"Sensibilidad":"Moderada"}},{"type":"Feature","id":572,"geometry":{"type":"Polygon","coordinates":[[[-73.238804971097665,5.285732437097816],[-73.238805055361894,5.2859524186028199],[-73.239024509911303,5.2859523340956613],[-73.239024425569639,5.2857323525942066],[-73.238804971097665,5.285732437097816]]]},"properties":{"OBJECTID":572,"Id":572,"gridcode":3,"Shape_Length":97.228480622172356,"Shape_Area":590.83609025600913,"Sensibilidad":"Moderada"}},{"type":"Feature","id":573,"geometry":{"type":"Polygon","coordinates":[[[-73.235512987398309,5.2852937322178892],[-73.235457224697612,5.2854577762157389],[-73.23469109840002,5.2855699839857824],[-73.234360117887817,5.2858981547817923],[-73.232879781194441,5.2859546709548617],[-73.231884521724155,5.2871567625861156],[-73.231681517626541,5.287506071376467],[-73.232907724490786,5.2878163240915086],[-73.233201252170559,5.2871562689539342],[-73.233505557189233,5.2866090670236714],[-73.234622964198707,5.287402617991221],[-73.235619767608,5.2873219490089651],[-73.236372481846743,5.2861162988275749],[-73.236712288336193,5.2865113546629976],[-73.237346101400817,5.2867945649864678],[-73.237809914922138,5.2874354138953619],[-73.237115783489415,5.2880353388202446],[-73.23812091977068,5.288474289083112],[-73.238703139983613,5.2877963606366887],[-73.239364499608087,5.2878493724498572],[-73.240885309461589,5.2884906861080418],[-73.241118078440977,5.2884718453952768],[-73.241563956590838,5.2899542508430946],[-73.241528486165905,5.2903989168306973],[-73.242439394763721,5.2906734373664612],[-73.242318380882224,5.2912306114589258],[-73.242585976451096,5.2913058132358941],[-73.242393611970371,5.2914987884803741],[-73.242318380882224,5.2912306114589258],[-73.241979413639143,5.2913996706791711],[-73.241316560647306,5.2908211686856443],[-73.241001727826102,5.291451106269097],[-73.241806812313641,5.291747107734623],[-73.242830247691529,5.2919921659901004],[-73.243710737043401,5.2905818225668542],[-73.2439556295122,5.2899194457393799],[-73.242206809429661,5.2893924021676062],[-73.241996371041736,5.2886927703465973],[-73.241557648137686,5.2883141836241165],[-73.242435031569727,5.2880490149370702],[-73.242536552603468,5.2879308043544535],[-73.242446869452877,5.2878007054256928],[-73.241666520853641,5.2875083637183602],[-73.240704221019584,5.2867613761460825],[-73.240122036812807,5.2866118548373988],[-73.239902582048899,5.2866119397433229],[-73.23990249738678,5.2863919582607126],[-73.239373821239937,5.2860420469200529],[-73.239024509911303,5.2859523340956613],[-73.238805055361894,5.2859524186028199],[-73.238804971097665,5.285732437097816],[-73.237943284450083,5.2853932595718636],[-73.235512987398309,5.2852937322178892]],[[-73.232441282040526,5.2870547435520026],[-73.232708874791882,5.2871299497360145],[-73.232516508346023,5.2873229220217119],[-73.232441282040526,5.2870547435520026]],[[-73.242756950623956,5.2903505140876659],[-73.243491068689593,5.2904458437164683],[-73.242905763745824,5.2906334516322557],[-73.242756950623956,5.2903505140876659]],[[-73.240561116129527,5.287051647731869],[-73.240854351620698,5.2872002033826035],[-73.240657303861838,5.2877854549463663],[-73.240395113799792,5.2873867293878858],[-73.240561116129527,5.287051647731869]],[[-73.23836631448178,5.2863925504037086],[-73.238633907546628,5.2864677540142093],[-73.238441543212062,5.2866607280504025],[-73.23836631448178,5.2863925504037086]]]},"properties":{"OBJECTID":573,"Id":573,"gridcode":2,"Shape_Length":5167.2863733682116,"Shape_Area":251981.14253457898,"Sensibilidad":"Baja"}},{"type":"Feature","id":574,"geometry":{"type":"Polygon","coordinates":[[[-73.235512987398309,5.2852937322178892],[-73.233377903091949,5.2854153650020343],[-73.232879781194441,5.2859546709548617],[-73.234360117887817,5.2858981547817923],[-73.23469109840002,5.2855699839857824],[-73.235457224697612,5.2854577762157389],[-73.235512987398309,5.2852937322178892]]]},"properties":{"OBJECTID":574,"Id":574,"gridcode":3,"Shape_Length":638.63260580894212,"Shape_Area":11391.819455883731,"Sensibilidad":"Moderada"}}]}